path,hash,reason,kept,labels
01_AUGUSTUS/side_a/Augustus 1298.jpg,1115f74d12f536b2443f55e87193d7a6d5163dba33829b82e44a7b17f5a7e116,duplicate,01_AUGUSTUS/side_a/Augustus 1298 (1).jpg,AUGUSTUS
01_AUGUSTUS/side_a/Augustus 155.jpg,f19483e0f57a61324c2559b46359593b255fe1cab547fa517042b3a68dd0930d,label_conflict,,AUGUSTUS|CALIGULA
03_CALIGULA/side_a/caligula 37-4159 (1).jpg,f19483e0f57a61324c2559b46359593b255fe1cab547fa517042b3a68dd0930d,label_conflict,,AUGUSTUS|CALIGULA
01_AUGUSTUS/side_a/image00314 (1).jpg,0b4264ed150caee46603e734242a805b4e3044cdcd1ad390aca72175e57b606e,duplicate,01_AUGUSTUS/side_a/image00275.jpg,AUGUSTUS
01_AUGUSTUS/side_a/image00292.jpg,e42c7b773b794e10ab800a9189775f420260a173be336d937215ab37ca1d774a,duplicate,01_AUGUSTUS/side_a/image00292 (1).jpg,AUGUSTUS
01_AUGUSTUS/side_a/image00418.jpg,e05774da5ad081fa5ddf89cf1b20b387b5355b2e9b5391b7b3e7f58eb7cefcb5,duplicate,01_AUGUSTUS/side_a/image00327 (1).jpg,AUGUSTUS
01_AUGUSTUS/side_a/image00471 (1).jpg,c35109a5e2f293939284f2a2391d11825ac645aa26fcfa26b47dd79cbde9dca3,duplicate,01_AUGUSTUS/side_a/image00359.jpg,AUGUSTUS
01_AUGUSTUS/side_a/image00451.jpg,70284b9a920665d34311a1932dd2d5515c52d38e61f70cb5d83e0eb57554fa9b,duplicate,01_AUGUSTUS/side_a/image00389 (1).jpg,AUGUSTUS
01_AUGUSTUS/side_a/image00412.jpg,211d9958263d46090c78fdd5212c1c317c67853a76daa2235a918b504bbbdc0b,duplicate,01_AUGUSTUS/side_a/image00389.jpg,AUGUSTUS
01_AUGUSTUS/side_a/image00465 (4).jpg,cc4b6588c6e536d4a4ffc146c159a8ace0b7c1b64e187f54c24a40e1434ec5db,duplicate,01_AUGUSTUS/side_a/image00465 (2).jpg,AUGUSTUS
01_AUGUSTUS/side_a/image00467 (3).jpg,2ccf437d69ac0283cebac168d7df1f7fa26c50c4244f713794fe02ce09162ebd,duplicate,01_AUGUSTUS/side_a/image00467 (1).jpg,AUGUSTUS
01_AUGUSTUS/side_a/image00495 (1).jpg,296430e2c376254ee7b9d2dfa3adf7e6a64156fda09dce50dd6f9999d86bec97,duplicate,01_AUGUSTUS/side_a/image00492 (3).jpg,AUGUSTUS
01_AUGUSTUS/side_a/image00563 (1).jpg,e44dc7f8950e1b80d0dcf491c721f56f947e0a40be1859e2c9b4cd7ec2945294,duplicate,01_AUGUSTUS/side_a/image00508.jpg,AUGUSTUS
01_AUGUSTUS/side_a/image00544.jpg,862928f319e8211f60201da0099725cb6e9e512b9707f85db76e17c118a33076,duplicate,01_AUGUSTUS/side_a/image00539.jpg,AUGUSTUS
01_AUGUSTUS/side_a/image00605.jpg,2c8b26b02cb8f33beb123fb930dff325feb41ed2209fd8b9c23ff27ef93b93ef,duplicate,01_AUGUSTUS/side_a/image00602 (1).jpg,AUGUSTUS
01_AUGUSTUS/side_a/image24074.jpg,fa543b6cfd427ad9658b970abe5d22353b7da5a5b1449b586fc3f108a7a34201,label_conflict,,AUGUSTUS|TIBERIUS
02_TIBERIUS/side_a/image24074.jpg,fa543b6cfd427ad9658b970abe5d22353b7da5a5b1449b586fc3f108a7a34201,label_conflict,,AUGUSTUS|TIBERIUS
02_TIBERIUS/side_a/tiberius04.jpg,250fdd0106aa9ce206e10d2c966f2dfa923ce718585fd758c62bd084c02739cb,duplicate,02_TIBERIUS/side_a/tiberius004 (1).jpg,TIBERIUS
02_TIBERIUS/side_a/tiberius05.jpg,231a93af6384acc11b352b61215faf1c56f89b51fdc565af908c8c5cb0b05a6a,duplicate,02_TIBERIUS/side_a/tiberius005 (1).jpg,TIBERIUS
02_TIBERIUS/side_a/tiberius16.jpg,3533215ebc63e0d2add0f239e0c6dd61dcd8bb223769e9cd5e01a61bea0808b4,duplicate,02_TIBERIUS/side_a/tiberius017 (1).jpg,TIBERIUS
02_TIBERIUS/side_a/tiberius17.jpg,9d690ccecfd21ad3695e282823193f3f18fb3ed4dd39e570f077500c3d20d15d,duplicate,02_TIBERIUS/side_a/tiberius018 (1).jpg,TIBERIUS
02_TIBERIUS/side_a/tiberius15.jpg,ea44f3fc18b77a9c73012ee1bd5e1b65ae7aa5d5a4c9385b88b329c9eb28bf52,label_conflict,,TIBERIUS|VESPASIAN
09_VESPASIAN/side_a/11100677.jpg,ea44f3fc18b77a9c73012ee1bd5e1b65ae7aa5d5a4c9385b88b329c9eb28bf52,label_conflict,,TIBERIUS|VESPASIAN
03_CALIGULA/side_a/image00509 (1).jpg,ecdca26a12ba6a228ce2d666833c8f6c3966b2ae070256aa8d6b50b28bf5cfcc,duplicate,03_CALIGULA/side_a/image00476 (1).jpg,CALIGULA
04_CLAUDIUS/side_a/image00083.jpg,047e9a20b2168f80f976e1332f51595df801d828271cf09a498313d12dd09f19,duplicate,04_CLAUDIUS/side_a/image00054.jpg,CLAUDIUS
04_CLAUDIUS/side_a/image00277 (1).jpg,047e9a20b2168f80f976e1332f51595df801d828271cf09a498313d12dd09f19,duplicate,04_CLAUDIUS/side_a/image00054.jpg,CLAUDIUS
04_CLAUDIUS/side_a/image00403 (2).jpg,4269c0321fe9896c8995d905b1f588b0203b454ed67af9f3ae5c6d1defb39be0,duplicate,04_CLAUDIUS/side_a/image00275 (2).jpg,CLAUDIUS
04_CLAUDIUS/side_a/image00329 (2).jpg,7e4b204acb238a3b5140b6fdec69208aece3f8b2061e33caee2e72845183fc93,duplicate,04_CLAUDIUS/side_a/image00328 (3).jpg,CLAUDIUS
05_NERO/side_a/image01478.jpg,7598bd881d8002f33cb9b34c955abebb9289c5985df442fcec58fa2b8946315d,label_conflict,,DOMITIAN|GALBA|NERO|VESPASIAN
06_GALBA/side_a/image01478.jpg,7598bd881d8002f33cb9b34c955abebb9289c5985df442fcec58fa2b8946315d,label_conflict,,DOMITIAN|GALBA|NERO|VESPASIAN
09_VESPASIAN/side_a/image01478.jpg,7598bd881d8002f33cb9b34c955abebb9289c5985df442fcec58fa2b8946315d,label_conflict,,DOMITIAN|GALBA|NERO|VESPASIAN
11_DOMITIAN/side_a/image01478.jpg,7598bd881d8002f33cb9b34c955abebb9289c5985df442fcec58fa2b8946315d,label_conflict,,DOMITIAN|GALBA|NERO|VESPASIAN
06_GALBA/side_a/galba 68-69104.jpg,d2d35af62d5b8b55699577f4fe9c01ae896b7121309fe1c8070efc2c28b21fc8,label_conflict,,GALBA|VESPASIAN
09_VESPASIAN/side_a/87000986.jpg,d2d35af62d5b8b55699577f4fe9c01ae896b7121309fe1c8070efc2c28b21fc8,label_conflict,,GALBA|VESPASIAN
06_GALBA/side_a/galba 68-69274.jpg,ce0b461c17aebaf53367696560012f0ffff30b6654d2bc7e6d55c701f8397dfe,duplicate,06_GALBA/side_a/galba 68-69274(1).jpg,GALBA
06_GALBA/side_a/image00182.jpg,a4e3b9b831ae6fc058a0161bd04bc957e8078064260555ae2a36dce853383a9e,label_conflict,,GALBA|TITUS
10_TITUS/side_a/image00182.jpg,a4e3b9b831ae6fc058a0161bd04bc957e8078064260555ae2a36dce853383a9e,label_conflict,,GALBA|TITUS
06_GALBA/side_a/image04137.jpg,5fe1c637126ab7f0065dce0a87b2693b6618de25d65f485dc4b07dbf5cfb315a,duplicate,06_GALBA/side_a/image03577.jpg,GALBA
06_GALBA/side_a/image24113.jpg,de08abcc950dd1a10c82962bf9b38ab03e0ae91582b6edff75802824ba3c9086,label_conflict,,GALBA|VESPASIAN
09_VESPASIAN/side_a/image24113.jpg,de08abcc950dd1a10c82962bf9b38ab03e0ae91582b6edff75802824ba3c9086,label_conflict,,GALBA|VESPASIAN
07_OTHO/side_a/image23562.jpg,eb158fa3a3b6adfe93971e2079ab6341dc54c209830199aa8ab57e3712d37721,label_conflict,,OTHO|VITELLIUS
08_VITELLIUS/side_a/image23562.jpg,eb158fa3a3b6adfe93971e2079ab6341dc54c209830199aa8ab57e3712d37721,label_conflict,,OTHO|VITELLIUS
08_VITELLIUS/side_a/image00376 (1).jpg,3b5fb20f1ad3fca4471d2ecad54d2be5daf56bb77a2d556f89feec140e477ff1,label_conflict,,VESPASIAN|VITELLIUS
09_VESPASIAN/side_a/image00376 (1).jpg,3b5fb20f1ad3fca4471d2ecad54d2be5daf56bb77a2d556f89feec140e477ff1,label_conflict,,VESPASIAN|VITELLIUS
08_VITELLIUS/side_a/image00634.jpg,569d130b277ac50a2e6ba15ce653d5a995061378c2098dea1591395c10777672,duplicate,08_VITELLIUS/side_a/image00634 (1).jpg,VITELLIUS
08_VITELLIUS/side_a/image01090.jpg,66b44d986dd95a0b7c6f0b61bd965323e8627824eaff0c3c1a56acda26344644,duplicate,08_VITELLIUS/side_a/image00663.jpg,VITELLIUS
08_VITELLIUS/side_a/image00769.jpg,dd53f13a47c92a7a5e845b0d3b653a8c6ae63a7cd48a4b8cfe3bb541adb4356c,label_conflict,,VESPASIAN|VITELLIUS
09_VESPASIAN/side_a/image00769.jpg,dd53f13a47c92a7a5e845b0d3b653a8c6ae63a7cd48a4b8cfe3bb541adb4356c,label_conflict,,VESPASIAN|VITELLIUS
08_VITELLIUS/side_a/image00975.jpg,1a5615cd068c86d0ff15d6fa50c7b62a375adfbbf7fa9635c1ffa626a805b570,label_conflict,,VESPASIAN|VITELLIUS
09_VESPASIAN/side_a/image00975.jpg,1a5615cd068c86d0ff15d6fa50c7b62a375adfbbf7fa9635c1ffa626a805b570,label_conflict,,VESPASIAN|VITELLIUS
08_VITELLIUS/side_a/image02537.jpg,ab3c4a8f2f005d9420800cdb97748f857bf95c018512cd5ddaedefd146c6c3e6,label_conflict,,VESPASIAN|VITELLIUS
09_VESPASIAN/side_a/image02537.jpg,ab3c4a8f2f005d9420800cdb97748f857bf95c018512cd5ddaedefd146c6c3e6,label_conflict,,VESPASIAN|VITELLIUS
08_VITELLIUS/side_a/image05203.jpg,b934baac6466721dc8e21a1777db7175603676bb9e1c9636b24ca7007610f54b,label_conflict,,VESPASIAN|VITELLIUS
09_VESPASIAN/side_a/image05203.jpg,b934baac6466721dc8e21a1777db7175603676bb9e1c9636b24ca7007610f54b,label_conflict,,VESPASIAN|VITELLIUS
08_VITELLIUS/side_a/image22109.jpg,f0163b9887218f580aacb2b9effc518800240ffb256f7fea4fbe715b719390d2,label_conflict,,VESPASIAN|VITELLIUS
09_VESPASIAN/side_a/image22109.jpg,f0163b9887218f580aacb2b9effc518800240ffb256f7fea4fbe715b719390d2,label_conflict,,VESPASIAN|VITELLIUS
08_VITELLIUS/side_a/image22115.jpg,d8b32beb6e3ced56c0aaffd2a4538c8356719e49505bbc95c28e73060a345098,label_conflict,,VESPASIAN|VITELLIUS
09_VESPASIAN/side_a/image22115 (2).jpg,d8b32beb6e3ced56c0aaffd2a4538c8356719e49505bbc95c28e73060a345098,label_conflict,,VESPASIAN|VITELLIUS
09_VESPASIAN/side_a/image22115.jpg,d8b32beb6e3ced56c0aaffd2a4538c8356719e49505bbc95c28e73060a345098,label_conflict,,VESPASIAN|VITELLIUS
08_VITELLIUS/side_a/image23943.jpg,ee32c2f96cf1fd43af9c46187d6af993e8cf18fe240f5b3ed3ced725cde7eb4f,label_conflict,,VESPASIAN|VITELLIUS
09_VESPASIAN/side_a/image23943.jpg,ee32c2f96cf1fd43af9c46187d6af993e8cf18fe240f5b3ed3ced725cde7eb4f,label_conflict,,VESPASIAN|VITELLIUS
08_VITELLIUS/side_a/image24662.jpg,b85c885600c05186a1a7ecbde3bdcbbb340694ac0c2c4f92ce8386d2896d65e1,label_conflict,,VESPASIAN|VITELLIUS
09_VESPASIAN/side_a/image24662.jpg,b85c885600c05186a1a7ecbde3bdcbbb340694ac0c2c4f92ce8386d2896d65e1,label_conflict,,VESPASIAN|VITELLIUS
08_VITELLIUS/side_a/image30099.jpg,0d80f7a9c31ba89a78016c498fc6f3e700e791ae07fa5fc37c73041ea3e09bad,label_conflict,,VESPASIAN|VITELLIUS
09_VESPASIAN/side_a/image30099.jpg,0d80f7a9c31ba89a78016c498fc6f3e700e791ae07fa5fc37c73041ea3e09bad,label_conflict,,VESPASIAN|VITELLIUS
08_VITELLIUS/side_a/image30269.jpg,a0d99626159b95bcd0da3824ddd1d9d197bc232ea85a9bfbc0515fd0da775e55,label_conflict,,VESPASIAN|VITELLIUS
09_VESPASIAN/side_a/image30269.jpg,a0d99626159b95bcd0da3824ddd1d9d197bc232ea85a9bfbc0515fd0da775e55,label_conflict,,VESPASIAN|VITELLIUS
08_VITELLIUS/side_a/image30292.jpg,d34e02c0487685e2a8c20785e7e67be355b26024c0451fac62f97ee6501d8c9f,label_conflict,,VESPASIAN|VITELLIUS
09_VESPASIAN/side_a/image30292.jpg,d34e02c0487685e2a8c20785e7e67be355b26024c0451fac62f97ee6501d8c9f,label_conflict,,VESPASIAN|VITELLIUS
08_VITELLIUS/side_a/image31043.jpg,d07fa577d0220e0ff4f2fa04977774ab80dbc465563688f47aaa781d602749d8,duplicate,08_VITELLIUS/side_a/image31043 (1).jpg,VITELLIUS
08_VITELLIUS/side_a/image31044.jpg,65459d09dfb454cf04dcf6ed0f203a03b52d53e518a906bd40b093746a4962ef,duplicate,08_VITELLIUS/side_a/image31044 (1).jpg,VITELLIUS
09_VESPASIAN/side_a/4-DRD9B.jpg,be222410e55b6261b76eab9cbafe05c2f815a01b434bcd1aa6f1ef74b16928b8,label_conflict,,TITUS|VESPASIAN
10_TITUS/side_a/4-DRD9B.jpg,be222410e55b6261b76eab9cbafe05c2f815a01b434bcd1aa6f1ef74b16928b8,label_conflict,,TITUS|VESPASIAN
09_VESPASIAN/side_a/531562.jpg,4933f34a761dbd31dc9540c585dddfce5639d6d31de52af5cef321e10ad7198e,label_conflict,,TITUS|VESPASIAN
10_TITUS/side_a/531562.jpg,4933f34a761dbd31dc9540c585dddfce5639d6d31de52af5cef321e10ad7198e,label_conflict,,TITUS|VESPASIAN
09_VESPASIAN/side_a/601591.jpg,ecba4cfde848d6e4f97962127278a2eb669ff658819cc7524c1d08b4cde2aafa,label_conflict,,TITUS|VESPASIAN
10_TITUS/side_a/601591.jpg,ecba4cfde848d6e4f97962127278a2eb669ff658819cc7524c1d08b4cde2aafa,label_conflict,,TITUS|VESPASIAN
09_VESPASIAN/side_a/611685.jpg,5e3117941a6ea9820dfbc1e27943778263df62474d485efef8af50f12cad84e9,label_conflict,,TITUS|VESPASIAN
10_TITUS/side_a/611685.jpg,5e3117941a6ea9820dfbc1e27943778263df62474d485efef8af50f12cad84e9,label_conflict,,TITUS|VESPASIAN
09_VESPASIAN/side_a/611696.jpg,9a204e95fdaa0ce5aaf110d97d0c3a735e194276d1aecb1e9fc28a87666577db,label_conflict,,TITUS|VESPASIAN
10_TITUS/side_a/611696.jpg,9a204e95fdaa0ce5aaf110d97d0c3a735e194276d1aecb1e9fc28a87666577db,label_conflict,,TITUS|VESPASIAN
09_VESPASIAN/side_a/641020.jpg,327442d6c68e1405b06b89daee79889d22199529602eed9ba3c2b165e6bf26f7,label_conflict,,TITUS|VESPASIAN
10_TITUS/side_a/641020.jpg,327442d6c68e1405b06b89daee79889d22199529602eed9ba3c2b165e6bf26f7,label_conflict,,TITUS|VESPASIAN
09_VESPASIAN/side_a/641022.jpg,d6c9132eeb9cb983da2d0b771f707e07b54eb7f059bb29799fa7152eb46ef218,label_conflict,,TITUS|VESPASIAN
10_TITUS/side_a/641022.jpg,d6c9132eeb9cb983da2d0b771f707e07b54eb7f059bb29799fa7152eb46ef218,label_conflict,,TITUS|VESPASIAN
09_VESPASIAN/side_a/74000601.jpg,609697b75a3d238cf58b5439697fc15093107a1c8fb635016c4f9348dd0dcf4e,label_conflict,,TITUS|VESPASIAN
10_TITUS/side_a/74000601.jpg,609697b75a3d238cf58b5439697fc15093107a1c8fb635016c4f9348dd0dcf4e,label_conflict,,TITUS|VESPASIAN
09_VESPASIAN/side_a/92001068.jpg,0f540dabd1a2a8b6c61a220a83bca5a3687c5c4a99eb0045be5a2c7d60416858,label_conflict,,TITUS|VESPASIAN
10_TITUS/side_a/92001068.jpg,0f540dabd1a2a8b6c61a220a83bca5a3687c5c4a99eb0045be5a2c7d60416858,label_conflict,,TITUS|VESPASIAN
09_VESPASIAN/side_a/image00901.jpg,ffae4e6a591fe95f5e174cdace3762a8fdb96af65f8705a892acaf134ab7f177,duplicate,09_VESPASIAN/side_a/RIC_0936.jpg,VESPASIAN
09_VESPASIAN/side_a/image00077.jpg,86729015b7710f6d76e3f9ac2f75af062a2a52bcffed07663a721d1515f4af13,label_conflict,,TITUS|VESPASIAN
10_TITUS/side_a/image00077.jpg,86729015b7710f6d76e3f9ac2f75af062a2a52bcffed07663a721d1515f4af13,label_conflict,,TITUS|VESPASIAN
09_VESPASIAN/side_a/image00698.jpg,57cdf1a216273e29e2f565195d2ecaf386643730d6ccc2428dbefadf3de0a5e6,duplicate,09_VESPASIAN/side_a/image00496 (1).jpg,VESPASIAN
09_VESPASIAN/side_a/image04435.jpg,14b790489eb8a269e7023e325581e323aca81169e2f69e325597a86264f669a3,duplicate,09_VESPASIAN/side_a/image03584.jpg,VESPASIAN
09_VESPASIAN/side_a/image22113.jpg,d543c4cb42b4bf0f9eb65c12681ef177ef5c7f0cce6e0eab8e654712177cd8b7,duplicate,09_VESPASIAN/side_a/image22113 (1).jpg,VESPASIAN
09_VESPASIAN/side_a/image22114.jpg,ef1e407a3509963fb4886c131a028e195b33163af1736618ab9df77a8bbb7dae,duplicate,09_VESPASIAN/side_a/image22114 (1).jpg,VESPASIAN
09_VESPASIAN/side_a/image24115.jpg,3636e5fdbf8f933aa23b8327b722efba1439dc1c3bded1fc6fd9ef36bee2e6e2,duplicate,09_VESPASIAN/side_a/image24115 (1).jpg,VESPASIAN
09_VESPASIAN/side_a/image24116.jpg,89e78036f1032ebbf1d81c51cd711de742b679963fe2bc967adc66ff959935e1,duplicate,09_VESPASIAN/side_a/image24116 (1).jpg,VESPASIAN
09_VESPASIAN/side_a/image24117.jpg,69170132f8381be20a7fae9e9645919cb2bef901baa0731883435d45a75a1ca2,duplicate,09_VESPASIAN/side_a/image24117 (1).jpg,VESPASIAN
09_VESPASIAN/side_a/image24118.jpg,3facbb047caadeea157d228ecec85d5a168ee0a5e8df73dcd1bf6dcce21266a1,duplicate,09_VESPASIAN/side_a/image24118 (1).jpg,VESPASIAN
09_VESPASIAN/side_a/image24119.jpg,6077eb8f8d492ad9e85c87164b8055d9013732bed422ff070ccf1236c1408162,duplicate,09_VESPASIAN/side_a/image24119 (1).jpg,VESPASIAN
09_VESPASIAN/side_a/image24175.jpg,583f6dc2d2b0a5a12c4ca8336d76b70596539f99abba0d7f59d6e7cda7c88f17,duplicate,09_VESPASIAN/side_a/image24175 (1).jpg,VESPASIAN
09_VESPASIAN/side_a/image24182.jpg,04283834524edaafe2f83ce4884be0edf9c5b12b922da7eef6f4ed8941489f00,duplicate,09_VESPASIAN/side_a/image24182 (1).jpg,VESPASIAN
09_VESPASIAN/side_a/image24183.jpg,70e1e19c8b0e80091d217cb7a6b28fbd5eb81b61f36f97ab21083da5fc33b3cb,duplicate,09_VESPASIAN/side_a/image24183 (1).jpg,VESPASIAN
09_VESPASIAN/side_a/image25177.jpg,37874f28838e31b76bbc370e0419ffed88d98e7f05f680b9e04725dd28534e0c,duplicate,09_VESPASIAN/side_a/image25177 (1).jpg,VESPASIAN
09_VESPASIAN/side_a/image25179.jpg,33cab3c486619b5f283013c6000074d1f0aebce73ccdad5dcb239dac0b7c4efe,duplicate,09_VESPASIAN/side_a/image25179 (1).jpg,VESPASIAN
09_VESPASIAN/side_a/image25182.jpg,3549bc935a7dcf9751247e88b36b17a6f956420fe43833106f5e25b88cbd0005,duplicate,09_VESPASIAN/side_a/image25182 (1).jpg,VESPASIAN
09_VESPASIAN/side_a/image25184.jpg,6602b375700cb5d414ee639f28a1f0ef5dfdc893d8e0a2a68d38204555430920,duplicate,09_VESPASIAN/side_a/image25184 (1).jpg,VESPASIAN
09_VESPASIAN/side_a/image25185.jpg,2037cdbafd6cd246c9abd4c69643f942a2f35b69393330acabd9001bc0614679,duplicate,09_VESPASIAN/side_a/image25185 (1).jpg,VESPASIAN
09_VESPASIAN/side_a/image25186.jpg,6f0227900565e92fd676fac7208075850c78e57eee076ffe254bad2ddd3745a2,duplicate,09_VESPASIAN/side_a/image25186 (1).jpg,VESPASIAN
09_VESPASIAN/side_a/image25199.jpg,5e793d8eeefedac725664e47838f7f6b60419a1710183654117f78c912bf692d,duplicate,09_VESPASIAN/side_a/image25199 (1).jpg,VESPASIAN
09_VESPASIAN/side_a/image30097.jpg,8e1df5b82d4c35cfacd72902b43ae7067830615e99c0b97ec753f39bf912610c,duplicate,09_VESPASIAN/side_a/image30097 (1).jpg,VESPASIAN
09_VESPASIAN/side_a/image31045.jpg,1a907024382f0732302bc0d66d41c8ecd00f8e9d20bc36caa350c7ec6cc274a5,duplicate,09_VESPASIAN/side_a/image31045 (1).jpg,VESPASIAN
09_VESPASIAN/side_a/image32029.jpg,a5ff02d221123d8d410e1bc7b47fca445dab9d28e6b25edcf58fe560f2fe65c8,duplicate,09_VESPASIAN/side_a/image32029 (1).jpg,VESPASIAN
09_VESPASIAN/side_a/image97224.jpg,2b8918befeaa916f3e8348678df50580cbd5af13d9de0b47178196be0d88a66b,duplicate,09_VESPASIAN/side_a/image97196.jpg,VESPASIAN
10_TITUS/side_a/image20510.jpg,1ddcc4bfd54ab0c413880b05e80d7e9d32a7767111115d0193b47dd4f4c3906e,duplicate,10_TITUS/side_a/image20300.jpg,TITUS
10_TITUS/side_a/image27223.jpg,064a987373995891106629019ec03ed8f040318acc9fa1d0a07fcc282f1e4378,label_conflict,,DOMITIAN|TITUS
11_DOMITIAN/side_a/image27223.jpg,064a987373995891106629019ec03ed8f040318acc9fa1d0a07fcc282f1e4378,label_conflict,,DOMITIAN|TITUS
12_NERVA/side_a/11001062.jpg,48a314dafdd7df33a1aba5964a3b7dfbfe6ef94a44ff99ac5621eb5b16fc6a53,label_conflict,,NERVA|TRAJAN
13_TRAJAN/side_a/11001062.jpg,48a314dafdd7df33a1aba5964a3b7dfbfe6ef94a44ff99ac5621eb5b16fc6a53,label_conflict,,NERVA|TRAJAN
12_NERVA/side_a/2550303.jpg,d3253497c4809c654cf95cd77e71eebd89a4a3c7cb27e28b469159718ce9c677,duplicate,12_NERVA/side_a/2240526.jpg,NERVA
12_NERVA/side_a/86000705.jpg,a86441a2105abf61040e71f4c7b3df4723712465bf6b39020bb9b54ac4074d0b,label_conflict,,NERVA|TRAJAN
13_TRAJAN/side_a/86000705.jpg,a86441a2105abf61040e71f4c7b3df4723712465bf6b39020bb9b54ac4074d0b,label_conflict,,NERVA|TRAJAN
12_NERVA/side_a/90050237.jpg,cd4a0c0d8af28637f553ecde9ae842f339f1c0eafd7e4686ac1249022e245229,label_conflict,,NERVA|TRAJAN
13_TRAJAN/side_a/90050237.jpg,cd4a0c0d8af28637f553ecde9ae842f339f1c0eafd7e4686ac1249022e245229,label_conflict,,NERVA|TRAJAN
12_NERVA/side_a/image00301.jpg,48ff6d84f93601698919ce7d535121ebb5141f6514de92fb812be00009ccc845,duplicate,12_NERVA/side_a/image00082 (1).jpg,NERVA
12_NERVA/side_a/image00317 (1).jpg,25349359a7929c3c17b806d35c9994e76cad69b8afc71a4046c1005153fcb8cf,duplicate,12_NERVA/side_a/image00296.jpg,NERVA
12_NERVA/side_a/image00526 (1).jpg,028c4d32d856a729f6e29c78d58bd0e4d8d0b304a66ab58b9fb76aabc0e4ffa8,duplicate,12_NERVA/side_a/image00303 (1).jpg,NERVA
12_NERVA/side_a/image00780.jpg,68a837093a934bed63f140ada9a984000a1591206d8d289bb8a38d18c693361f,duplicate,12_NERVA/side_a/image00647.jpg,NERVA
12_NERVA/side_a/image32266.jpg,72aba5dd718528749abd941394d75190c739a90c02f656035ab4ed81919e5660,duplicate,12_NERVA/side_a/image32228.jpg,NERVA
13_TRAJAN/side_a/image00073.jpg,19dd0cdb63058302f09738ce3f91fb6160771a3222efa43cd4cd00a7251d5c9f,duplicate,13_TRAJAN/side_a/image00073 (2).jpg,TRAJAN
13_TRAJAN/side_a/image00172.jpg,2e3c6621301102704f9716acf51a316b519fbb9681579242444a459ca8950cf9,label_conflict,,HADRIAN|TRAJAN
14_HADRIAN/side_a/image00172.jpg,2e3c6621301102704f9716acf51a316b519fbb9681579242444a459ca8950cf9,label_conflict,,HADRIAN|TRAJAN
13_TRAJAN/side_a/image00298.jpg,a31dfc1afa43d38565c4a25b82f738c214a851058544c1ffa2d683f37c2a96be,label_conflict,,HADRIAN|TRAJAN
14_HADRIAN/side_a/image00298.jpg,a31dfc1afa43d38565c4a25b82f738c214a851058544c1ffa2d683f37c2a96be,label_conflict,,HADRIAN|TRAJAN
13_TRAJAN/side_a/image00315.jpg,cc12e84e2b58522fce0300170d77a8a1f085adf2953fbc9343df2774443fecf7,label_conflict,,HADRIAN|TRAJAN
14_HADRIAN/side_a/image00315.jpg,cc12e84e2b58522fce0300170d77a8a1f085adf2953fbc9343df2774443fecf7,label_conflict,,HADRIAN|TRAJAN
13_TRAJAN/side_a/image00445.jpg,97cb2cbab35e07a7fb6786e16a5db1538832252abb68e4e577d7b108621c1782,label_conflict,,HADRIAN|TRAJAN
14_HADRIAN/side_a/image00445 (3).jpg,97cb2cbab35e07a7fb6786e16a5db1538832252abb68e4e577d7b108621c1782,label_conflict,,HADRIAN|TRAJAN
13_TRAJAN/side_a/image00447.jpg,eb847fec7f76cb29e7e8fb6669e041f56b8a75ad5f0e86430a483d77a5eb5645,label_conflict,,HADRIAN|TRAJAN
14_HADRIAN/side_a/image00447 (2).jpg,eb847fec7f76cb29e7e8fb6669e041f56b8a75ad5f0e86430a483d77a5eb5645,label_conflict,,HADRIAN|TRAJAN
13_TRAJAN/side_a/image00487.jpg,ccd2c750bbd33dc1b07140848facbd52bab180851bad905cef05529c1b23cdd6,label_conflict,,HADRIAN|TRAJAN
14_HADRIAN/side_a/image00487.jpg,ccd2c750bbd33dc1b07140848facbd52bab180851bad905cef05529c1b23cdd6,label_conflict,,HADRIAN|TRAJAN
13_TRAJAN/side_a/image00489.jpg,5023d9c731e8078000d112b1bdb113c09c3ac725e4e266db0623b4f0c67722c2,label_conflict,,HADRIAN|TRAJAN
14_HADRIAN/side_a/image00489.jpg,5023d9c731e8078000d112b1bdb113c09c3ac725e4e266db0623b4f0c67722c2,label_conflict,,HADRIAN|TRAJAN
13_TRAJAN/side_a/image00495.jpg,933b0bfe9b4045d7138028506cb4a356b2afd690c0d44a9120b5113e4c6f8c09,label_conflict,,HADRIAN|TRAJAN
14_HADRIAN/side_a/image00495.jpg,933b0bfe9b4045d7138028506cb4a356b2afd690c0d44a9120b5113e4c6f8c09,label_conflict,,HADRIAN|TRAJAN
13_TRAJAN/side_a/image00503.jpg,7d8a7699fdb37e14cc8782f28613a618c0388cf1fc376ccbfeed083b88c77a5d,label_conflict,,HADRIAN|TRAJAN
14_HADRIAN/side_a/image00503.jpg,7d8a7699fdb37e14cc8782f28613a618c0388cf1fc376ccbfeed083b88c77a5d,label_conflict,,HADRIAN|TRAJAN
13_TRAJAN/side_a/image00608.jpg,77890cf49d7330cce4263c2eac46ddd0b1f27f63a538465b8f63c64c26a2196b,label_conflict,,HADRIAN|TRAJAN
14_HADRIAN/side_a/image00608.jpg,77890cf49d7330cce4263c2eac46ddd0b1f27f63a538465b8f63c64c26a2196b,label_conflict,,HADRIAN|TRAJAN
13_TRAJAN/side_a/image04145.jpg,d3841ab3667aaebfbcfa251bc1a1e06db0dddeae5490814fa61357ea3fbcbd28,duplicate,13_TRAJAN/side_a/image03600.jpg,TRAJAN
13_TRAJAN/side_a/image25925.jpg,569aa634f74fb88f8d492b62d0f4f5b6921a1336fe40a6444cec1776986a5983,label_conflict,,CARACALLA|TRAJAN
22_CARACALLA/side_a/image25925.jpg,569aa634f74fb88f8d492b62d0f4f5b6921a1336fe40a6444cec1776986a5983,label_conflict,,CARACALLA|TRAJAN
13_TRAJAN/side_a/image31080.jpg,49ed09f51d44d93f4901b2cd780eca9dddf108b9ca05ab5a28adc05aad72f7bd,label_conflict,,HADRIAN|TRAJAN
14_HADRIAN/side_a/image31080.jpg,49ed09f51d44d93f4901b2cd780eca9dddf108b9ca05ab5a28adc05aad72f7bd,label_conflict,,HADRIAN|TRAJAN
13_TRAJAN/side_a/image98072.jpg,b9a7712fbdcc578ee97769e77b926cd4b8b8526e19b6dd8519a54e7c5d59b964,label_conflict,,HADRIAN|TRAJAN
14_HADRIAN/side_a/image98072.jpg,b9a7712fbdcc578ee97769e77b926cd4b8b8526e19b6dd8519a54e7c5d59b964,label_conflict,,HADRIAN|TRAJAN
14_HADRIAN/side_a/image00234.jpg,6ce5c616be429f3d8412798aebeed9b9b79333237082cc439b7ff260c34321cb,duplicate,14_HADRIAN/side_a/image00106 (1).jpg,HADRIAN
14_HADRIAN/side_a/image00236 (3).jpg,50f83fcd3558f21f680e8eaefd6908d1e8cdef2558506770610dff055d9d6224,duplicate,14_HADRIAN/side_a/image00108.jpg,HADRIAN
14_HADRIAN/side_a/image32272.jpg,63d504ba81c98c8749d4de7db6adf372a1627abc0e751df735c6a1e4148ade21,duplicate,14_HADRIAN/side_a/image21048.jpg,HADRIAN
14_HADRIAN/side_a/image33255.jpg,63d504ba81c98c8749d4de7db6adf372a1627abc0e751df735c6a1e4148ade21,duplicate,14_HADRIAN/side_a/image21048.jpg,HADRIAN
14_HADRIAN/side_a/image97143.jpg,770fdd40aacb90774faa64a0f803c67c0a8d647ea17c4dbb85d74022c5b51d53,duplicate,14_HADRIAN/side_a/image32268 (1).jpg,HADRIAN
15_ANTONINUS PIUS/side_a/image00271.jpg,67fdb364707038be3fd0a1af383bee8d84dfe9d6a75dd1e13648a847ee9629ef,duplicate,15_ANTONINUS PIUS/side_a/image00087.jpg,ANTONINUS PIUS
15_ANTONINUS PIUS/side_a/image00219 (2).jpg,104d1c643bb17a81c8dfadd1b20ef66d941b31f44cd2d15180da0385f7cba440,duplicate,15_ANTONINUS PIUS/side_a/image00172 (2).jpg,ANTONINUS PIUS
15_ANTONINUS PIUS/side_a/image00340 (1).jpg,104d1c643bb17a81c8dfadd1b20ef66d941b31f44cd2d15180da0385f7cba440,duplicate,15_ANTONINUS PIUS/side_a/image00172 (2).jpg,ANTONINUS PIUS
16_MARCUS AURELIUS/side_a/112110.jpg,d3596e1ddd7eb9fd813829d98a31b6ccdaef4a3f4cdf6da899640472647deb6d,label_conflict,,LUCIUS VERUS|MARCUS AURELIUS
17_LUCIUS VERUS/side_a/112110.jpg,d3596e1ddd7eb9fd813829d98a31b6ccdaef4a3f4cdf6da899640472647deb6d,label_conflict,,LUCIUS VERUS|MARCUS AURELIUS
16_MARCUS AURELIUS/side_a/3950348.jpg,7122c73c9fe7b58731815ac59db169b20ceb9f0b9c152ea7fa6febf29a59285f,duplicate,16_MARCUS AURELIUS/side_a/3930251.jpg,MARCUS AURELIUS
16_MARCUS AURELIUS/side_a/3950349.jpg,de05e20199fc044297c2d3d6fe3ef6bd4339a33a010cb75f9f029587ef4beb89,duplicate,16_MARCUS AURELIUS/side_a/3930253.jpg,MARCUS AURELIUS
16_MARCUS AURELIUS/side_a/image00475.jpg,f429f5473af5540a0d413b814a8afa24e08a75007f70354589b0e099b869505c,label_conflict,,COMMODUS|MARCUS AURELIUS
18_COMMODUS/side_a/image00475.jpg,f429f5473af5540a0d413b814a8afa24e08a75007f70354589b0e099b869505c,label_conflict,,COMMODUS|MARCUS AURELIUS
16_MARCUS AURELIUS/side_a/image00477.jpg,321627b9180d1786907a27c81e7bb27050797fd553f7841a26bb7855f83a3540,label_conflict,,COMMODUS|MARCUS AURELIUS
18_COMMODUS/side_a/image00477 (1).jpg,321627b9180d1786907a27c81e7bb27050797fd553f7841a26bb7855f83a3540,label_conflict,,COMMODUS|MARCUS AURELIUS
16_MARCUS AURELIUS/side_a/image00482.jpg,c281f57cddbe2b4a3143fa88811411cf8ee0ee20b3ec7fdbee2b80dd64f72b95,label_conflict,,MARCUS AURELIUS|PERTINAX
19_PERTINAX/side_a/image00482.jpg,c281f57cddbe2b4a3143fa88811411cf8ee0ee20b3ec7fdbee2b80dd64f72b95,label_conflict,,MARCUS AURELIUS|PERTINAX
16_MARCUS AURELIUS/side_a/image00483.jpg,70e3db4a0fb9a71315dff8e8edc28439cc729a88ffb601e45d4a63518d4f42e3,label_conflict,,MARCUS AURELIUS|PERTINAX
19_PERTINAX/side_a/image00483.jpg,70e3db4a0fb9a71315dff8e8edc28439cc729a88ffb601e45d4a63518d4f42e3,label_conflict,,MARCUS AURELIUS|PERTINAX
16_MARCUS AURELIUS/side_a/image00484 (2).jpg,fbbf640a07398f839c3cb338a754bc0e408626744eabf9b416280fb6bd36e53c,label_conflict,,DIDIUS JULIANUS|MARCUS AURELIUS|SEPTIMUS SEVERUS
20_DIDIUS JULIANUS/side_a/image00484.jpg,fbbf640a07398f839c3cb338a754bc0e408626744eabf9b416280fb6bd36e53c,label_conflict,,DIDIUS JULIANUS|MARCUS AURELIUS|SEPTIMUS SEVERUS
21_SEPTIMUS SEVERUS/side_a/image00484.jpg,fbbf640a07398f839c3cb338a754bc0e408626744eabf9b416280fb6bd36e53c,label_conflict,,DIDIUS JULIANUS|MARCUS AURELIUS|SEPTIMUS SEVERUS
16_MARCUS AURELIUS/side_a/image00510.jpg,e8bfcbba494ba6d605ed8afb664ec5a179ac902476a61799324a6c46840660cd,label_conflict,,GETA|MARCUS AURELIUS
23_GETA/side_a/image00510.jpg,e8bfcbba494ba6d605ed8afb664ec5a179ac902476a61799324a6c46840660cd,label_conflict,,GETA|MARCUS AURELIUS
16_MARCUS AURELIUS/side_a/image00511.jpg,f6c5c7bc45bd9f6095221c5d8043fb7258292355d106753569ce9d6cabe367c3,label_conflict,,GETA|MARCUS AURELIUS
23_GETA/side_a/image00511.jpg,f6c5c7bc45bd9f6095221c5d8043fb7258292355d106753569ce9d6cabe367c3,label_conflict,,GETA|MARCUS AURELIUS
16_MARCUS AURELIUS/side_a/image00533 (2).jpg,a9dabe4de44fd4da629562aa9de92f5f049538002bd379c3c01793881188aeb2,label_conflict,,MARCUS AURELIUS|SEVERUS ALEXANDER
26_SEVERUS ALEXANDER/side_a/image00533 (1).jpg,a9dabe4de44fd4da629562aa9de92f5f049538002bd379c3c01793881188aeb2,label_conflict,,MARCUS AURELIUS|SEVERUS ALEXANDER
16_MARCUS AURELIUS/side_a/image00534 (2).jpg,55469c607a9aa6926010d686455eef67ba8e7a4cf0dae38ed7bdde8a22d5e920,label_conflict,,MARCUS AURELIUS|SEVERUS ALEXANDER
26_SEVERUS ALEXANDER/side_a/image00534 (1).jpg,55469c607a9aa6926010d686455eef67ba8e7a4cf0dae38ed7bdde8a22d5e920,label_conflict,,MARCUS AURELIUS|SEVERUS ALEXANDER
16_MARCUS AURELIUS/side_a/image00645 (2).jpg,7c0497bd56c74b46e1b2237b54bb1889dd633acbd0c5ff391e6f2ffa8cf4da66,label_conflict,,COMMODUS|MARCUS AURELIUS
18_COMMODUS/side_a/image00645.jpg,7c0497bd56c74b46e1b2237b54bb1889dd633acbd0c5ff391e6f2ffa8cf4da66,label_conflict,,COMMODUS|MARCUS AURELIUS
16_MARCUS AURELIUS/side_a/image00789.jpg,f654c7887e59c03ebdfebee6af9dd041775ddbf8ae1eb66e4e9185e24e8bcbdc,label_conflict,,COMMODUS|MARCUS AURELIUS
18_COMMODUS/side_a/image00789.jpg,f654c7887e59c03ebdfebee6af9dd041775ddbf8ae1eb66e4e9185e24e8bcbdc,label_conflict,,COMMODUS|MARCUS AURELIUS
16_MARCUS AURELIUS/side_a/image23402.jpg,6a8a13263c98475979b89eb9b3885f88b216b805dffe271529f0dac124fd91ba,label_conflict,,COMMODUS|MARCUS AURELIUS
18_COMMODUS/side_a/image23402.jpg,6a8a13263c98475979b89eb9b3885f88b216b805dffe271529f0dac124fd91ba,label_conflict,,COMMODUS|MARCUS AURELIUS
16_MARCUS AURELIUS/side_a/image26179.jpg,22fdafbd7dd8fefcd7f647fc42e7227f446f1b6403d1b3f15709f85473594783,duplicate,16_MARCUS AURELIUS/side_a/image25866.jpg,MARCUS AURELIUS
16_MARCUS AURELIUS/side_a/image26307.jpg,55e3427b0880c76adf8155048c8289645f647e3af8ee5c5b41deac4fb96fa95f,duplicate,16_MARCUS AURELIUS/side_a/image25912.jpg,MARCUS AURELIUS
16_MARCUS AURELIUS/side_a/image26306.jpg,e229b4231c4d2c020964695d634fc1df57074740c30074a9c2b9f2fe491a5422,duplicate,16_MARCUS AURELIUS/side_a/image25917.jpg,MARCUS AURELIUS
16_MARCUS AURELIUS/side_a/image30057.jpg,6341b6303bcd6227a5b1e31df9884c847450da28e28e74a8da240dfeb8876a32,label_conflict,,COMMODUS|MARCUS AURELIUS
18_COMMODUS/side_a/image30057.jpg,6341b6303bcd6227a5b1e31df9884c847450da28e28e74a8da240dfeb8876a32,label_conflict,,COMMODUS|MARCUS AURELIUS
16_MARCUS AURELIUS/side_a/image32047.jpg,7f0ce3a37d3c1008d42f05c3ec78577cf7f95180a754cd6bc2dee3380dcd6c1c,label_conflict,,COMMODUS|MARCUS AURELIUS
18_COMMODUS/side_a/image32047.jpg,7f0ce3a37d3c1008d42f05c3ec78577cf7f95180a754cd6bc2dee3380dcd6c1c,label_conflict,,COMMODUS|MARCUS AURELIUS
16_MARCUS AURELIUS/side_a/image32104.jpg,fea199c147358c07e1798065e790b3b7a05e2b3806747c2a5584d1b12264262d,label_conflict,,COMMODUS|MARCUS AURELIUS
18_COMMODUS/side_a/image32104.jpg,fea199c147358c07e1798065e790b3b7a05e2b3806747c2a5584d1b12264262d,label_conflict,,COMMODUS|MARCUS AURELIUS
17_LUCIUS VERUS/side_a/2880299.jpg,571b4c5bac4550ea689e88156fa955ebc604cbcfb74d373fbea4bf8133230d37,duplicate,17_LUCIUS VERUS/side_a/2840149.jpg,LUCIUS VERUS
17_LUCIUS VERUS/side_a/image00299.jpg,e4f0543f9acc42d865721ee9c6a46e2ab8ffa1aaf53c4b181c92510c16c0936d,duplicate,17_LUCIUS VERUS/side_a/image00149.jpg,LUCIUS VERUS
17_LUCIUS VERUS/side_a/image00285.jpg,59dc505582cb896dccc08250c9605d7383b4f941d8c6c36861fd1a9f75cd39d6,duplicate,17_LUCIUS VERUS/side_a/image00177.jpg,LUCIUS VERUS
17_LUCIUS VERUS/side_a/image00556.jpg,f61a921057689d22305eba160a54f1f484fe9a63a73d1614a2757faf0164b178,duplicate,17_LUCIUS VERUS/side_a/image00439.jpg,LUCIUS VERUS
18_COMMODUS/side_a/Commodus AD177-AD1920623.jpg,a0a681db51a48194335b9bcfddadd0473d2298349d7c73b8419bf78954ce0e28,duplicate,18_COMMODUS/side_a/Commodus 177-192001 (1).jpg,COMMODUS
18_COMMODUS/side_a/Commodus 177-192001 (3).jpg,1b699e3b1333df23456d313618e8fbfc98dd1001ea374ee448fb2400c519447e,label_conflict,,COMMODUS|PERTINAX
19_PERTINAX/side_a/pertinax 193 001 (1).jpg,1b699e3b1333df23456d313618e8fbfc98dd1001ea374ee448fb2400c519447e,label_conflict,,COMMODUS|PERTINAX
18_COMMODUS/side_a/Commodus AD177-AD1920571.jpg,9a57747e2cd2fc6506dc090491ee2fa0d813c0e7d9c9dd6c73b053b5b1e04ed8,duplicate,18_COMMODUS/side_a/Commodus 177-192001.jpg,COMMODUS
18_COMMODUS/side_a/Commodus 177-192002 (3).jpg,7df0b3c63927c0e38b7fffc65a73450894072bef6822cc6d62723d35de674b1b,label_conflict,,COMMODUS|PERTINAX
19_PERTINAX/side_a/pertinax 193 002 (1).jpg,7df0b3c63927c0e38b7fffc65a73450894072bef6822cc6d62723d35de674b1b,label_conflict,,COMMODUS|PERTINAX
18_COMMODUS/side_a/Commodus AD177-AD1920624.jpg,bd2b7e712a7a5b422cf8677df74aab38ddd75937ebf4f88b1c66495b39a3524e,duplicate,18_COMMODUS/side_a/Commodus 177-192003 (1).jpg,COMMODUS
18_COMMODUS/side_a/Commodus AD177-AD1920572.jpg,a3a89e0a7caf3459079dfe2375f6781e5e1caf60a181b422e96d79ff1b1605e3,duplicate,18_COMMODUS/side_a/Commodus 177-192003.jpg,COMMODUS
18_COMMODUS/side_a/Commodus AD177-AD1920625.jpg,83b03c505c6c907d335e348772289e66784c899fd98e90fb3da84a88e912ffb6,duplicate,18_COMMODUS/side_a/Commodus 177-192005 (1).jpg,COMMODUS
18_COMMODUS/side_a/Commodus 177-192005 (3).jpg,e80b4d5b93ce0681a9bf1485ab1f24f3c605406b1dcb5c251dda3950729e4a8c,label_conflict,,COMMODUS|PERTINAX
19_PERTINAX/side_a/pertinax 193 005 (1).jpg,e80b4d5b93ce0681a9bf1485ab1f24f3c605406b1dcb5c251dda3950729e4a8c,label_conflict,,COMMODUS|PERTINAX
18_COMMODUS/side_a/Commodus AD177-AD1920573.jpg,c0d2782c615860741f5d52302464d362bc09658b15dfbd69e20c1df64cb2d13f,duplicate,18_COMMODUS/side_a/Commodus 177-192005.jpg,COMMODUS
18_COMMODUS/side_a/Commodus 177-192006 (3).jpg,849672e7237e879b2f4a3c0111b11b8d2272021d3502400d0513df9b50af1899,label_conflict,,COMMODUS|PERTINAX
19_PERTINAX/side_a/pertinax 193 006 (1).jpg,849672e7237e879b2f4a3c0111b11b8d2272021d3502400d0513df9b50af1899,label_conflict,,COMMODUS|PERTINAX
18_COMMODUS/side_a/Commodus AD177-AD1920626.jpg,983777c175c433032dbc822da625198315b02e986b048daed19d6eb106a3f2a9,duplicate,18_COMMODUS/side_a/Commodus 177-192007 (1).jpg,COMMODUS
18_COMMODUS/side_a/Commodus AD177-AD1920574.jpg,a86744ab3890ce3fa0b4ee47f76a9c453574a058ddfcf642e1afd14c1bb66fa5,duplicate,18_COMMODUS/side_a/Commodus 177-192007.jpg,COMMODUS
18_COMMODUS/side_a/Commodus AD177-AD1920627.jpg,5f9a12cb73c314b00638ccbdd6b5f8759000e666b0c47234103f7df547ccb5b7,duplicate,18_COMMODUS/side_a/Commodus 177-192009 (1).jpg,COMMODUS
18_COMMODUS/side_a/Commodus 177-192009 (3).jpg,709210134147f5e5f08f81bd5de2020e093d11daac03ded5223a134e55c46a8c,label_conflict,,COMMODUS|PERTINAX
19_PERTINAX/side_a/pertinax 193 009 (1).jpg,709210134147f5e5f08f81bd5de2020e093d11daac03ded5223a134e55c46a8c,label_conflict,,COMMODUS|PERTINAX
18_COMMODUS/side_a/Commodus AD177-AD1920575.jpg,f4bf243a6a436346334ab114bfc52c953e2bfccfd67297486a9b14c4a92d1f68,duplicate,18_COMMODUS/side_a/Commodus 177-192009.jpg,COMMODUS
18_COMMODUS/side_a/Commodus 177-192010 (3).jpg,7317270c5193b95803fdf04750e8c1ef9f6bfdac6354bf4ef79eb017fd43aded,label_conflict,,COMMODUS|PERTINAX
19_PERTINAX/side_a/pertinax 193 010 (1).jpg,7317270c5193b95803fdf04750e8c1ef9f6bfdac6354bf4ef79eb017fd43aded,label_conflict,,COMMODUS|PERTINAX
18_COMMODUS/side_a/Commodus AD177-AD1920628.jpg,2788ac5af1719ab76c161185f84c352fa59de2ee918b46dc7d5faaae18ebc927,duplicate,18_COMMODUS/side_a/Commodus 177-192011 (1).jpg,COMMODUS
18_COMMODUS/side_a/Commodus AD177-AD1920576.jpg,44b037ea355b8730cc37ed37b76ed938af1d2eb153ad046447728cf35bbdac5e,duplicate,18_COMMODUS/side_a/Commodus 177-192011.jpg,COMMODUS
18_COMMODUS/side_a/Commodus AD177-AD1920629.jpg,f69c97c64008f2f095a0d935d0de35d6883aff276104a38196ac5f9fa3db9bf1,duplicate,18_COMMODUS/side_a/Commodus 177-192013 (1).jpg,COMMODUS
18_COMMODUS/side_a/Commodus AD177-AD1920577.jpg,faaa2fdbe074d081b98c52841ac7ef2cc15d2f7cd7b9bec9bd1bdf909b6dd7f3,duplicate,18_COMMODUS/side_a/Commodus 177-192013.jpg,COMMODUS
18_COMMODUS/side_a/Commodus AD177-AD1920630.jpg,a2458f723e7aa46061d8f55c77c8a6af3acad292710749329f64e936e6862ad3,duplicate,18_COMMODUS/side_a/Commodus 177-192015 (1).jpg,COMMODUS
18_COMMODUS/side_a/Commodus AD177-AD1920578.jpg,e19d028e476e499ae6aca3dc1aaa6259fa3bf951d777fed4417c35d2a5a87896,duplicate,18_COMMODUS/side_a/Commodus 177-192015.jpg,COMMODUS
18_COMMODUS/side_a/Commodus AD177-AD1920631.jpg,c83104b9bf7b9a235bf1c524e326ec87a540da54b67901191c2378ac486a5701,duplicate,18_COMMODUS/side_a/Commodus 177-192017 (1).jpg,COMMODUS
18_COMMODUS/side_a/Commodus AD177-AD1920579.jpg,145861b88f85f5253f1df98e4673630b1cc56251e3e0b6a52a3de4bc52d79532,duplicate,18_COMMODUS/side_a/Commodus 177-192017.jpg,COMMODUS
18_COMMODUS/side_a/Commodus AD177-AD1920632.jpg,554c9e6fb8ee612860387f6eedebd6c00496cb4dbb97cf69ebcfd63eafb68adb,duplicate,18_COMMODUS/side_a/Commodus 177-192019 (1).jpg,COMMODUS
18_COMMODUS/side_a/Commodus AD177-AD1920580.jpg,d42cc871e55ae0c89c5fb091292f110b25b84acfa2e953ce554438bb7e9572c4,duplicate,18_COMMODUS/side_a/Commodus 177-192019.jpg,COMMODUS
18_COMMODUS/side_a/Commodus AD177-AD1920633.jpg,64d8620b7054aeda21de06880b064b5e8861a8f9c0a2cdf7c25c34d71e677190,duplicate,18_COMMODUS/side_a/Commodus 177-192021 (1).jpg,COMMODUS
18_COMMODUS/side_a/Commodus 177-192021 (3).jpg,3a224713d835ff90e11a14a929dd69cca886478819a98163610c2c48f2424cd0,label_conflict,,COMMODUS|PERTINAX
19_PERTINAX/side_a/pertinax 193 021 (1).jpg,3a224713d835ff90e11a14a929dd69cca886478819a98163610c2c48f2424cd0,label_conflict,,COMMODUS|PERTINAX
18_COMMODUS/side_a/Commodus AD177-AD1920581.jpg,0c29e09a94f21f8919953cbc0e24c8b00ee104c144a02157e3ba48b590e36fb7,duplicate,18_COMMODUS/side_a/Commodus 177-192021.jpg,COMMODUS
18_COMMODUS/side_a/Commodus 177-192022 (3).jpg,7bb916046c5fd85774950bd38cba4d1daacb4b81c5d2cc702d592770ab43e4d0,label_conflict,,COMMODUS|PERTINAX
19_PERTINAX/side_a/pertinax 193 022 (1).jpg,7bb916046c5fd85774950bd38cba4d1daacb4b81c5d2cc702d592770ab43e4d0,label_conflict,,COMMODUS|PERTINAX
18_COMMODUS/side_a/Commodus AD177-AD1920634.jpg,884b301b2e50e63df878e65d829ef07057f9774a7f4719a60b3b6a505e59ef85,duplicate,18_COMMODUS/side_a/Commodus 177-192023 (1).jpg,COMMODUS
18_COMMODUS/side_a/Commodus 177-192023 (3).jpg,b03e16f2b4a611b95bfa5149c70aeff57e9500231f92ac95984b79cbc093364a,label_conflict,,COMMODUS|PERTINAX
19_PERTINAX/side_a/pertinax 193 023 (1).jpg,b03e16f2b4a611b95bfa5149c70aeff57e9500231f92ac95984b79cbc093364a,label_conflict,,COMMODUS|PERTINAX
18_COMMODUS/side_a/Commodus AD177-AD1920582.jpg,02f8d7f8b6498826056e5263e4179cb08ac720aebecb46c5fc6a0b8de5ec0e3d,duplicate,18_COMMODUS/side_a/Commodus 177-192023.jpg,COMMODUS
18_COMMODUS/side_a/Commodus AD177-AD1920583.jpg,5cfd281096b7352718d86af196c3755dd959473bcc12eed8957fd383a1bf9edf,duplicate,18_COMMODUS/side_a/Commodus 177-192025.jpg,COMMODUS
18_COMMODUS/side_a/Commodus AD177-AD1920584.jpg,aef52490d6ad7b0d4157ee97368c9a3978d4dd6028143fbb141bfccb2a2fe11a,duplicate,18_COMMODUS/side_a/Commodus 177-192027.jpg,COMMODUS
18_COMMODUS/side_a/Commodus AD177-AD1920585.jpg,3067d32dd0e3dd03fc98541d9be6137275c2702bccd8fb9db654565a991a001a,duplicate,18_COMMODUS/side_a/Commodus 177-192029.jpg,COMMODUS
18_COMMODUS/side_a/Commodus AD177-AD1920586.jpg,f66cb8fd1bc69ce85d9d552c01e721ffb30a1c010bff3832c2c6d940a9b6eaaf,duplicate,18_COMMODUS/side_a/Commodus 177-192031.jpg,COMMODUS
18_COMMODUS/side_a/Commodus AD177-AD1920587.jpg,2cbd9bb4577e219e039b9224ad3590fd9251ae6dcba4c1d3fc593b26783365be,duplicate,18_COMMODUS/side_a/Commodus 177-192033.jpg,COMMODUS
18_COMMODUS/side_a/Commodus AD177-AD1920588.jpg,d4dc9b94f45a9f345acbfec8847cb7583f267f575956feaa12c530418b0f2ee8,duplicate,18_COMMODUS/side_a/Commodus 177-192035.jpg,COMMODUS
18_COMMODUS/side_a/Commodus AD177-AD1920589.jpg,bd28ae01381a0bd5f1c881131435f748cbb507768b9f17c21dbee68f40846c58,duplicate,18_COMMODUS/side_a/Commodus 177-192037.jpg,COMMODUS
18_COMMODUS/side_a/Commodus AD177-AD1920590.jpg,c7bf5a3177e3a683a987a4f8c61eeefe55f7b42cf531be738f932b30731ea9e1,duplicate,18_COMMODUS/side_a/Commodus 177-192039.jpg,COMMODUS
18_COMMODUS/side_a/Commodus AD177-AD1920591.jpg,713a40ce0bf5fd5bb2fa04ff6f8aa8e06f08eb8b83a4a842892a7ebbc3089c98,duplicate,18_COMMODUS/side_a/Commodus 177-192041.jpg,COMMODUS
18_COMMODUS/side_a/Commodus 177-192043 (2).jpg,8f2ad7eae4df5b7102ff739dd2fe0dcc57fb3b21c9428c78a2ff3b559d2501ac,label_conflict,,COMMODUS|PERTINAX
19_PERTINAX/side_a/pertinax 193 043 (1).jpg,8f2ad7eae4df5b7102ff739dd2fe0dcc57fb3b21c9428c78a2ff3b559d2501ac,label_conflict,,COMMODUS|PERTINAX
18_COMMODUS/side_a/Commodus AD177-AD1920592.jpg,e11fd90923e06886b96718175725bebd7949bb13ac996f4016a2e7e0c1387249,duplicate,18_COMMODUS/side_a/Commodus 177-192043.jpg,COMMODUS
18_COMMODUS/side_a/Commodus 177-192044 (2).jpg,a5fe877f0a88891db6f23154c51eef3a4ff2f6f2b34a5040d71bb22c88852493,label_conflict,,COMMODUS|PERTINAX
19_PERTINAX/side_a/pertinax 193 044 (1).jpg,a5fe877f0a88891db6f23154c51eef3a4ff2f6f2b34a5040d71bb22c88852493,label_conflict,,COMMODUS|PERTINAX
18_COMMODUS/side_a/Commodus AD177-AD1920593.jpg,023821d97a9261a98bbe4fb1ac93ef7cbb6775486ee10a6371529ff6d56f01f7,duplicate,18_COMMODUS/side_a/Commodus 177-192045.jpg,COMMODUS
18_COMMODUS/side_a/image00006.jpg,39b567ae9e441757ca70258e2d196ddc8adc1c0996a7bdc96e9da4cf85d3e34a,duplicate,18_COMMODUS/side_a/Commodus 177-192047 (1).jpg,COMMODUS
18_COMMODUS/side_a/Commodus AD177-AD1920594.jpg,c37e6ab6ef0c704f0435dbea55a4a4851a46369ac76937a0b4b6d2697615e62c,duplicate,18_COMMODUS/side_a/Commodus 177-192047.jpg,COMMODUS
18_COMMODUS/side_a/Commodus 177-192049 (2).jpg,77c7a450057b0df8aa3088282faf312c466063656a309df81c7b24fd811ef001,label_conflict,,COMMODUS|PERTINAX
19_PERTINAX/side_a/pertinax 193 049 (1).jpg,77c7a450057b0df8aa3088282faf312c466063656a309df81c7b24fd811ef001,label_conflict,,COMMODUS|PERTINAX
18_COMMODUS/side_a/Commodus AD177-AD1920595.jpg,2d2fe500c06730e522b13722138d90a403c02c0a7b0a44ea013c1aadf13a9df1,duplicate,18_COMMODUS/side_a/Commodus 177-192049.jpg,COMMODUS
18_COMMODUS/side_a/Commodus 177-192050 (2).jpg,6c2ba7811a99a4560bdf0f0510fbf791d4dff4f738b09a62feb63bb1c50b7d5f,label_conflict,,COMMODUS|PERTINAX
19_PERTINAX/side_a/pertinax 193 050 (1).jpg,6c2ba7811a99a4560bdf0f0510fbf791d4dff4f738b09a62feb63bb1c50b7d5f,label_conflict,,COMMODUS|PERTINAX
18_COMMODUS/side_a/Commodus 177-192051 (2).jpg,9de806c6a426b126702274432cd01ef6fffec1b7da673a2cf6c5125cbd9f1fe1,label_conflict,,COMMODUS|PERTINAX
19_PERTINAX/side_a/pertinax 193 051 (1).jpg,9de806c6a426b126702274432cd01ef6fffec1b7da673a2cf6c5125cbd9f1fe1,label_conflict,,COMMODUS|PERTINAX
18_COMMODUS/side_a/Commodus AD177-AD1920596.jpg,b8dce14fb48daa1ce079c065026d5231852c47e5ce8badadaf6ef72a0f414c1e,duplicate,18_COMMODUS/side_a/Commodus 177-192051.jpg,COMMODUS
18_COMMODUS/side_a/Commodus 177-192052 (2).jpg,f7a73403dc149896af40f711ea042d55ec2f04a1895dcf43782ae6165b90ed17,label_conflict,,COMMODUS|PERTINAX
19_PERTINAX/side_a/pertinax 193 052 (1).jpg,f7a73403dc149896af40f711ea042d55ec2f04a1895dcf43782ae6165b90ed17,label_conflict,,COMMODUS|PERTINAX
18_COMMODUS/side_a/Commodus 177-192053 (2).jpg,bb97348a9964daa201efb9b2f35daecc549aa0475c5b08f5c093abb7371ebb48,label_conflict,,COMMODUS|PERTINAX
19_PERTINAX/side_a/pertinax 193 053 (1).jpg,bb97348a9964daa201efb9b2f35daecc549aa0475c5b08f5c093abb7371ebb48,label_conflict,,COMMODUS|PERTINAX
18_COMMODUS/side_a/Commodus AD177-AD1920597.jpg,8cf2eb7e44f1c2ecc146ca0ffb02635a787f6b52f41407c9d9ff226fb20ab068,duplicate,18_COMMODUS/side_a/Commodus 177-192053.jpg,COMMODUS
18_COMMODUS/side_a/Commodus 177-192054 (2).jpg,d969b7f9927bf4f27ec4986c4d99fc3d7e9611cf1f2e051f1396e3895f7b0883,label_conflict,,COMMODUS|PERTINAX
19_PERTINAX/side_a/pertinax 193 054 (1).jpg,d969b7f9927bf4f27ec4986c4d99fc3d7e9611cf1f2e051f1396e3895f7b0883,label_conflict,,COMMODUS|PERTINAX
18_COMMODUS/side_a/Commodus AD177-AD1920598.jpg,45a458c887e6af0a9b530f179aa902872d41bf16a0ed3c263b720c9ab78bfd7e,duplicate,18_COMMODUS/side_a/Commodus 177-192055.jpg,COMMODUS
18_COMMODUS/side_a/Commodus AD177-AD1920599.jpg,4e457c061d67c4ec62f1308e7faaa1ad714970fe66744742edf8882cb7529222,duplicate,18_COMMODUS/side_a/Commodus 177-192057.jpg,COMMODUS
18_COMMODUS/side_a/Commodus AD177-AD1920600.jpg,0800cea7c0720515b05913133808478e34dfaebe005bea182a197196a9c64833,duplicate,18_COMMODUS/side_a/Commodus 177-192059.jpg,COMMODUS
18_COMMODUS/side_a/Commodus AD177-AD1920601.jpg,080deeb2d836c1ba8024d083b4533d968849bb45d0e2d4a398ef25148899ad30,duplicate,18_COMMODUS/side_a/Commodus 177-192061.jpg,COMMODUS
18_COMMODUS/side_a/Commodus 177-192063 (1).jpg,b82ac8c3af4cd47ed2668ba7e42f5f62e9121d4fbcf61aac29c5c28b0d2c1855,label_conflict,,COMMODUS|PERTINAX
19_PERTINAX/side_a/pertinax 193 063 (1).jpg,b82ac8c3af4cd47ed2668ba7e42f5f62e9121d4fbcf61aac29c5c28b0d2c1855,label_conflict,,COMMODUS|PERTINAX
18_COMMODUS/side_a/Commodus AD177-AD1920602.jpg,4dada3b6fdeb5e04a7d2df6c572a3991f945f3bee0e0d86e3fe4a4c5688e412c,duplicate,18_COMMODUS/side_a/Commodus 177-192063.jpg,COMMODUS
18_COMMODUS/side_a/Commodus 177-192064 (1).jpg,377e94b73fcafac78b1f7f3bfb540c16b46f7a2d39761551d35781b5e98d5dd2,label_conflict,,COMMODUS|PERTINAX
19_PERTINAX/side_a/pertinax 193 064 (1).jpg,377e94b73fcafac78b1f7f3bfb540c16b46f7a2d39761551d35781b5e98d5dd2,label_conflict,,COMMODUS|PERTINAX
18_COMMODUS/side_a/Commodus 177-192065 (1).jpg,0402fa662b0ef5a3e8ed73fa48d9c40816e65f187b893575437163a3f5520932,label_conflict,,COMMODUS|PERTINAX
19_PERTINAX/side_a/pertinax 193 065 (1).jpg,0402fa662b0ef5a3e8ed73fa48d9c40816e65f187b893575437163a3f5520932,label_conflict,,COMMODUS|PERTINAX
18_COMMODUS/side_a/Commodus AD177-AD1920603.jpg,cbc4ae5da98c466cafe09f98af12eeca086a85744aedcb8a158856a42aeb3f89,duplicate,18_COMMODUS/side_a/Commodus 177-192065.jpg,COMMODUS
18_COMMODUS/side_a/Commodus 177-192066 (1).jpg,7b1f071bd1e3f32f65a34c91da7a374f18de31e15be583e879aaf0ddd840627b,label_conflict,,COMMODUS|PERTINAX
19_PERTINAX/side_a/pertinax 193 066 (1).jpg,7b1f071bd1e3f32f65a34c91da7a374f18de31e15be583e879aaf0ddd840627b,label_conflict,,COMMODUS|PERTINAX
18_COMMODUS/side_a/Commodus 177-192067 (1).jpg,9851234bdcb26322d66db205669e6e2466b66e4d157de8981247cd8389bfe303,label_conflict,,COMMODUS|PERTINAX
19_PERTINAX/side_a/pertinax 193 067 (1).jpg,9851234bdcb26322d66db205669e6e2466b66e4d157de8981247cd8389bfe303,label_conflict,,COMMODUS|PERTINAX
18_COMMODUS/side_a/Commodus AD177-AD1920604.jpg,7334c27825f2a953578a1833fd8175415de4fcf8d16d32a5448860e4741e4d4e,duplicate,18_COMMODUS/side_a/Commodus 177-192067.jpg,COMMODUS
18_COMMODUS/side_a/Commodus 177-192068 (1).jpg,a2d61034bdc26f994e3a3285651378ce233b879268cce16a5be95c927ae6f7ce,label_conflict,,COMMODUS|PERTINAX
19_PERTINAX/side_a/pertinax 193 068 (1).jpg,a2d61034bdc26f994e3a3285651378ce233b879268cce16a5be95c927ae6f7ce,label_conflict,,COMMODUS|PERTINAX
18_COMMODUS/side_a/Commodus AD177-AD1920605.jpg,debf12e0a4b6f7bfc36ccbb0f38d6ba3d5913437685ce6cc2faa8b288a400f64,duplicate,18_COMMODUS/side_a/Commodus 177-192069.jpg,COMMODUS
18_COMMODUS/side_a/Commodus AD177-AD1920606.jpg,2e6b2dbafcdfd3cac3ed16c0de408162c9739f2cf3fb4baa73492a7d289996de,duplicate,18_COMMODUS/side_a/Commodus 177-192071.jpg,COMMODUS
18_COMMODUS/side_a/Commodus AD177-AD1920607.jpg,374e1359674d1ffdde42a0eda4ab678ee71381cf904141cdaed6eddebc446b2d,duplicate,18_COMMODUS/side_a/Commodus 177-192073.jpg,COMMODUS
18_COMMODUS/side_a/Commodus AD177-AD1920608.jpg,5f22560aeade2121d088db7b5621a95cd648fed2778985c38216dca126d55fb8,duplicate,18_COMMODUS/side_a/Commodus 177-192075.jpg,COMMODUS
18_COMMODUS/side_a/Commodus AD177-AD1920609.jpg,068eb6b5506ab857937b5e8c8974290befca8e1fe864ab091b53a5ed45aad8ac,duplicate,18_COMMODUS/side_a/Commodus 177-192077.jpg,COMMODUS
18_COMMODUS/side_a/Commodus AD177-AD1920610.jpg,2e2c34c20d567a60ba2d1ac5796e5a0579988092775ae99501acb2b922f76084,duplicate,18_COMMODUS/side_a/Commodus 177-192079.jpg,COMMODUS
18_COMMODUS/side_a/Commodus AD177-AD1920611.jpg,b2008e392b8359f65c9cc9fc953872ce3ff47ce37e69d99e96f486528fe1f5d0,duplicate,18_COMMODUS/side_a/Commodus 177-192081.jpg,COMMODUS
18_COMMODUS/side_a/Commodus AD177-AD1920612.jpg,16e9bfcf2aa9e204ada578ebf94571e0003ca2850245890f788ff98dc98b1548,duplicate,18_COMMODUS/side_a/Commodus 177-192083.jpg,COMMODUS
18_COMMODUS/side_a/Commodus AD177-AD1920613.jpg,7d0e8ca49b69f2ae8e816fd478049a2dc099b6118716ab49abc9addff3e70e08,duplicate,18_COMMODUS/side_a/Commodus 177-192085.jpg,COMMODUS
18_COMMODUS/side_a/Commodus AD177-AD1920614.jpg,e40635b410e7ef8ed561d5c59ade529ba861e95f6f32c05f1f1990b60e074b81,duplicate,18_COMMODUS/side_a/Commodus 177-192087.jpg,COMMODUS
18_COMMODUS/side_a/Commodus AD177-AD1920615.jpg,4533be13e3a492ed21e465035c170f354b8bef618ab70e09f3317bd99f686bdc,duplicate,18_COMMODUS/side_a/Commodus 177-192089.jpg,COMMODUS
18_COMMODUS/side_a/Commodus AD177-AD1920616.jpg,5007de006db67eaf83ccae4e26c929f81fc10961bee0fb585c23656abb0c177c,duplicate,18_COMMODUS/side_a/Commodus 177-192091.jpg,COMMODUS
18_COMMODUS/side_a/Commodus AD177-AD1920617.jpg,9f6ed6ca62dff3968ed4972cf8f928b838b087e83e16074840c54905a191deab,duplicate,18_COMMODUS/side_a/Commodus 177-192093.jpg,COMMODUS
18_COMMODUS/side_a/Commodus AD177-AD1920618.jpg,a69c0083b96ae70f113f0704c70b86bdcc77974626e6c135923f8022be7e5a1d,duplicate,18_COMMODUS/side_a/Commodus 177-192095.jpg,COMMODUS
18_COMMODUS/side_a/Commodus AD177-AD1920619.jpg,af8c5e1e4f768a5f46f3ed7854e18dde1428d1ae19075fa80090f89987e22153,duplicate,18_COMMODUS/side_a/Commodus 177-192097.jpg,COMMODUS
18_COMMODUS/side_a/Commodus AD177-AD1920620.jpg,31e4c3584779176e033dedee0380a890099a5ea656445d98b6076eb46d4dfc3f,duplicate,18_COMMODUS/side_a/Commodus 177-192099.jpg,COMMODUS
18_COMMODUS/side_a/Commodus AD177-AD1920621.jpg,ea51f88161cf5a04fae2f3818e6490a44951f4fc92d1bbeef4e6a6469339ea3a,duplicate,18_COMMODUS/side_a/Commodus 177-192101.jpg,COMMODUS
18_COMMODUS/side_a/Commodus AD177-AD1920622.jpg,58c87698676e2e53b486f4b357836dafc8147716c76e35208c26ce5a9927bbe7,duplicate,18_COMMODUS/side_a/Commodus 177-192103.jpg,COMMODUS
18_COMMODUS/side_a/Commodus 177-192113 (1).jpg,f6ea66aae9895aaf529f31848a3f3348bf3b4342223012f9c291358a713d8bc3,label_conflict,,COMMODUS|PERTINAX
19_PERTINAX/side_a/pertinax 193 113.jpg,f6ea66aae9895aaf529f31848a3f3348bf3b4342223012f9c291358a713d8bc3,label_conflict,,COMMODUS|PERTINAX
18_COMMODUS/side_a/Commodus 177-192114 (1).jpg,ae8be3cdd1694252d1390d01eb29bd63d20b579ac02d9db2fd6c58b30e8efa63,label_conflict,,COMMODUS|PERTINAX
19_PERTINAX/side_a/pertinax 193 114.jpg,ae8be3cdd1694252d1390d01eb29bd63d20b579ac02d9db2fd6c58b30e8efa63,label_conflict,,COMMODUS|PERTINAX
18_COMMODUS/side_a/Commodus 177-192119 (1).jpg,9ecc29436d4cf8bb02b47b2fce01691ff6aaf6b90652d0743a08ab87b2185ae6,label_conflict,,COMMODUS|PERTINAX
19_PERTINAX/side_a/pertinax 193 119.jpg,9ecc29436d4cf8bb02b47b2fce01691ff6aaf6b90652d0743a08ab87b2185ae6,label_conflict,,COMMODUS|PERTINAX
18_COMMODUS/side_a/Commodus 177-192120 (1).jpg,426cfa3bd283dbfb479e58027c140d65b7f0d96d7d16d9500c20b9dfe4dd0759,label_conflict,,COMMODUS|PERTINAX
19_PERTINAX/side_a/pertinax 193 120.jpg,426cfa3bd283dbfb479e58027c140d65b7f0d96d7d16d9500c20b9dfe4dd0759,label_conflict,,COMMODUS|PERTINAX
18_COMMODUS/side_a/Commodus 177-192121 (1).jpg,a4cc2e90fe75e5ae56703c1c5ce893c144e5bbbb608c045f11bae8559f201e83,label_conflict,,COMMODUS|PERTINAX
19_PERTINAX/side_a/pertinax 193 121.jpg,a4cc2e90fe75e5ae56703c1c5ce893c144e5bbbb608c045f11bae8559f201e83,label_conflict,,COMMODUS|PERTINAX
18_COMMODUS/side_a/Commodus 177-192122 (1).jpg,7e12a7b9b865212e15d032e169e1fc72fa7c9783856607483d9ec1d5a5954434,label_conflict,,COMMODUS|PERTINAX
19_PERTINAX/side_a/pertinax 193 122.jpg,7e12a7b9b865212e15d032e169e1fc72fa7c9783856607483d9ec1d5a5954434,label_conflict,,COMMODUS|PERTINAX
18_COMMODUS/side_a/Commodus 177-192144.jpg,bb4c03377e8e29891ab76bcc8c031b34a5d995b32132c65d8a1476f82e2eeb2b,duplicate,18_COMMODUS/side_a/Commodus 177-192123.jpg,COMMODUS
18_COMMODUS/side_a/Commodus 177-192145.jpg,903aee67a4c005844eb2c401d31fbf49bb2681a1292d190ad7c596c457b01e62,duplicate,18_COMMODUS/side_a/Commodus 177-192124.jpg,COMMODUS
18_COMMODUS/side_a/Commodus 177-192147.jpg,bc705f15388bc008e1fea3baed9bdd8835c693b59d66a56ec3fbfa7dda29c1f8,duplicate,18_COMMODUS/side_a/Commodus 177-192126.jpg,COMMODUS
18_COMMODUS/side_a/Commodus 177-192149.jpg,cdc4ee9ffa98222fa0338f76e49582f3913ef633e082ac134513d3a953083da7,duplicate,18_COMMODUS/side_a/Commodus 177-192128.jpg,COMMODUS
18_COMMODUS/side_a/Commodus 177-192151.jpg,f01338126a4bdec37661bcd941eabc056b917dffdef5bea30926212af7d6b699,duplicate,18_COMMODUS/side_a/Commodus 177-192130.jpg,COMMODUS
18_COMMODUS/side_a/Commodus 177-192152.jpg,bd13fa47ea6b00c79dab70d181093c3def24039105f11637734f02572c7ad527,duplicate,18_COMMODUS/side_a/Commodus 177-192131.jpg,COMMODUS
18_COMMODUS/side_a/Commodus 177-192154.jpg,28aba8e9d15927029cb63366c6975680daca4163927242c0935f5fb89f308689,duplicate,18_COMMODUS/side_a/Commodus 177-192133.jpg,COMMODUS
18_COMMODUS/side_a/Commodus 177-192155.jpg,ac69928ef124ae8836e87a19f2c60408a7e3c292bff12a2cf4d762b79be9f10c,duplicate,18_COMMODUS/side_a/Commodus 177-192134.jpg,COMMODUS
18_COMMODUS/side_a/Commodus 177-192135 (1).jpg,e77bff0e15041ee119abc57553f7b55934eeca2fb2fa15b9975f3b5682db58b1,label_conflict,,COMMODUS|PERTINAX
19_PERTINAX/side_a/pertinax 193 135.jpg,e77bff0e15041ee119abc57553f7b55934eeca2fb2fa15b9975f3b5682db58b1,label_conflict,,COMMODUS|PERTINAX
18_COMMODUS/side_a/Commodus 177-192156.jpg,794d20e761bea696df9ef283fce0eb46ca17ad12264d509886aa08feb5032fa2,duplicate,18_COMMODUS/side_a/Commodus 177-192135.jpg,COMMODUS
18_COMMODUS/side_a/Commodus 177-192136 (1).jpg,a0cd0cd16d1c03a8c9f5b4734f7fed0eb66f20cec5bcea4ca2984e3c27e5ddbe,label_conflict,,COMMODUS|PERTINAX
19_PERTINAX/side_a/pertinax 193 136.jpg,a0cd0cd16d1c03a8c9f5b4734f7fed0eb66f20cec5bcea4ca2984e3c27e5ddbe,label_conflict,,COMMODUS|PERTINAX
18_COMMODUS/side_a/Commodus 177-192157.jpg,993898bb736d607a569406d2a9f54af9427f56f90c631ea0b4eead2973cc246b,duplicate,18_COMMODUS/side_a/Commodus 177-192136.jpg,COMMODUS
18_COMMODUS/side_a/Commodus 177-192158.jpg,588aaf4b2e893d25bdbbd97f57c5f16b088b319d653b5a1ce70491e13e9fdef4,duplicate,18_COMMODUS/side_a/Commodus 177-192137.jpg,COMMODUS
18_COMMODUS/side_a/Commodus 177-192160.jpg,582c2da0a29cb4de248603c2702735325e2137ab94d9ee262eddadb06e9a7a46,duplicate,18_COMMODUS/side_a/Commodus 177-192139.jpg,COMMODUS
18_COMMODUS/side_a/Commodus 177-192161.jpg,d8fe1cf59eb088d5f88a335391395bebe3ba5272d8183b9a882e6ae5032e4bf0,duplicate,18_COMMODUS/side_a/Commodus 177-192140.jpg,COMMODUS
18_COMMODUS/side_a/Commodus 177-192163.jpg,848b1abc8985eef5759fb934bc253cc5a936e019ef723488c411ec2b97423502,duplicate,18_COMMODUS/side_a/Commodus 177-192142.jpg,COMMODUS
18_COMMODUS/side_a/Commodus 177-192164.jpg,d9a169cd1135268ba9abcf7ad978520237169e42c603e5abbbf591a7a2806031,duplicate,18_COMMODUS/side_a/Commodus 177-192143.jpg,COMMODUS
18_COMMODUS/side_a/Commodus 177-192145 (1).jpg,ad21680440dca881882a02c9c32d17b7d73c25981c1d38cefc96c6c72ec1aa0f,label_conflict,,COMMODUS|PERTINAX
19_PERTINAX/side_a/pertinax 193 145.jpg,ad21680440dca881882a02c9c32d17b7d73c25981c1d38cefc96c6c72ec1aa0f,label_conflict,,COMMODUS|PERTINAX
18_COMMODUS/side_a/Commodus 177-192146.jpg,ded9849f234bfb676ea40666ec93a9fb4973bb9b652f44c26c39a034e74c7a4d,label_conflict,,COMMODUS|PERTINAX
19_PERTINAX/side_a/pertinax 193 146.jpg,ded9849f234bfb676ea40666ec93a9fb4973bb9b652f44c26c39a034e74c7a4d,label_conflict,,COMMODUS|PERTINAX
18_COMMODUS/side_a/Commodus 177-192147 (1).jpg,4e41a3f001efbc6ac3b67cb88ae59bfc18a2b81ce9d34c0caabe2aabc5615b50,label_conflict,,COMMODUS|PERTINAX
19_PERTINAX/side_a/pertinax 193 147.jpg,4e41a3f001efbc6ac3b67cb88ae59bfc18a2b81ce9d34c0caabe2aabc5615b50,label_conflict,,COMMODUS|PERTINAX
18_COMMODUS/side_a/Commodus 177-192148 (1).jpg,77ee0da3c4893f673364ac1562f1011135e756471e199b2067dc45f3ed9b0d43,label_conflict,,COMMODUS|PERTINAX
19_PERTINAX/side_a/pertinax 193 148.jpg,77ee0da3c4893f673364ac1562f1011135e756471e199b2067dc45f3ed9b0d43,label_conflict,,COMMODUS|PERTINAX
18_COMMODUS/side_a/Commodus 177-192149 (1).jpg,01659da0e2abc2466c4dabe0743794378895b2615629de85227d00926371582a,label_conflict,,COMMODUS|PERTINAX
19_PERTINAX/side_a/pertinax 193 149.jpg,01659da0e2abc2466c4dabe0743794378895b2615629de85227d00926371582a,label_conflict,,COMMODUS|PERTINAX
18_COMMODUS/side_a/Commodus 177-192150 (1).jpg,e5d5570aacb264e4d7bc21f3049379d5985883a5cf058454c40d50e8565c4454,label_conflict,,COMMODUS|PERTINAX
19_PERTINAX/side_a/pertinax 193 150.jpg,e5d5570aacb264e4d7bc21f3049379d5985883a5cf058454c40d50e8565c4454,label_conflict,,COMMODUS|PERTINAX
18_COMMODUS/side_a/Commodus 177-192151 (1).jpg,3d21d847d0498583ecf968ce15835456c4efb1d64b334f4d3965b8178a4d77d0,label_conflict,,COMMODUS|PERTINAX
19_PERTINAX/side_a/pertinax 193 151.jpg,3d21d847d0498583ecf968ce15835456c4efb1d64b334f4d3965b8178a4d77d0,label_conflict,,COMMODUS|PERTINAX
18_COMMODUS/side_a/Commodus 177-192152 (1).jpg,f7d3ce32780fc276734dfc4a621505338fa1d4261a9e7098f0ba3f4d0ec2f47a,label_conflict,,COMMODUS|PERTINAX
19_PERTINAX/side_a/pertinax 193 152.jpg,f7d3ce32780fc276734dfc4a621505338fa1d4261a9e7098f0ba3f4d0ec2f47a,label_conflict,,COMMODUS|PERTINAX
18_COMMODUS/side_a/Commodus 177-192153 (1).jpg,ef1189dd05866d86fd0b5f0c222c20019061e172c53d14972ad600c44008e8c6,label_conflict,,COMMODUS|PERTINAX
19_PERTINAX/side_a/pertinax 193 153.jpg,ef1189dd05866d86fd0b5f0c222c20019061e172c53d14972ad600c44008e8c6,label_conflict,,COMMODUS|PERTINAX
18_COMMODUS/side_a/Commodus 177-192154 (1).jpg,fc239c549cdaf22ed512cc248a6c420c9d1f030824cf6a1fb16fb46a8d3f2ea7,label_conflict,,COMMODUS|PERTINAX
19_PERTINAX/side_a/pertinax 193 154.jpg,fc239c549cdaf22ed512cc248a6c420c9d1f030824cf6a1fb16fb46a8d3f2ea7,label_conflict,,COMMODUS|PERTINAX
18_COMMODUS/side_a/Commodus AD177-AD1923.jpg,d32629156ed4727979d132d22dffba469c2a5360b25f17bfe4bc1a078b90b454,duplicate,18_COMMODUS/side_a/Commodus AD177-AD1920004.jpg,COMMODUS
18_COMMODUS/side_a/image00868.jpg,38616428a18f94d375a62981b554c28063f14ae1df4d05de1a3cf7cfdadbd9cb,duplicate,18_COMMODUS/side_a/Commodus AD177-AD1920537.jpg,COMMODUS
18_COMMODUS/side_a/image00869.jpg,da761a69a7c2193e07d1125af754c60167ef279dc7d4ed6c417a1e40030702fa,duplicate,18_COMMODUS/side_a/Commodus AD177-AD1920538.jpg,COMMODUS
18_COMMODUS/side_a/image00870.jpg,33cc961c74673c4246ea3f0ed58f9c814538daf0242b4774d234b5c4f128dfd5,duplicate,18_COMMODUS/side_a/Commodus AD177-AD1920539.jpg,COMMODUS
18_COMMODUS/side_a/image25079 (1).jpg,db171386b530cb441060be5303877313fc37298ab47dd2edafcf0918ac754f52,duplicate,18_COMMODUS/side_a/Commodus AD177-AD1920541.jpg,COMMODUS
18_COMMODUS/side_a/image00215.jpg,a9da312b9819a4d41b7fe1d900804af1c1898942b359dace3967ae7f58e926b1,duplicate,18_COMMODUS/side_a/Commodus AD177-AD1920547.jpg,COMMODUS
18_COMMODUS/side_a/image00216.jpg,7191d2111b179505edc83ccfa21d84ceb946124ec1df9548d0dad20811918cab,duplicate,18_COMMODUS/side_a/Commodus AD177-AD1920548.jpg,COMMODUS
18_COMMODUS/side_a/image00218.jpg,07fc05cda875af5b947d405144077a79c6a8f540aca17916e95744a54b1de675,duplicate,18_COMMODUS/side_a/Commodus AD177-AD1920550.jpg,COMMODUS
18_COMMODUS/side_a/image00319.jpg,49f65ced6b4ffb6a058613e42618a8824fd1c412ae3e799445c62399b5a4e3fd,duplicate,18_COMMODUS/side_a/Commodus AD177-AD1920554.jpg,COMMODUS
18_COMMODUS/side_a/image00593 (1).jpg,f45aae0db3b175dda35c82c0ff705dac34d7a69713989e4683cdf383fe1e1743,duplicate,18_COMMODUS/side_a/Commodus AD177-AD1920557.jpg,COMMODUS
18_COMMODUS/side_a/image00219.jpg,f028d341dbe05c17a0992b1138934d5b1091d3c03620133b2e1cfe461a2e811b,duplicate,18_COMMODUS/side_a/Commodus AD177-AD1920560.jpg,COMMODUS
18_COMMODUS/side_a/image00220.jpg,c6e9d211bca54289ecbabad5327e54638d7da6adc7880affbaa40e9de4748c16,duplicate,18_COMMODUS/side_a/Commodus AD177-AD1920561.jpg,COMMODUS
18_COMMODUS/side_a/image00221.jpg,05ba2a85724593dda4e7b274f5228442131746dc6969ad40e86a643492cddc71,duplicate,18_COMMODUS/side_a/Commodus AD177-AD1920562.jpg,COMMODUS
18_COMMODUS/side_a/image00222.jpg,0dde463666b9ab69d215f46ad21ffa06af8338fd8aa189fe0b5cd5593ad38bf8,duplicate,18_COMMODUS/side_a/Commodus AD177-AD1920563.jpg,COMMODUS
18_COMMODUS/side_a/image00223.jpg,2d6fbe5a5ca2cbb9497e18cceccf9bd3ea7e1134b7612eb733caf4550f05ca23,duplicate,18_COMMODUS/side_a/Commodus AD177-AD1920564.jpg,COMMODUS
18_COMMODUS/side_a/image00232.jpg,c7ac78b48ab49a2ed1271174421b672c975fb4f3ebac845d2e605a33cb0a5c66,duplicate,18_COMMODUS/side_a/Commodus AD177-AD1920565.jpg,COMMODUS
18_COMMODUS/side_a/image00233.jpg,c9670ca9e6148b7c82c24a291e5d24a5786526f030d12d9ef180b5462fe41824,duplicate,18_COMMODUS/side_a/Commodus AD177-AD1920566.jpg,COMMODUS
18_COMMODUS/side_a/image00234.jpg,6c1878fd7226d9fabc73d57779ed1c7a1a44a03499be113aff86a128acfdb6ff,duplicate,18_COMMODUS/side_a/Commodus AD177-AD1920567.jpg,COMMODUS
18_COMMODUS/side_a/image00235.jpg,03d73a6f345569f08fc0ae82a4f635c3fa85ba7bd3af031a969c0900405d3539,duplicate,18_COMMODUS/side_a/Commodus AD177-AD1920568.jpg,COMMODUS
18_COMMODUS/side_a/image00236.jpg,5e5281efbace8e1903bc9f15a6716a3b619809f4091c3d9abb4cfb2277011542,duplicate,18_COMMODUS/side_a/Commodus AD177-AD1920569.jpg,COMMODUS
18_COMMODUS/side_a/image00237.jpg,2beea9b194b4d50558638598a60c3151667a20ea41c4749679ecbeab83e1f021,duplicate,18_COMMODUS/side_a/Commodus AD177-AD1920570.jpg,COMMODUS
18_COMMODUS/side_a/image00237 (1).jpg,9a95dc39dd134f53f3e671b79a6d65a0fde8ec27df230e1d742c7d574fa385b9,duplicate,18_COMMODUS/side_a/image00167 (1).jpg,COMMODUS
18_COMMODUS/side_a/image02689.jpg,400cad3736ff6c5b67a4733561c594568d6be101c0f02c2e529f3a008f23c971,label_conflict,,COMMODUS|GALLIENUS
39_GALLIENUS/side_a/image02689.jpg,400cad3736ff6c5b67a4733561c594568d6be101c0f02c2e529f3a008f23c971,label_conflict,,COMMODUS|GALLIENUS
19_PERTINAX/side_a/image00021.jpg,088ee106fb642028036425f6dc7f88fff2398e9a71053da316cf32ac816b2685,label_conflict,,DIDIUS JULIANUS|PERTINAX|SEPTIMUS SEVERUS
20_DIDIUS JULIANUS/side_a/image00021.jpg,088ee106fb642028036425f6dc7f88fff2398e9a71053da316cf32ac816b2685,label_conflict,,DIDIUS JULIANUS|PERTINAX|SEPTIMUS SEVERUS
21_SEPTIMUS SEVERUS/side_a/image00021.jpg,088ee106fb642028036425f6dc7f88fff2398e9a71053da316cf32ac816b2685,label_conflict,,DIDIUS JULIANUS|PERTINAX|SEPTIMUS SEVERUS
19_PERTINAX/side_a/image00055.jpg,79e7a6a75748e5515211c003fcbddfa7af00e59504cf4acc11f87773817cc407,label_conflict,,GETA|PERTINAX
19_PERTINAX/side_a/pertinax 193 045.jpg,79e7a6a75748e5515211c003fcbddfa7af00e59504cf4acc11f87773817cc407,label_conflict,,GETA|PERTINAX
23_GETA/side_a/Geta AD209-AD21102.jpg,79e7a6a75748e5515211c003fcbddfa7af00e59504cf4acc11f87773817cc407,label_conflict,,GETA|PERTINAX
23_GETA/side_a/image00055.jpg,79e7a6a75748e5515211c003fcbddfa7af00e59504cf4acc11f87773817cc407,label_conflict,,GETA|PERTINAX
19_PERTINAX/side_a/pertinax 193 079.jpg,93d2843a3c50f0362a610ec1ddbbb7ab2cea192393e13a5ce451356f06b8a462,duplicate,19_PERTINAX/side_a/image00080.jpg,PERTINAX
19_PERTINAX/side_a/pertinax 193 041.jpg,f0794743d7513f13bc6e67e21d02c26047623d31b29aa84b7d9a422f10c097d1,duplicate,19_PERTINAX/side_a/image00118.jpg,PERTINAX
19_PERTINAX/side_a/pertinax 193 003.jpg,c7a313ab0bec012b4fc23fdcd9113e4d66686b7df658ff7f77a524a9ea93c2dc,duplicate,19_PERTINAX/side_a/image00186.jpg,PERTINAX
19_PERTINAX/side_a/image00193 (2).jpg,7b2b9f1d9d5771bff817d31c322ca5f649c2dca21044ab7996566b8feae138f6,label_conflict,,DIDIUS JULIANUS|PERTINAX|SEPTIMUS SEVERUS
20_DIDIUS JULIANUS/side_a/image00193.jpg,7b2b9f1d9d5771bff817d31c322ca5f649c2dca21044ab7996566b8feae138f6,label_conflict,,DIDIUS JULIANUS|PERTINAX|SEPTIMUS SEVERUS
21_SEPTIMUS SEVERUS/side_a/image00193.jpg,7b2b9f1d9d5771bff817d31c322ca5f649c2dca21044ab7996566b8feae138f6,label_conflict,,DIDIUS JULIANUS|PERTINAX|SEPTIMUS SEVERUS
19_PERTINAX/side_a/image00235 (1).jpg,3af3ab6f98f773e51bee6af1864907005df6fe1a37f9ce9e1623115a0238bd25,label_conflict,,DIDIUS JULIANUS|PERTINAX|SEPTIMUS SEVERUS
20_DIDIUS JULIANUS/side_a/image00235.jpg,3af3ab6f98f773e51bee6af1864907005df6fe1a37f9ce9e1623115a0238bd25,label_conflict,,DIDIUS JULIANUS|PERTINAX|SEPTIMUS SEVERUS
21_SEPTIMUS SEVERUS/side_a/image00235.jpg,3af3ab6f98f773e51bee6af1864907005df6fe1a37f9ce9e1623115a0238bd25,label_conflict,,DIDIUS JULIANUS|PERTINAX|SEPTIMUS SEVERUS
19_PERTINAX/side_a/pertinax 193 033.jpg,775d2d80393725cace8fc371d90d1bebf7e13480bc65174f66ec4b3de05859db,duplicate,19_PERTINAX/side_a/image00314 (1).jpg,PERTINAX
19_PERTINAX/side_a/pertinax 193 035.jpg,d493bc987c8bf48b3e24396160a6e53d3c173a0d9be6f69d82c1d4cdee365d8e,duplicate,19_PERTINAX/side_a/image00315 (2).jpg,PERTINAX
19_PERTINAX/side_a/pertinax 193 097.jpg,05dd424dc55e55dc2c8923d140ad750a77d5f019f679a7c1a1e35481399cb90e,duplicate,19_PERTINAX/side_a/image00315.jpg,PERTINAX
19_PERTINAX/side_a/pertinax 193 099.jpg,eb11e2173993e2d74459e12424c2d8aba009233d2d0af6415da00de4a38570d6,duplicate,19_PERTINAX/side_a/image00316.jpg,PERTINAX
19_PERTINAX/side_a/image00353.jpg,0ab530fb5d8c98ad2f0ced1ef76b344d8a240ab73cee5306d46b52d8cb744608,label_conflict,,PERTINAX|SEPTIMUS SEVERUS
21_SEPTIMUS SEVERUS/side_a/image00353 (1).jpg,0ab530fb5d8c98ad2f0ced1ef76b344d8a240ab73cee5306d46b52d8cb744608,label_conflict,,PERTINAX|SEPTIMUS SEVERUS
19_PERTINAX/side_a/pertinax 193 061.jpg,33ff75fcf0eaef0e96ae817f503baa625feabad536c23cec1ffd1a28a71a3af4,duplicate,19_PERTINAX/side_a/image00395.jpg,PERTINAX
19_PERTINAX/side_a/pertinax 193 063.jpg,2899b36f18c27f09442736c16194cdfa469a98ca1da3b3d41a4cb85536ea9868,duplicate,19_PERTINAX/side_a/image00396.jpg,PERTINAX
19_PERTINAX/side_a/image00410.jpg,9d1a0ed8a298c7969a963a3720a1f4de5f5b58c72182dfcd7264033a487a170b,label_conflict,,PERTINAX|SEPTIMUS SEVERUS
21_SEPTIMUS SEVERUS/side_a/image00410.jpg,9d1a0ed8a298c7969a963a3720a1f4de5f5b58c72182dfcd7264033a487a170b,label_conflict,,PERTINAX|SEPTIMUS SEVERUS
19_PERTINAX/side_a/image00466 (1).jpg,90fefe947f5a0094b959fbbb7626a1d652663280e60dc99ca5b31b8def9fa370,label_conflict,,DIDIUS JULIANUS|PERTINAX|SEPTIMUS SEVERUS
20_DIDIUS JULIANUS/side_a/image00466.jpg,90fefe947f5a0094b959fbbb7626a1d652663280e60dc99ca5b31b8def9fa370,label_conflict,,DIDIUS JULIANUS|PERTINAX|SEPTIMUS SEVERUS
21_SEPTIMUS SEVERUS/side_a/image00466.jpg,90fefe947f5a0094b959fbbb7626a1d652663280e60dc99ca5b31b8def9fa370,label_conflict,,DIDIUS JULIANUS|PERTINAX|SEPTIMUS SEVERUS
19_PERTINAX/side_a/image00470.jpg,e76080ce6f8cccd021383db7aa5efe054e92c8a42b8f6b3565ccad770966e585,label_conflict,,DIDIUS JULIANUS|PERTINAX|SEPTIMUS SEVERUS
20_DIDIUS JULIANUS/side_a/image00470.jpg,e76080ce6f8cccd021383db7aa5efe054e92c8a42b8f6b3565ccad770966e585,label_conflict,,DIDIUS JULIANUS|PERTINAX|SEPTIMUS SEVERUS
21_SEPTIMUS SEVERUS/side_a/image00470.jpg,e76080ce6f8cccd021383db7aa5efe054e92c8a42b8f6b3565ccad770966e585,label_conflict,,DIDIUS JULIANUS|PERTINAX|SEPTIMUS SEVERUS
19_PERTINAX/side_a/image00471.jpg,9e403b972b486e9b109eaa4c37ebd05aa2ed1a859500c2a05370cd717d46f948,label_conflict,,DIDIUS JULIANUS|PERTINAX|SEPTIMUS SEVERUS
20_DIDIUS JULIANUS/side_a/image00471.jpg,9e403b972b486e9b109eaa4c37ebd05aa2ed1a859500c2a05370cd717d46f948,label_conflict,,DIDIUS JULIANUS|PERTINAX|SEPTIMUS SEVERUS
21_SEPTIMUS SEVERUS/side_a/image00471.jpg,9e403b972b486e9b109eaa4c37ebd05aa2ed1a859500c2a05370cd717d46f948,label_conflict,,DIDIUS JULIANUS|PERTINAX|SEPTIMUS SEVERUS
19_PERTINAX/side_a/image00472 (2).jpg,cce92b02ecf1f569cbc3a8695e90143d3c4390382c0234cfdb94bfd80ddff836,label_conflict,,DIDIUS JULIANUS|PERTINAX|SEPTIMUS SEVERUS
20_DIDIUS JULIANUS/side_a/image00472.jpg,cce92b02ecf1f569cbc3a8695e90143d3c4390382c0234cfdb94bfd80ddff836,label_conflict,,DIDIUS JULIANUS|PERTINAX|SEPTIMUS SEVERUS
21_SEPTIMUS SEVERUS/side_a/image00472.jpg,cce92b02ecf1f569cbc3a8695e90143d3c4390382c0234cfdb94bfd80ddff836,label_conflict,,DIDIUS JULIANUS|PERTINAX|SEPTIMUS SEVERUS
19_PERTINAX/side_a/image00493 (2).jpg,b0945629a19dc6a0e86c1337360684cd317173f19d765c2c5ed01a762747da5c,label_conflict,,DIDIUS JULIANUS|PERTINAX|SEPTIMUS SEVERUS
20_DIDIUS JULIANUS/side_a/image00493.jpg,b0945629a19dc6a0e86c1337360684cd317173f19d765c2c5ed01a762747da5c,label_conflict,,DIDIUS JULIANUS|PERTINAX|SEPTIMUS SEVERUS
21_SEPTIMUS SEVERUS/side_a/image00493.jpg,b0945629a19dc6a0e86c1337360684cd317173f19d765c2c5ed01a762747da5c,label_conflict,,DIDIUS JULIANUS|PERTINAX|SEPTIMUS SEVERUS
19_PERTINAX/side_a/image00722.jpg,a69bea0c03ab22ad313e1ec9e973b6b1b82b1a1d4c2e90fc497610a14cb908cf,duplicate,19_PERTINAX/side_a/image00495.jpg,PERTINAX
19_PERTINAX/side_a/image00882.jpg,a69bea0c03ab22ad313e1ec9e973b6b1b82b1a1d4c2e90fc497610a14cb908cf,duplicate,19_PERTINAX/side_a/image00495.jpg,PERTINAX
19_PERTINAX/side_a/image00596 (1).jpg,aac1215235a5883d8b070935403311b764e6875146a25915a8c7ec2414dd3d76,label_conflict,,DIDIUS JULIANUS|PERTINAX|SEPTIMUS SEVERUS
20_DIDIUS JULIANUS/side_a/image00596.jpg,aac1215235a5883d8b070935403311b764e6875146a25915a8c7ec2414dd3d76,label_conflict,,DIDIUS JULIANUS|PERTINAX|SEPTIMUS SEVERUS
21_SEPTIMUS SEVERUS/side_a/image00596.jpg,aac1215235a5883d8b070935403311b764e6875146a25915a8c7ec2414dd3d76,label_conflict,,DIDIUS JULIANUS|PERTINAX|SEPTIMUS SEVERUS
19_PERTINAX/side_a/pertinax 193 071.jpg,b3c6823e55952a1858d8ec21d5c9bf1f2235e6ca999bae1a4b0752a1aedf25fd,duplicate,19_PERTINAX/side_a/image00603 (2).jpg,PERTINAX
19_PERTINAX/side_a/pertinax 193 073.jpg,ef5b539421137a89fb0d0365af7aaee31de167c026fe10ea7faf8bf896018547,duplicate,19_PERTINAX/side_a/image00604 (1).jpg,PERTINAX
19_PERTINAX/side_a/pertinax 193 067.jpg,1fd2287758dd7f2920b838f838a6e8292ba48049b49250e753eb3aeab6d0e7da,duplicate,19_PERTINAX/side_a/image00627.jpg,PERTINAX
19_PERTINAX/side_a/image00635.jpg,2952c4ee566022549fc02069c66fc10ab1aa99defcdf679afb87d7b8eb733dd5,label_conflict,,DIDIUS JULIANUS|PERTINAX|SEPTIMUS SEVERUS
20_DIDIUS JULIANUS/side_a/image00635.jpg,2952c4ee566022549fc02069c66fc10ab1aa99defcdf679afb87d7b8eb733dd5,label_conflict,,DIDIUS JULIANUS|PERTINAX|SEPTIMUS SEVERUS
21_SEPTIMUS SEVERUS/side_a/image00635.jpg,2952c4ee566022549fc02069c66fc10ab1aa99defcdf679afb87d7b8eb733dd5,label_conflict,,DIDIUS JULIANUS|PERTINAX|SEPTIMUS SEVERUS
19_PERTINAX/side_a/image00651 (1).jpg,de5f8127f5bcf42551a3458e20240d73279a143e00e2c4a5285863ebcaa395ac,label_conflict,,DIDIUS JULIANUS|PERTINAX|SEPTIMUS SEVERUS
20_DIDIUS JULIANUS/side_a/image00651.jpg,de5f8127f5bcf42551a3458e20240d73279a143e00e2c4a5285863ebcaa395ac,label_conflict,,DIDIUS JULIANUS|PERTINAX|SEPTIMUS SEVERUS
21_SEPTIMUS SEVERUS/side_a/image00651.jpg,de5f8127f5bcf42551a3458e20240d73279a143e00e2c4a5285863ebcaa395ac,label_conflict,,DIDIUS JULIANUS|PERTINAX|SEPTIMUS SEVERUS
19_PERTINAX/side_a/image00653 (1).jpg,44d1c3d6dcdbe0308362a5af12b42b72307987c34922e5fc0e7b16ea7a5f5287,label_conflict,,DIDIUS JULIANUS|PERTINAX|SEPTIMUS SEVERUS
20_DIDIUS JULIANUS/side_a/image00653.jpg,44d1c3d6dcdbe0308362a5af12b42b72307987c34922e5fc0e7b16ea7a5f5287,label_conflict,,DIDIUS JULIANUS|PERTINAX|SEPTIMUS SEVERUS
21_SEPTIMUS SEVERUS/side_a/image00653.jpg,44d1c3d6dcdbe0308362a5af12b42b72307987c34922e5fc0e7b16ea7a5f5287,label_conflict,,DIDIUS JULIANUS|PERTINAX|SEPTIMUS SEVERUS
19_PERTINAX/side_a/image00655.jpg,afd8fccfc3b8f24679469ae17cdcc91eabb0c1fdb36f105e0c62a07491d40cb3,label_conflict,,DIDIUS JULIANUS|PERTINAX|SEPTIMUS SEVERUS
20_DIDIUS JULIANUS/side_a/image00655 (1).jpg,afd8fccfc3b8f24679469ae17cdcc91eabb0c1fdb36f105e0c62a07491d40cb3,label_conflict,,DIDIUS JULIANUS|PERTINAX|SEPTIMUS SEVERUS
21_SEPTIMUS SEVERUS/side_a/image00655 (1).jpg,afd8fccfc3b8f24679469ae17cdcc91eabb0c1fdb36f105e0c62a07491d40cb3,label_conflict,,DIDIUS JULIANUS|PERTINAX|SEPTIMUS SEVERUS
19_PERTINAX/side_a/pertinax 193 081.jpg,81c0f8cd622e7b89033edce5d55744c6731cb9a277c7bef9687ecac0ed5e0917,duplicate,19_PERTINAX/side_a/image00674 (1).jpg,PERTINAX
19_PERTINAX/side_a/image00737.jpg,3a838323e4b6c9324264a8ca1a8d3b45bf860506abffe2a1088b5901618dc478,label_conflict,,DIDIUS JULIANUS|PERTINAX
20_DIDIUS JULIANUS/side_a/image00737.jpg,3a838323e4b6c9324264a8ca1a8d3b45bf860506abffe2a1088b5901618dc478,label_conflict,,DIDIUS JULIANUS|PERTINAX
19_PERTINAX/side_a/image00739.jpg,c44eba24d06af8133568574fbb0b2713292d205dfea92e83933b635892d253be,label_conflict,,DIDIUS JULIANUS|PERTINAX
20_DIDIUS JULIANUS/side_a/image00739.jpg,c44eba24d06af8133568574fbb0b2713292d205dfea92e83933b635892d253be,label_conflict,,DIDIUS JULIANUS|PERTINAX
19_PERTINAX/side_a/image00742 (1).jpg,ed4cef3a0f030ae4fc66a315429f83cd558af1763256cba5344b727275a043d5,label_conflict,,DIDIUS JULIANUS|PERTINAX|SEPTIMUS SEVERUS
20_DIDIUS JULIANUS/side_a/image00742.jpg,ed4cef3a0f030ae4fc66a315429f83cd558af1763256cba5344b727275a043d5,label_conflict,,DIDIUS JULIANUS|PERTINAX|SEPTIMUS SEVERUS
21_SEPTIMUS SEVERUS/side_a/image00742.jpg,ed4cef3a0f030ae4fc66a315429f83cd558af1763256cba5344b727275a043d5,label_conflict,,DIDIUS JULIANUS|PERTINAX|SEPTIMUS SEVERUS
19_PERTINAX/side_a/image00776 (1).jpg,039ffe10ad6dac44163a6619ebed2c760ad4bcbb95cc9438a2849de340dc64fe,label_conflict,,DIDIUS JULIANUS|PERTINAX
19_PERTINAX/side_a/image00776 (2).jpg,039ffe10ad6dac44163a6619ebed2c760ad4bcbb95cc9438a2849de340dc64fe,label_conflict,,DIDIUS JULIANUS|PERTINAX
20_DIDIUS JULIANUS/side_a/image00776 (1).jpg,039ffe10ad6dac44163a6619ebed2c760ad4bcbb95cc9438a2849de340dc64fe,label_conflict,,DIDIUS JULIANUS|PERTINAX
19_PERTINAX/side_a/pertinax 193 029.jpg,0c39a86baa3108d6c325b2c979960bcf0795e54f98be1847f1b8c9c2effbd14a,duplicate,19_PERTINAX/side_a/image00776 (3).jpg,PERTINAX
19_PERTINAX/side_a/image00776.jpg,d476fcd58967325beb8e969adfacfbcb79c360aaf265878160d97341cb9ac3e0,label_conflict,,DIDIUS JULIANUS|PERTINAX
20_DIDIUS JULIANUS/side_a/image00776.jpg,d476fcd58967325beb8e969adfacfbcb79c360aaf265878160d97341cb9ac3e0,label_conflict,,DIDIUS JULIANUS|PERTINAX
19_PERTINAX/side_a/image00777.jpg,2e051b79d2da1a86ac18891619f4509dbaaf5db5da7f53f2f383b7424e883c6b,label_conflict,,DIDIUS JULIANUS|PERTINAX
20_DIDIUS JULIANUS/side_a/image00777.jpg,2e051b79d2da1a86ac18891619f4509dbaaf5db5da7f53f2f383b7424e883c6b,label_conflict,,DIDIUS JULIANUS|PERTINAX
19_PERTINAX/side_a/image00781.jpg,8e4fdaa9deb7a80515e0dc7a426fced07681016aaf8e4bbd383370dd01ad2fb6,label_conflict,,DIDIUS JULIANUS|PERTINAX|SEPTIMUS SEVERUS
20_DIDIUS JULIANUS/side_a/image00781.jpg,8e4fdaa9deb7a80515e0dc7a426fced07681016aaf8e4bbd383370dd01ad2fb6,label_conflict,,DIDIUS JULIANUS|PERTINAX|SEPTIMUS SEVERUS
21_SEPTIMUS SEVERUS/side_a/image00781.jpg,8e4fdaa9deb7a80515e0dc7a426fced07681016aaf8e4bbd383370dd01ad2fb6,label_conflict,,DIDIUS JULIANUS|PERTINAX|SEPTIMUS SEVERUS
19_PERTINAX/side_a/image00784.jpg,310943f924da54aa27edbddca54c8148f51e7bb19e6a2431516ea831391157d7,label_conflict,,DIDIUS JULIANUS|PERTINAX
20_DIDIUS JULIANUS/side_a/image00784.jpg,310943f924da54aa27edbddca54c8148f51e7bb19e6a2431516ea831391157d7,label_conflict,,DIDIUS JULIANUS|PERTINAX
19_PERTINAX/side_a/image00785 (1).jpg,802dc2d8c7cb3d0cb6d1ae69335b04143347a717b22ce8212c94e0ffb51ace2a,label_conflict,,PERTINAX|SEPTIMUS SEVERUS
21_SEPTIMUS SEVERUS/side_a/image00785.jpg,802dc2d8c7cb3d0cb6d1ae69335b04143347a717b22ce8212c94e0ffb51ace2a,label_conflict,,PERTINAX|SEPTIMUS SEVERUS
19_PERTINAX/side_a/image00787.jpg,d2353d8798ef4e9e0969ca14bcc6430196ac35942a32730899ce6af7b9c9d6ee,label_conflict,,DIDIUS JULIANUS|PERTINAX|SEPTIMUS SEVERUS
20_DIDIUS JULIANUS/side_a/image00787 (1).jpg,d2353d8798ef4e9e0969ca14bcc6430196ac35942a32730899ce6af7b9c9d6ee,label_conflict,,DIDIUS JULIANUS|PERTINAX|SEPTIMUS SEVERUS
21_SEPTIMUS SEVERUS/side_a/image00787 (1).jpg,d2353d8798ef4e9e0969ca14bcc6430196ac35942a32730899ce6af7b9c9d6ee,label_conflict,,DIDIUS JULIANUS|PERTINAX|SEPTIMUS SEVERUS
19_PERTINAX/side_a/image00824.jpg,a4289dfa00afa178f28996647433a3ec79f2b38082d7eb577dab1e6d82243bb4,label_conflict,,DIDIUS JULIANUS|PERTINAX|SEPTIMUS SEVERUS
20_DIDIUS JULIANUS/side_a/image00824 (1).jpg,a4289dfa00afa178f28996647433a3ec79f2b38082d7eb577dab1e6d82243bb4,label_conflict,,DIDIUS JULIANUS|PERTINAX|SEPTIMUS SEVERUS
21_SEPTIMUS SEVERUS/side_a/image00824 (1).jpg,a4289dfa00afa178f28996647433a3ec79f2b38082d7eb577dab1e6d82243bb4,label_conflict,,DIDIUS JULIANUS|PERTINAX|SEPTIMUS SEVERUS
19_PERTINAX/side_a/image00847.jpg,f4144abe57ee5554e81a28e51216a22678eb088d3292311620206f5750a5b6e8,label_conflict,,DIDIUS JULIANUS|PERTINAX|SEPTIMUS SEVERUS
20_DIDIUS JULIANUS/side_a/image00847.jpg,f4144abe57ee5554e81a28e51216a22678eb088d3292311620206f5750a5b6e8,label_conflict,,DIDIUS JULIANUS|PERTINAX|SEPTIMUS SEVERUS
21_SEPTIMUS SEVERUS/side_a/image00847.jpg,f4144abe57ee5554e81a28e51216a22678eb088d3292311620206f5750a5b6e8,label_conflict,,DIDIUS JULIANUS|PERTINAX|SEPTIMUS SEVERUS
19_PERTINAX/side_a/pertinax 193 093.jpg,9b3e52f830cb944b71dec54d8c02feed0ea7e5b4814005de35d87bfd6bb54fb9,duplicate,19_PERTINAX/side_a/image00888.jpg,PERTINAX
19_PERTINAX/side_a/pertinax 193 095.jpg,0bc115385b7a2a1b6ea484667580c53eb868ff82cde0b2b955bd45adadef54c2,duplicate,19_PERTINAX/side_a/image00889.jpg,PERTINAX
19_PERTINAX/side_a/image00922 (1).jpg,d74f2a1e4f35ef3203564d427dd7dcd55b5b90bbbef20c9063d3c06aa61b2efa,label_conflict,,DIDIUS JULIANUS|PERTINAX|SEPTIMUS SEVERUS
20_DIDIUS JULIANUS/side_a/image00922.jpg,d74f2a1e4f35ef3203564d427dd7dcd55b5b90bbbef20c9063d3c06aa61b2efa,label_conflict,,DIDIUS JULIANUS|PERTINAX|SEPTIMUS SEVERUS
21_SEPTIMUS SEVERUS/side_a/image00922.jpg,d74f2a1e4f35ef3203564d427dd7dcd55b5b90bbbef20c9063d3c06aa61b2efa,label_conflict,,DIDIUS JULIANUS|PERTINAX|SEPTIMUS SEVERUS
19_PERTINAX/side_a/image00954.jpg,4f9b6e70907b002418f70fffeed696f9837708a6314c4cc049ae8d16f163068f,label_conflict,,DIDIUS JULIANUS|PERTINAX|SEPTIMUS SEVERUS
20_DIDIUS JULIANUS/side_a/image00954.jpg,4f9b6e70907b002418f70fffeed696f9837708a6314c4cc049ae8d16f163068f,label_conflict,,DIDIUS JULIANUS|PERTINAX|SEPTIMUS SEVERUS
21_SEPTIMUS SEVERUS/side_a/image00954.jpg,4f9b6e70907b002418f70fffeed696f9837708a6314c4cc049ae8d16f163068f,label_conflict,,DIDIUS JULIANUS|PERTINAX|SEPTIMUS SEVERUS
19_PERTINAX/side_a/image00974.jpg,6e240942c1f3a3a9ecd33d6796236777b37befcce8afec0fd90a7eff30bc6cc2,label_conflict,,DIDIUS JULIANUS|PERTINAX|SEPTIMUS SEVERUS
20_DIDIUS JULIANUS/side_a/image00974.jpg,6e240942c1f3a3a9ecd33d6796236777b37befcce8afec0fd90a7eff30bc6cc2,label_conflict,,DIDIUS JULIANUS|PERTINAX|SEPTIMUS SEVERUS
21_SEPTIMUS SEVERUS/side_a/image00974.jpg,6e240942c1f3a3a9ecd33d6796236777b37befcce8afec0fd90a7eff30bc6cc2,label_conflict,,DIDIUS JULIANUS|PERTINAX|SEPTIMUS SEVERUS
19_PERTINAX/side_a/image01045.jpg,08ce91761e681c9c08a60f062b07e80b2df2f41a41994ac71bc8459a282ef7f1,label_conflict,,DIDIUS JULIANUS|PERTINAX|SEPTIMUS SEVERUS
20_DIDIUS JULIANUS/side_a/image01045.jpg,08ce91761e681c9c08a60f062b07e80b2df2f41a41994ac71bc8459a282ef7f1,label_conflict,,DIDIUS JULIANUS|PERTINAX|SEPTIMUS SEVERUS
21_SEPTIMUS SEVERUS/side_a/image01045.jpg,08ce91761e681c9c08a60f062b07e80b2df2f41a41994ac71bc8459a282ef7f1,label_conflict,,DIDIUS JULIANUS|PERTINAX|SEPTIMUS SEVERUS
19_PERTINAX/side_a/pertinax 193 053.jpg,d25eaad4206dfbd9ec16c57ed14b6534c20422868e667b547b30b583948f9cb6,duplicate,19_PERTINAX/side_a/image01091.jpg,PERTINAX
19_PERTINAX/side_a/pertinax 193 055.jpg,8f178fb0d478e04f7c1c4cdd8f8f7f00005e2d0878cf4984858a4fa42aa5e4f1,duplicate,19_PERTINAX/side_a/image01092 (1).jpg,PERTINAX
19_PERTINAX/side_a/image01092.jpg,9349c71525c57b75cdedcdd0686e8cc0c33face334ea42ba89935fc126bd83c8,label_conflict,,DIDIUS JULIANUS|PERTINAX|SEPTIMUS SEVERUS
20_DIDIUS JULIANUS/side_a/image01092.jpg,9349c71525c57b75cdedcdd0686e8cc0c33face334ea42ba89935fc126bd83c8,label_conflict,,DIDIUS JULIANUS|PERTINAX|SEPTIMUS SEVERUS
21_SEPTIMUS SEVERUS/side_a/image01092.jpg,9349c71525c57b75cdedcdd0686e8cc0c33face334ea42ba89935fc126bd83c8,label_conflict,,DIDIUS JULIANUS|PERTINAX|SEPTIMUS SEVERUS
19_PERTINAX/side_a/pertinax 193 057.jpg,f1acf240386cbb7a1c2c2876de30e295bfcc0a1b1068883fe7bfd0c4dc6dce65,duplicate,19_PERTINAX/side_a/image01093 (1).jpg,PERTINAX
19_PERTINAX/side_a/image01183.jpg,eb8c483705424b816982a4df99ef33cfde0c92d5a4e19b60f212a7ca432a22ab,label_conflict,,DIDIUS JULIANUS|PERTINAX|SEPTIMUS SEVERUS
20_DIDIUS JULIANUS/side_a/image01183.jpg,eb8c483705424b816982a4df99ef33cfde0c92d5a4e19b60f212a7ca432a22ab,label_conflict,,DIDIUS JULIANUS|PERTINAX|SEPTIMUS SEVERUS
21_SEPTIMUS SEVERUS/side_a/image01183.jpg,eb8c483705424b816982a4df99ef33cfde0c92d5a4e19b60f212a7ca432a22ab,label_conflict,,DIDIUS JULIANUS|PERTINAX|SEPTIMUS SEVERUS
19_PERTINAX/side_a/pertinax 193 005.jpg,6bf0866a956326832f19e4d3896115e719312233a8d48af20dd54f7a87b66f5a,duplicate,19_PERTINAX/side_a/image01280.jpg,PERTINAX
19_PERTINAX/side_a/image02065.jpg,a22ed5c3244de18e694a5edf49bf2d21a04976454d1c42b72273fd78401ea2bc,label_conflict,,PERTINAX|SEPTIMUS SEVERUS
21_SEPTIMUS SEVERUS/side_a/image02065.jpg,a22ed5c3244de18e694a5edf49bf2d21a04976454d1c42b72273fd78401ea2bc,label_conflict,,PERTINAX|SEPTIMUS SEVERUS
19_PERTINAX/side_a/image04161.jpg,c8ecb795ac1ed01ce283b9789dcccd861ef7797ad89941efde22c38427d7f01d,label_conflict,,DIDIUS JULIANUS|PERTINAX|SEPTIMUS SEVERUS
20_DIDIUS JULIANUS/side_a/image04161.jpg,c8ecb795ac1ed01ce283b9789dcccd861ef7797ad89941efde22c38427d7f01d,label_conflict,,DIDIUS JULIANUS|PERTINAX|SEPTIMUS SEVERUS
21_SEPTIMUS SEVERUS/side_a/image04161.jpg,c8ecb795ac1ed01ce283b9789dcccd861ef7797ad89941efde22c38427d7f01d,label_conflict,,DIDIUS JULIANUS|PERTINAX|SEPTIMUS SEVERUS
19_PERTINAX/side_a/image04481.jpg,ce576d4b86ef9551ac9b800600102677360c91d72ac2970df4d01c3fee74183e,label_conflict,,DIDIUS JULIANUS|PERTINAX|SEPTIMUS SEVERUS
20_DIDIUS JULIANUS/side_a/image04481.jpg,ce576d4b86ef9551ac9b800600102677360c91d72ac2970df4d01c3fee74183e,label_conflict,,DIDIUS JULIANUS|PERTINAX|SEPTIMUS SEVERUS
21_SEPTIMUS SEVERUS/side_a/image04481.jpg,ce576d4b86ef9551ac9b800600102677360c91d72ac2970df4d01c3fee74183e,label_conflict,,DIDIUS JULIANUS|PERTINAX|SEPTIMUS SEVERUS
19_PERTINAX/side_a/image23615.jpg,e074f48b948fa88faaf29d2ff8a512c1bdee19188b944ef7e71b9c503c0b2fe7,label_conflict,,DIDIUS JULIANUS|PERTINAX|SEPTIMUS SEVERUS
20_DIDIUS JULIANUS/side_a/image23615.jpg,e074f48b948fa88faaf29d2ff8a512c1bdee19188b944ef7e71b9c503c0b2fe7,label_conflict,,DIDIUS JULIANUS|PERTINAX|SEPTIMUS SEVERUS
21_SEPTIMUS SEVERUS/side_a/image23615.jpg,e074f48b948fa88faaf29d2ff8a512c1bdee19188b944ef7e71b9c503c0b2fe7,label_conflict,,DIDIUS JULIANUS|PERTINAX|SEPTIMUS SEVERUS
19_PERTINAX/side_a/image23961.jpg,6080b73ba8c02ec8f6bd3dd9f039fc25c90cee2fe628fcdd405583deec30ddab,label_conflict,,DIDIUS JULIANUS|PERTINAX|SEPTIMUS SEVERUS
20_DIDIUS JULIANUS/side_a/image23961.jpg,6080b73ba8c02ec8f6bd3dd9f039fc25c90cee2fe628fcdd405583deec30ddab,label_conflict,,DIDIUS JULIANUS|PERTINAX|SEPTIMUS SEVERUS
21_SEPTIMUS SEVERUS/side_a/image23961.jpg,6080b73ba8c02ec8f6bd3dd9f039fc25c90cee2fe628fcdd405583deec30ddab,label_conflict,,DIDIUS JULIANUS|PERTINAX|SEPTIMUS SEVERUS
19_PERTINAX/side_a/image24712.jpg,5818c44f13c5c41f1995a4337ff889afeb847b0a654396d27eecf2727e2233f4,label_conflict,,DIDIUS JULIANUS|PERTINAX|SEPTIMUS SEVERUS
20_DIDIUS JULIANUS/side_a/image24712.jpg,5818c44f13c5c41f1995a4337ff889afeb847b0a654396d27eecf2727e2233f4,label_conflict,,DIDIUS JULIANUS|PERTINAX|SEPTIMUS SEVERUS
21_SEPTIMUS SEVERUS/side_a/image24712.jpg,5818c44f13c5c41f1995a4337ff889afeb847b0a654396d27eecf2727e2233f4,label_conflict,,DIDIUS JULIANUS|PERTINAX|SEPTIMUS SEVERUS
19_PERTINAX/side_a/image24715.jpg,ea4a66307fe257b29f50fcd13867531f71c438581e1500e424d86c42000f3c27,label_conflict,,DIDIUS JULIANUS|PERTINAX|SEPTIMUS SEVERUS
20_DIDIUS JULIANUS/side_a/image24715.jpg,ea4a66307fe257b29f50fcd13867531f71c438581e1500e424d86c42000f3c27,label_conflict,,DIDIUS JULIANUS|PERTINAX|SEPTIMUS SEVERUS
21_SEPTIMUS SEVERUS/side_a/image24715.jpg,ea4a66307fe257b29f50fcd13867531f71c438581e1500e424d86c42000f3c27,label_conflict,,DIDIUS JULIANUS|PERTINAX|SEPTIMUS SEVERUS
19_PERTINAX/side_a/image30112.jpg,b1cfcbe708c4be06039d5b79418939c384ec67197b7722b67b6f72d2ab6b0787,label_conflict,,DIDIUS JULIANUS|PERTINAX|SEPTIMUS SEVERUS
20_DIDIUS JULIANUS/side_a/image30112.jpg,b1cfcbe708c4be06039d5b79418939c384ec67197b7722b67b6f72d2ab6b0787,label_conflict,,DIDIUS JULIANUS|PERTINAX|SEPTIMUS SEVERUS
21_SEPTIMUS SEVERUS/side_a/image30112.jpg,b1cfcbe708c4be06039d5b79418939c384ec67197b7722b67b6f72d2ab6b0787,label_conflict,,DIDIUS JULIANUS|PERTINAX|SEPTIMUS SEVERUS
19_PERTINAX/side_a/image30119.jpg,4d2cf7f8a1ca0e72fe25928849178d7560a0b4ae3bf13cc7a33bafe1f5b2f80b,label_conflict,,DIDIUS JULIANUS|PERTINAX|SEPTIMUS SEVERUS
20_DIDIUS JULIANUS/side_a/image30119.jpg,4d2cf7f8a1ca0e72fe25928849178d7560a0b4ae3bf13cc7a33bafe1f5b2f80b,label_conflict,,DIDIUS JULIANUS|PERTINAX|SEPTIMUS SEVERUS
21_SEPTIMUS SEVERUS/side_a/image30119.jpg,4d2cf7f8a1ca0e72fe25928849178d7560a0b4ae3bf13cc7a33bafe1f5b2f80b,label_conflict,,DIDIUS JULIANUS|PERTINAX|SEPTIMUS SEVERUS
19_PERTINAX/side_a/image30209.jpg,7dd577d3e830545cb207efbf56b6338b636e95fe54dc1c790d345c35aa408824,label_conflict,,PERTINAX|SEPTIMUS SEVERUS
21_SEPTIMUS SEVERUS/side_a/image30209.jpg,7dd577d3e830545cb207efbf56b6338b636e95fe54dc1c790d345c35aa408824,label_conflict,,PERTINAX|SEPTIMUS SEVERUS
19_PERTINAX/side_a/image30288.jpg,0662e54460db054f3e8519b628454c4c9921528f8b47a0c65ddc7b4e78991e22,label_conflict,,DIDIUS JULIANUS|PERTINAX|SEPTIMUS SEVERUS
20_DIDIUS JULIANUS/side_a/image30288.jpg,0662e54460db054f3e8519b628454c4c9921528f8b47a0c65ddc7b4e78991e22,label_conflict,,DIDIUS JULIANUS|PERTINAX|SEPTIMUS SEVERUS
21_SEPTIMUS SEVERUS/side_a/image30288.jpg,0662e54460db054f3e8519b628454c4c9921528f8b47a0c65ddc7b4e78991e22,label_conflict,,DIDIUS JULIANUS|PERTINAX|SEPTIMUS SEVERUS
19_PERTINAX/side_a/image30291.jpg,7a879f19da12f26469d1d0b5ca69bba932389b16a4af45a536da4680e3e6c939,label_conflict,,DIDIUS JULIANUS|PERTINAX|SEPTIMUS SEVERUS
20_DIDIUS JULIANUS/side_a/image30291.jpg,7a879f19da12f26469d1d0b5ca69bba932389b16a4af45a536da4680e3e6c939,label_conflict,,DIDIUS JULIANUS|PERTINAX|SEPTIMUS SEVERUS
21_SEPTIMUS SEVERUS/side_a/image30291.jpg,7a879f19da12f26469d1d0b5ca69bba932389b16a4af45a536da4680e3e6c939,label_conflict,,DIDIUS JULIANUS|PERTINAX|SEPTIMUS SEVERUS
19_PERTINAX/side_a/image30348.jpg,0166d81b85c5624d942a270f6643012ceefff0e91fc5cfc6a455bc1b944d650a,label_conflict,,DIDIUS JULIANUS|PERTINAX|SEPTIMUS SEVERUS
20_DIDIUS JULIANUS/side_a/image30348.jpg,0166d81b85c5624d942a270f6643012ceefff0e91fc5cfc6a455bc1b944d650a,label_conflict,,DIDIUS JULIANUS|PERTINAX|SEPTIMUS SEVERUS
21_SEPTIMUS SEVERUS/side_a/image30348.jpg,0166d81b85c5624d942a270f6643012ceefff0e91fc5cfc6a455bc1b944d650a,label_conflict,,DIDIUS JULIANUS|PERTINAX|SEPTIMUS SEVERUS
19_PERTINAX/side_a/image30350.jpg,c789b5b86d2a589b754e04da9fefa59c7f4924058275b82b0b36af21fa5300ce,label_conflict,,DIDIUS JULIANUS|PERTINAX|SEPTIMUS SEVERUS
20_DIDIUS JULIANUS/side_a/image30350.jpg,c789b5b86d2a589b754e04da9fefa59c7f4924058275b82b0b36af21fa5300ce,label_conflict,,DIDIUS JULIANUS|PERTINAX|SEPTIMUS SEVERUS
21_SEPTIMUS SEVERUS/side_a/image30350.jpg,c789b5b86d2a589b754e04da9fefa59c7f4924058275b82b0b36af21fa5300ce,label_conflict,,DIDIUS JULIANUS|PERTINAX|SEPTIMUS SEVERUS
19_PERTINAX/side_a/image31054.jpg,ff19b3709936eebf428f73892bf0540b5f07a1420ea96e6d8087db5cdc8a08ce,label_conflict,,DIDIUS JULIANUS|PERTINAX|SEPTIMUS SEVERUS
20_DIDIUS JULIANUS/side_a/image31054.jpg,ff19b3709936eebf428f73892bf0540b5f07a1420ea96e6d8087db5cdc8a08ce,label_conflict,,DIDIUS JULIANUS|PERTINAX|SEPTIMUS SEVERUS
21_SEPTIMUS SEVERUS/side_a/image31054.jpg,ff19b3709936eebf428f73892bf0540b5f07a1420ea96e6d8087db5cdc8a08ce,label_conflict,,DIDIUS JULIANUS|PERTINAX|SEPTIMUS SEVERUS
19_PERTINAX/side_a/image31058.jpg,29cc38a73f8c862c992c2a793bc25cc2469172d79b8c7088cc8b9978eca194aa,label_conflict,,DIDIUS JULIANUS|PERTINAX|SEPTIMUS SEVERUS
20_DIDIUS JULIANUS/side_a/image31058.jpg,29cc38a73f8c862c992c2a793bc25cc2469172d79b8c7088cc8b9978eca194aa,label_conflict,,DIDIUS JULIANUS|PERTINAX|SEPTIMUS SEVERUS
21_SEPTIMUS SEVERUS/side_a/image31058.jpg,29cc38a73f8c862c992c2a793bc25cc2469172d79b8c7088cc8b9978eca194aa,label_conflict,,DIDIUS JULIANUS|PERTINAX|SEPTIMUS SEVERUS
19_PERTINAX/side_a/image31064.jpg,e6203aca74ef9367cad90a9695bcbbd4d100ae08bb28ed74c0af585d8302baa9,label_conflict,,DIDIUS JULIANUS|PERTINAX|SEPTIMUS SEVERUS
20_DIDIUS JULIANUS/side_a/image31064.jpg,e6203aca74ef9367cad90a9695bcbbd4d100ae08bb28ed74c0af585d8302baa9,label_conflict,,DIDIUS JULIANUS|PERTINAX|SEPTIMUS SEVERUS
21_SEPTIMUS SEVERUS/side_a/image31064.jpg,e6203aca74ef9367cad90a9695bcbbd4d100ae08bb28ed74c0af585d8302baa9,label_conflict,,DIDIUS JULIANUS|PERTINAX|SEPTIMUS SEVERUS
19_PERTINAX/side_a/image32145.jpg,4f03504373cf6e32395efb67468165f6a7d92ca70fc7798b3577d3b2db019c7d,label_conflict,,DIDIUS JULIANUS|PERTINAX|SEPTIMUS SEVERUS
20_DIDIUS JULIANUS/side_a/image32145.jpg,4f03504373cf6e32395efb67468165f6a7d92ca70fc7798b3577d3b2db019c7d,label_conflict,,DIDIUS JULIANUS|PERTINAX|SEPTIMUS SEVERUS
21_SEPTIMUS SEVERUS/side_a/image32145.jpg,4f03504373cf6e32395efb67468165f6a7d92ca70fc7798b3577d3b2db019c7d,label_conflict,,DIDIUS JULIANUS|PERTINAX|SEPTIMUS SEVERUS
19_PERTINAX/side_a/image32151.jpg,b43782117a8616d19848f9ce0187aa1efd979f7b1e4823ecd797b3cf51f3b154,label_conflict,,DIDIUS JULIANUS|PERTINAX|SEPTIMUS SEVERUS
20_DIDIUS JULIANUS/side_a/image32151.jpg,b43782117a8616d19848f9ce0187aa1efd979f7b1e4823ecd797b3cf51f3b154,label_conflict,,DIDIUS JULIANUS|PERTINAX|SEPTIMUS SEVERUS
21_SEPTIMUS SEVERUS/side_a/image32151.jpg,b43782117a8616d19848f9ce0187aa1efd979f7b1e4823ecd797b3cf51f3b154,label_conflict,,DIDIUS JULIANUS|PERTINAX|SEPTIMUS SEVERUS
19_PERTINAX/side_a/image32287.jpg,a0786801b2772e621c7eb7b11f3fb09e1e2542fed3772868160a8869e1044ad6,label_conflict,,DIDIUS JULIANUS|PERTINAX|SEPTIMUS SEVERUS
20_DIDIUS JULIANUS/side_a/image32287.jpg,a0786801b2772e621c7eb7b11f3fb09e1e2542fed3772868160a8869e1044ad6,label_conflict,,DIDIUS JULIANUS|PERTINAX|SEPTIMUS SEVERUS
21_SEPTIMUS SEVERUS/side_a/image32287.jpg,a0786801b2772e621c7eb7b11f3fb09e1e2542fed3772868160a8869e1044ad6,label_conflict,,DIDIUS JULIANUS|PERTINAX|SEPTIMUS SEVERUS
19_PERTINAX/side_a/image33085.jpg,eb58da55a1df0f5151efc56644c4885b13f65d2f4a931005d3e228656f81fe30,label_conflict,,DIDIUS JULIANUS|PERTINAX|SEPTIMUS SEVERUS
20_DIDIUS JULIANUS/side_a/image33085.jpg,eb58da55a1df0f5151efc56644c4885b13f65d2f4a931005d3e228656f81fe30,label_conflict,,DIDIUS JULIANUS|PERTINAX|SEPTIMUS SEVERUS
21_SEPTIMUS SEVERUS/side_a/image33085.jpg,eb58da55a1df0f5151efc56644c4885b13f65d2f4a931005d3e228656f81fe30,label_conflict,,DIDIUS JULIANUS|PERTINAX|SEPTIMUS SEVERUS
19_PERTINAX/side_a/image34107.jpg,399cf6dd266932cd65392d5feb4f7c53302939097e76cc7075033b41e56897c7,label_conflict,,DIDIUS JULIANUS|PERTINAX|SEPTIMUS SEVERUS
20_DIDIUS JULIANUS/side_a/image34107.jpg,399cf6dd266932cd65392d5feb4f7c53302939097e76cc7075033b41e56897c7,label_conflict,,DIDIUS JULIANUS|PERTINAX|SEPTIMUS SEVERUS
21_SEPTIMUS SEVERUS/side_a/image34107.jpg,399cf6dd266932cd65392d5feb4f7c53302939097e76cc7075033b41e56897c7,label_conflict,,DIDIUS JULIANUS|PERTINAX|SEPTIMUS SEVERUS
19_PERTINAX/side_a/image34147.jpg,f43aee26c3c4e93c18be69b3f87d8b37d0e20a3abefb82e12188e69a56cb46e2,label_conflict,,DIDIUS JULIANUS|PERTINAX|SEPTIMUS SEVERUS
20_DIDIUS JULIANUS/side_a/image34147.jpg,f43aee26c3c4e93c18be69b3f87d8b37d0e20a3abefb82e12188e69a56cb46e2,label_conflict,,DIDIUS JULIANUS|PERTINAX|SEPTIMUS SEVERUS
21_SEPTIMUS SEVERUS/side_a/image34147.jpg,f43aee26c3c4e93c18be69b3f87d8b37d0e20a3abefb82e12188e69a56cb46e2,label_conflict,,DIDIUS JULIANUS|PERTINAX|SEPTIMUS SEVERUS
19_PERTINAX/side_a/image34148.jpg,8d42e0d0f2848ff24fc9b7ea8626f3ad1b38a4b42e32a97199f8bb1b9f8d14bf,label_conflict,,DIDIUS JULIANUS|PERTINAX|SEPTIMUS SEVERUS
20_DIDIUS JULIANUS/side_a/image34148.jpg,8d42e0d0f2848ff24fc9b7ea8626f3ad1b38a4b42e32a97199f8bb1b9f8d14bf,label_conflict,,DIDIUS JULIANUS|PERTINAX|SEPTIMUS SEVERUS
21_SEPTIMUS SEVERUS/side_a/image34148.jpg,8d42e0d0f2848ff24fc9b7ea8626f3ad1b38a4b42e32a97199f8bb1b9f8d14bf,label_conflict,,DIDIUS JULIANUS|PERTINAX|SEPTIMUS SEVERUS
19_PERTINAX/side_a/image99106.jpg,fc80d47decbf124f1d12c13fc685d0339ed0d2a279c53d6023c07eb3b1ec21b7,label_conflict,,DIDIUS JULIANUS|PERTINAX|SEPTIMUS SEVERUS
20_DIDIUS JULIANUS/side_a/image99106.jpg,fc80d47decbf124f1d12c13fc685d0339ed0d2a279c53d6023c07eb3b1ec21b7,label_conflict,,DIDIUS JULIANUS|PERTINAX|SEPTIMUS SEVERUS
21_SEPTIMUS SEVERUS/side_a/image99106.jpg,fc80d47decbf124f1d12c13fc685d0339ed0d2a279c53d6023c07eb3b1ec21b7,label_conflict,,DIDIUS JULIANUS|PERTINAX|SEPTIMUS SEVERUS
19_PERTINAX/side_a/pertinax AD193-19301 (1).jpg,4e3a6d7156ce63ebfe3eccb0d7479a4b83faad10208ff8ee2c824e1f08635e97,duplicate,19_PERTINAX/side_a/pertinax 193 01 (1).jpg,PERTINAX
19_PERTINAX/side_a/pertinax AD193-19301.jpg,4e3a6d7156ce63ebfe3eccb0d7479a4b83faad10208ff8ee2c824e1f08635e97,duplicate,19_PERTINAX/side_a/pertinax 193 01 (1).jpg,PERTINAX
19_PERTINAX/side_a/pertinax AD193-19302 (1).jpg,161efbd0939de2a16ae82777ba5ee7a87422c78175859ce0da95048475855bad,duplicate,19_PERTINAX/side_a/pertinax 193 02 (1).jpg,PERTINAX
19_PERTINAX/side_a/pertinax AD193-19302.jpg,161efbd0939de2a16ae82777ba5ee7a87422c78175859ce0da95048475855bad,duplicate,19_PERTINAX/side_a/pertinax 193 02 (1).jpg,PERTINAX
19_PERTINAX/side_a/pertinax AD193-19303 (1).jpg,f6fd2df68d493941714edb95c8abb301fe2a53ae938e21acce561f6df4084705,duplicate,19_PERTINAX/side_a/pertinax 193 03 (1).jpg,PERTINAX
19_PERTINAX/side_a/pertinax AD193-19303.jpg,f6fd2df68d493941714edb95c8abb301fe2a53ae938e21acce561f6df4084705,duplicate,19_PERTINAX/side_a/pertinax 193 03 (1).jpg,PERTINAX
19_PERTINAX/side_a/pertinax AD193-19306 (1).jpg,52a20255449613f22cb0eca74ee8fe4f2bf425ead0ac527afa8702f8b42cfa78,duplicate,19_PERTINAX/side_a/pertinax 193 04 (1).jpg,PERTINAX
19_PERTINAX/side_a/pertinax AD193-19306.jpg,52a20255449613f22cb0eca74ee8fe4f2bf425ead0ac527afa8702f8b42cfa78,duplicate,19_PERTINAX/side_a/pertinax 193 04 (1).jpg,PERTINAX
19_PERTINAX/side_a/pertinax 193 046.jpg,69c71095eeb1d9b4dd8d3d5f4b6731e531a2b2af36d03ef93f7a7bdced6529d8,label_conflict,,GETA|PERTINAX
23_GETA/side_a/Geta AD209-AD21103.jpg,69c71095eeb1d9b4dd8d3d5f4b6731e531a2b2af36d03ef93f7a7bdced6529d8,label_conflict,,GETA|PERTINAX
19_PERTINAX/side_a/pertinax AD193-19307 (1).jpg,ef78238b42c09346072f6663ca0010d99f0c97a1823f61bb328a75fceb7170cd,duplicate,19_PERTINAX/side_a/pertinax 193 05 (1).jpg,PERTINAX
19_PERTINAX/side_a/pertinax AD193-19307.jpg,ef78238b42c09346072f6663ca0010d99f0c97a1823f61bb328a75fceb7170cd,duplicate,19_PERTINAX/side_a/pertinax 193 05 (1).jpg,PERTINAX
19_PERTINAX/side_a/pertinax AD193-19308 (1).jpg,c6a448a71c5ee698ccd6ce9557969da95bf93c92c48d1ec09ce4334841313bbb,duplicate,19_PERTINAX/side_a/pertinax 193 06 (1).jpg,PERTINAX
19_PERTINAX/side_a/pertinax AD193-19308.jpg,c6a448a71c5ee698ccd6ce9557969da95bf93c92c48d1ec09ce4334841313bbb,duplicate,19_PERTINAX/side_a/pertinax 193 06 (1).jpg,PERTINAX
19_PERTINAX/side_a/pertinax AD193-19309 (1).jpg,cd997ec1e3b5f5f4b0f7af2615de7f56465e8cf6e24cce8f4b49fe2c5d96c975,duplicate,19_PERTINAX/side_a/pertinax 193 07 (1).jpg,PERTINAX
19_PERTINAX/side_a/pertinax AD193-19309.jpg,cd997ec1e3b5f5f4b0f7af2615de7f56465e8cf6e24cce8f4b49fe2c5d96c975,duplicate,19_PERTINAX/side_a/pertinax 193 07 (1).jpg,PERTINAX
19_PERTINAX/side_a/pertinax 193 087.jpg,bd0531af2b44867c8ddb337b425c575c2471e23d046c68a712703c5337b8a08a,label_conflict,,DIDIUS JULIANUS|PERTINAX
20_DIDIUS JULIANUS/side_a/Didius Julianus 19365.jpg,bd0531af2b44867c8ddb337b425c575c2471e23d046c68a712703c5337b8a08a,label_conflict,,DIDIUS JULIANUS|PERTINAX
19_PERTINAX/side_a/pertinax 193 088.jpg,6a75a7a6e00f8de6e2431ad5e7f7fc45171bc828c81232fff4302e20da19c3b7,label_conflict,,DIDIUS JULIANUS|PERTINAX
20_DIDIUS JULIANUS/side_a/Didius Julianus 19366.jpg,6a75a7a6e00f8de6e2431ad5e7f7fc45171bc828c81232fff4302e20da19c3b7,label_conflict,,DIDIUS JULIANUS|PERTINAX
19_PERTINAX/side_a/pertinax AD193-19311 (1).jpg,21794f635604aae0bccf2f10ac88c00f7def045034438d2d4b40b926e74af128,duplicate,19_PERTINAX/side_a/pertinax 193 09 (1).jpg,PERTINAX
19_PERTINAX/side_a/pertinax AD193-19311.jpg,21794f635604aae0bccf2f10ac88c00f7def045034438d2d4b40b926e74af128,duplicate,19_PERTINAX/side_a/pertinax 193 09 (1).jpg,PERTINAX
19_PERTINAX/side_a/pertinax AD193-19312 (1).jpg,fd744ee67d21660a50a6e535bca9eab1eba48882db46b04c7db2720c5cd6836b,duplicate,19_PERTINAX/side_a/pertinax 193 10 (1).jpg,PERTINAX
19_PERTINAX/side_a/pertinax AD193-19312.jpg,fd744ee67d21660a50a6e535bca9eab1eba48882db46b04c7db2720c5cd6836b,duplicate,19_PERTINAX/side_a/pertinax 193 10 (1).jpg,PERTINAX
19_PERTINAX/side_a/pertinax AD193-19313 (1).jpg,81e30a413f88b8ac885c909753e4a654d34a058c61204172edbce5a4ce5c8ddc,duplicate,19_PERTINAX/side_a/pertinax 193 11 (1).jpg,PERTINAX
19_PERTINAX/side_a/pertinax AD193-19313.jpg,81e30a413f88b8ac885c909753e4a654d34a058c61204172edbce5a4ce5c8ddc,duplicate,19_PERTINAX/side_a/pertinax 193 11 (1).jpg,PERTINAX
19_PERTINAX/side_a/pertinax AD193-19314 (1).jpg,145e6e01388bad560a68d5b5f2a7244650e8457428a15a478bc182f86a3847b6,duplicate,19_PERTINAX/side_a/pertinax 193 12 (1).jpg,PERTINAX
19_PERTINAX/side_a/pertinax AD193-19314.jpg,145e6e01388bad560a68d5b5f2a7244650e8457428a15a478bc182f86a3847b6,duplicate,19_PERTINAX/side_a/pertinax 193 12 (1).jpg,PERTINAX
19_PERTINAX/side_a/pertinax AD193-19315 (1).jpg,48a79e0e113997c7b84e447560bcd9e82c3ae017c4dbf43a65a64d3d0930d17f,duplicate,19_PERTINAX/side_a/pertinax 193 13 (1).jpg,PERTINAX
19_PERTINAX/side_a/pertinax AD193-19315.jpg,48a79e0e113997c7b84e447560bcd9e82c3ae017c4dbf43a65a64d3d0930d17f,duplicate,19_PERTINAX/side_a/pertinax 193 13 (1).jpg,PERTINAX
19_PERTINAX/side_a/pertinax AD193-19316 (1).jpg,948d1602cd67ca081f930a89b1e1303f96180c9659f1830921caeb5759090653,duplicate,19_PERTINAX/side_a/pertinax 193 14 (1).jpg,PERTINAX
19_PERTINAX/side_a/pertinax AD193-19316.jpg,948d1602cd67ca081f930a89b1e1303f96180c9659f1830921caeb5759090653,duplicate,19_PERTINAX/side_a/pertinax 193 14 (1).jpg,PERTINAX
19_PERTINAX/side_a/pertinax AD193-19317 (1).jpg,7c1e770e9dcd279b7b6d5ae341edba32f3709f0f11a0594e8f5929d32f5b66c9,duplicate,19_PERTINAX/side_a/pertinax 193 15 (1).jpg,PERTINAX
19_PERTINAX/side_a/pertinax AD193-19317.jpg,7c1e770e9dcd279b7b6d5ae341edba32f3709f0f11a0594e8f5929d32f5b66c9,duplicate,19_PERTINAX/side_a/pertinax 193 15 (1).jpg,PERTINAX
19_PERTINAX/side_a/pertinax AD193-19320 (1).jpg,b01736d90b5b2faba75a96afc5c80afd1cddee80e7b0ff900e40c8f4975e97a9,duplicate,19_PERTINAX/side_a/pertinax 193 18 (1).jpg,PERTINAX
19_PERTINAX/side_a/pertinax AD193-19320.jpg,b01736d90b5b2faba75a96afc5c80afd1cddee80e7b0ff900e40c8f4975e97a9,duplicate,19_PERTINAX/side_a/pertinax 193 18 (1).jpg,PERTINAX
19_PERTINAX/side_a/pertinax AD193-19321 (1).jpg,0287ec3435d1b9ff1627b4cb428fb8dee08a69e3581a7e184e7c392dfab15c46,duplicate,19_PERTINAX/side_a/pertinax 193 19 (1).jpg,PERTINAX
19_PERTINAX/side_a/pertinax AD193-19321.jpg,0287ec3435d1b9ff1627b4cb428fb8dee08a69e3581a7e184e7c392dfab15c46,duplicate,19_PERTINAX/side_a/pertinax 193 19 (1).jpg,PERTINAX
19_PERTINAX/side_a/pertinax AD193-19325 (1).jpg,7fda7316582bbeeec5a44ab194ef2c01b247142add2ea221fb8a257be22d2a28,duplicate,19_PERTINAX/side_a/pertinax 193 21 (1).jpg,PERTINAX
19_PERTINAX/side_a/pertinax AD193-19325.jpg,7fda7316582bbeeec5a44ab194ef2c01b247142add2ea221fb8a257be22d2a28,duplicate,19_PERTINAX/side_a/pertinax 193 21 (1).jpg,PERTINAX
19_PERTINAX/side_a/pertinax AD193-19326 (1).jpg,afafb2b81dcf1e6513a111545402064220f8a66d601898bdff99049049fdc364,duplicate,19_PERTINAX/side_a/pertinax 193 22 (1).jpg,PERTINAX
19_PERTINAX/side_a/pertinax AD193-19326.jpg,afafb2b81dcf1e6513a111545402064220f8a66d601898bdff99049049fdc364,duplicate,19_PERTINAX/side_a/pertinax 193 22 (1).jpg,PERTINAX
19_PERTINAX/side_a/pertinax AD193-19327 (1).jpg,c9262888dc9ec070d3ba6067e9e202bb948139a744ee896261b48163c9cfb23f,duplicate,19_PERTINAX/side_a/pertinax 193 23 (1).jpg,PERTINAX
19_PERTINAX/side_a/pertinax AD193-19327.jpg,c9262888dc9ec070d3ba6067e9e202bb948139a744ee896261b48163c9cfb23f,duplicate,19_PERTINAX/side_a/pertinax 193 23 (1).jpg,PERTINAX
19_PERTINAX/side_a/pertinax AD193-19328 (1).jpg,9abce6a5d9b6e89cceb4b12340d3112785f8e38c45b0b4c225951e1df15a6101,duplicate,19_PERTINAX/side_a/pertinax 193 24 (1).jpg,PERTINAX
19_PERTINAX/side_a/pertinax AD193-19328.jpg,9abce6a5d9b6e89cceb4b12340d3112785f8e38c45b0b4c225951e1df15a6101,duplicate,19_PERTINAX/side_a/pertinax 193 24 (1).jpg,PERTINAX
19_PERTINAX/side_a/pertinax AD193-19329 (1).jpg,36ee29c25d99be242d761800e36a825a1acf805015e7fda3a0ff9517eff22e47,duplicate,19_PERTINAX/side_a/pertinax 193 25 (1).jpg,PERTINAX
19_PERTINAX/side_a/pertinax AD193-19329.jpg,36ee29c25d99be242d761800e36a825a1acf805015e7fda3a0ff9517eff22e47,duplicate,19_PERTINAX/side_a/pertinax 193 25 (1).jpg,PERTINAX
19_PERTINAX/side_a/pertinax AD193-19330 (1).jpg,ca73241f9330c4f4a6c15c2b65a9138225c84326e6631f15599136d73e1f97b8,duplicate,19_PERTINAX/side_a/pertinax 193 26 (1).jpg,PERTINAX
19_PERTINAX/side_a/pertinax AD193-19330.jpg,ca73241f9330c4f4a6c15c2b65a9138225c84326e6631f15599136d73e1f97b8,duplicate,19_PERTINAX/side_a/pertinax 193 26 (1).jpg,PERTINAX
19_PERTINAX/side_a/pertinax AD193-19331 (1).jpg,879d2496770a62d74ef742b535c57940e0dbdc2768a2bb8d7a7c01ac06293a91,duplicate,19_PERTINAX/side_a/pertinax 193 27 (1).jpg,PERTINAX
19_PERTINAX/side_a/pertinax AD193-19331.jpg,879d2496770a62d74ef742b535c57940e0dbdc2768a2bb8d7a7c01ac06293a91,duplicate,19_PERTINAX/side_a/pertinax 193 27 (1).jpg,PERTINAX
19_PERTINAX/side_a/pertinax AD193-19332 (1).jpg,79d6f3cf753dbfc4f645ec3370049184f22ccb081b821e37ed6aee42119250d2,duplicate,19_PERTINAX/side_a/pertinax 193 28 (1).jpg,PERTINAX
19_PERTINAX/side_a/pertinax AD193-19332.jpg,79d6f3cf753dbfc4f645ec3370049184f22ccb081b821e37ed6aee42119250d2,duplicate,19_PERTINAX/side_a/pertinax 193 28 (1).jpg,PERTINAX
19_PERTINAX/side_a/pertinax AD193-19333 (1).jpg,7c1c17a94d38c7dfd872b6276966945126fef441736e0a1446f4a35608e26768,duplicate,19_PERTINAX/side_a/pertinax 193 29 (1).jpg,PERTINAX
19_PERTINAX/side_a/pertinax AD193-19333.jpg,7c1c17a94d38c7dfd872b6276966945126fef441736e0a1446f4a35608e26768,duplicate,19_PERTINAX/side_a/pertinax 193 29 (1).jpg,PERTINAX
19_PERTINAX/side_a/pertinax AD193-19334 (1).jpg,a723bff905eb4ab75e8d69b8f546cf65ec5bd38a4d06ab98a2d76a27f00b30ba,duplicate,19_PERTINAX/side_a/pertinax 193 30 (1).jpg,PERTINAX
19_PERTINAX/side_a/pertinax AD193-19334.jpg,a723bff905eb4ab75e8d69b8f546cf65ec5bd38a4d06ab98a2d76a27f00b30ba,duplicate,19_PERTINAX/side_a/pertinax 193 30 (1).jpg,PERTINAX
19_PERTINAX/side_a/pertinax AD193-19335 (1).jpg,5e63a8bc8d2da8da3f9d68712de60742c857eb5b78f0f6482f5284238a282ecc,duplicate,19_PERTINAX/side_a/pertinax 193 31 (1).jpg,PERTINAX
19_PERTINAX/side_a/pertinax AD193-19335.jpg,5e63a8bc8d2da8da3f9d68712de60742c857eb5b78f0f6482f5284238a282ecc,duplicate,19_PERTINAX/side_a/pertinax 193 31 (1).jpg,PERTINAX
19_PERTINAX/side_a/pertinax AD193-19336 (1).jpg,a3b71962f9948387280e6e62cac32dd671faf4644f609bd33b22b9b53a84a0f2,duplicate,19_PERTINAX/side_a/pertinax 193 32 (1).jpg,PERTINAX
19_PERTINAX/side_a/pertinax AD193-19336.jpg,a3b71962f9948387280e6e62cac32dd671faf4644f609bd33b22b9b53a84a0f2,duplicate,19_PERTINAX/side_a/pertinax 193 32 (1).jpg,PERTINAX
19_PERTINAX/side_a/pertinax AD193-19337 (1).jpg,e80c6a7fe70d14e3c52651a6f591136f41e4644bc99195b8329579eeb0e38cca,duplicate,19_PERTINAX/side_a/pertinax 193 33 (1).jpg,PERTINAX
19_PERTINAX/side_a/pertinax AD193-19337.jpg,e80c6a7fe70d14e3c52651a6f591136f41e4644bc99195b8329579eeb0e38cca,duplicate,19_PERTINAX/side_a/pertinax 193 33 (1).jpg,PERTINAX
19_PERTINAX/side_a/pertinax AD193-19338 (1).jpg,359ceacaaf3bd4f4e2c7789f2e84f79fedbd78fbcc4c88ab08d884ab817ec602,duplicate,19_PERTINAX/side_a/pertinax 193 34 (1).jpg,PERTINAX
19_PERTINAX/side_a/pertinax AD193-19338.jpg,359ceacaaf3bd4f4e2c7789f2e84f79fedbd78fbcc4c88ab08d884ab817ec602,duplicate,19_PERTINAX/side_a/pertinax 193 34 (1).jpg,PERTINAX
19_PERTINAX/side_a/pertinax AD193-19339 (1).jpg,f83e1839647659d10347b718187f5d47ce44cd5a9f975786958c900bf568fb90,duplicate,19_PERTINAX/side_a/pertinax 193 35 (1).jpg,PERTINAX
19_PERTINAX/side_a/pertinax AD193-19339.jpg,f83e1839647659d10347b718187f5d47ce44cd5a9f975786958c900bf568fb90,duplicate,19_PERTINAX/side_a/pertinax 193 35 (1).jpg,PERTINAX
19_PERTINAX/side_a/pertinax AD193-19340 (1).jpg,77a7a1a04cab05c23c7d7501f612b0da5600f3c5bb5a2c988828514200e47c8c,duplicate,19_PERTINAX/side_a/pertinax 193 36 (1).jpg,PERTINAX
19_PERTINAX/side_a/pertinax AD193-19340.jpg,77a7a1a04cab05c23c7d7501f612b0da5600f3c5bb5a2c988828514200e47c8c,duplicate,19_PERTINAX/side_a/pertinax 193 36 (1).jpg,PERTINAX
19_PERTINAX/side_a/pertinax AD193-19341 (1).jpg,aa03974a930520c7edc81de672476a908c012d95422e409d7678e0e3707c0109,duplicate,19_PERTINAX/side_a/pertinax 193 37.jpg,PERTINAX
19_PERTINAX/side_a/pertinax AD193-19341.jpg,aa03974a930520c7edc81de672476a908c012d95422e409d7678e0e3707c0109,duplicate,19_PERTINAX/side_a/pertinax 193 37.jpg,PERTINAX
19_PERTINAX/side_a/pertinax AD193-19342 (1).jpg,4d2b08e0f2b8aeab36e832e4754b61b976b89c1cc2d5bfcd0e39786fea9c5492,duplicate,19_PERTINAX/side_a/pertinax 193 38.jpg,PERTINAX
19_PERTINAX/side_a/pertinax AD193-19342.jpg,4d2b08e0f2b8aeab36e832e4754b61b976b89c1cc2d5bfcd0e39786fea9c5492,duplicate,19_PERTINAX/side_a/pertinax 193 38.jpg,PERTINAX
19_PERTINAX/side_a/pertinax AD193-19343 (1).jpg,57ed232eedb543488d76eec6a432772156c0f0f12bf22ecace1f96ff1081cf20,duplicate,19_PERTINAX/side_a/pertinax 193 39.jpg,PERTINAX
19_PERTINAX/side_a/pertinax AD193-19343.jpg,57ed232eedb543488d76eec6a432772156c0f0f12bf22ecace1f96ff1081cf20,duplicate,19_PERTINAX/side_a/pertinax 193 39.jpg,PERTINAX
19_PERTINAX/side_a/pertinax AD193-19344 (1).jpg,121fc59b2ae83fbc72a93b0a9c50d9eeedddf2c08da17ffdf98624dd8d982e01,duplicate,19_PERTINAX/side_a/pertinax 193 40.jpg,PERTINAX
19_PERTINAX/side_a/pertinax AD193-19344.jpg,121fc59b2ae83fbc72a93b0a9c50d9eeedddf2c08da17ffdf98624dd8d982e01,duplicate,19_PERTINAX/side_a/pertinax 193 40.jpg,PERTINAX
19_PERTINAX/side_a/pertinax AD193-19345 (1).jpg,2404db45ad4f168f3de14eaf1119971a6a76c776e16441505970f7534c2506df,duplicate,19_PERTINAX/side_a/pertinax 193 41.jpg,PERTINAX
19_PERTINAX/side_a/pertinax AD193-19345.jpg,2404db45ad4f168f3de14eaf1119971a6a76c776e16441505970f7534c2506df,duplicate,19_PERTINAX/side_a/pertinax 193 41.jpg,PERTINAX
19_PERTINAX/side_a/pertinax AD193-19346 (1).jpg,31cbe9468f5e87416019a81b1b74ae363c4f2d7d4e67aa5e63a2ef336550dc73,duplicate,19_PERTINAX/side_a/pertinax 193 42.jpg,PERTINAX
19_PERTINAX/side_a/pertinax AD193-19346.jpg,31cbe9468f5e87416019a81b1b74ae363c4f2d7d4e67aa5e63a2ef336550dc73,duplicate,19_PERTINAX/side_a/pertinax 193 42.jpg,PERTINAX
19_PERTINAX/side_a/pertinax AD193-19347 (1).jpg,784da1057017453e8f78c49e6cce7f111f24024c338d1d43fce03dcc1672d1c5,duplicate,19_PERTINAX/side_a/pertinax 193 43.jpg,PERTINAX
19_PERTINAX/side_a/pertinax AD193-19347.jpg,784da1057017453e8f78c49e6cce7f111f24024c338d1d43fce03dcc1672d1c5,duplicate,19_PERTINAX/side_a/pertinax 193 43.jpg,PERTINAX
19_PERTINAX/side_a/pertinax AD193-19348 (1).jpg,8da0365a7315054333db844ad483fae35fb4a2befb9cc76f96ad16ebb2382a9b,duplicate,19_PERTINAX/side_a/pertinax 193 44.jpg,PERTINAX
19_PERTINAX/side_a/pertinax AD193-19348.jpg,8da0365a7315054333db844ad483fae35fb4a2befb9cc76f96ad16ebb2382a9b,duplicate,19_PERTINAX/side_a/pertinax 193 44.jpg,PERTINAX
19_PERTINAX/side_a/pertinax AD193-19349 (1).jpg,625fa870568657bc1e4dbfd60835bf6686553c8042a74625073776daa7546fb1,duplicate,19_PERTINAX/side_a/pertinax 193 45.jpg,PERTINAX
19_PERTINAX/side_a/pertinax AD193-19349.jpg,625fa870568657bc1e4dbfd60835bf6686553c8042a74625073776daa7546fb1,duplicate,19_PERTINAX/side_a/pertinax 193 45.jpg,PERTINAX
19_PERTINAX/side_a/pertinax AD193-19350 (1).jpg,fda98977edf7fd5de5460be263fd90b938a1c0150b45cbeb269805aa87abf0c8,duplicate,19_PERTINAX/side_a/pertinax 193 46.jpg,PERTINAX
19_PERTINAX/side_a/pertinax AD193-19350.jpg,fda98977edf7fd5de5460be263fd90b938a1c0150b45cbeb269805aa87abf0c8,duplicate,19_PERTINAX/side_a/pertinax 193 46.jpg,PERTINAX
19_PERTINAX/side_a/pertinax AD193-19351 (1).jpg,32cbbb9ee9a6e248ab4daf1cc048316d7c862462033802966bbf0e895574d4b4,duplicate,19_PERTINAX/side_a/pertinax 193 47.jpg,PERTINAX
19_PERTINAX/side_a/pertinax AD193-19351.jpg,32cbbb9ee9a6e248ab4daf1cc048316d7c862462033802966bbf0e895574d4b4,duplicate,19_PERTINAX/side_a/pertinax 193 47.jpg,PERTINAX
19_PERTINAX/side_a/pertinax AD193-19354 (1).jpg,5c3d94f36c67f51f82764f73c3f60f287a92f410e1fbb6acadb56c7fa669f565,duplicate,19_PERTINAX/side_a/pertinax 193 50.jpg,PERTINAX
19_PERTINAX/side_a/pertinax AD193-19354.jpg,5c3d94f36c67f51f82764f73c3f60f287a92f410e1fbb6acadb56c7fa669f565,duplicate,19_PERTINAX/side_a/pertinax 193 50.jpg,PERTINAX
19_PERTINAX/side_a/pertinax AD193-19355 (1).jpg,37d54ecebe195065b26612641fc4bc49eeff773423e677cdb2af5f91027f6a5a,duplicate,19_PERTINAX/side_a/pertinax 193 51.jpg,PERTINAX
19_PERTINAX/side_a/pertinax AD193-19355.jpg,37d54ecebe195065b26612641fc4bc49eeff773423e677cdb2af5f91027f6a5a,duplicate,19_PERTINAX/side_a/pertinax 193 51.jpg,PERTINAX
19_PERTINAX/side_a/pertinax AD193-19356 (1).jpg,a98f004c31d8b0921add0f8c7908b2e7eb54466ad4e10ed1eaa39cad0f3eb812,duplicate,19_PERTINAX/side_a/pertinax 193 52.jpg,PERTINAX
19_PERTINAX/side_a/pertinax AD193-19356.jpg,a98f004c31d8b0921add0f8c7908b2e7eb54466ad4e10ed1eaa39cad0f3eb812,duplicate,19_PERTINAX/side_a/pertinax 193 52.jpg,PERTINAX
19_PERTINAX/side_a/pertinax AD193-19357 (1).jpg,133a0ee8c220899bb665cf0b1fcbf5d9bf1d801b236ed3e063056909f4cd6e9f,duplicate,19_PERTINAX/side_a/pertinax 193 53.jpg,PERTINAX
19_PERTINAX/side_a/pertinax AD193-19357.jpg,133a0ee8c220899bb665cf0b1fcbf5d9bf1d801b236ed3e063056909f4cd6e9f,duplicate,19_PERTINAX/side_a/pertinax 193 53.jpg,PERTINAX
19_PERTINAX/side_a/pertinax AD193-19358 (1).jpg,c50b18a8269ad4991417e134e6a58e9657ca7c3914b87012c8efd39ff6f0c6a0,duplicate,19_PERTINAX/side_a/pertinax 193 54.jpg,PERTINAX
19_PERTINAX/side_a/pertinax AD193-19358.jpg,c50b18a8269ad4991417e134e6a58e9657ca7c3914b87012c8efd39ff6f0c6a0,duplicate,19_PERTINAX/side_a/pertinax 193 54.jpg,PERTINAX
19_PERTINAX/side_a/pertinax AD193-19359 (1).jpg,9e79647955a849539395f91557124872ab65ba90a7dedfd89b67e74fcf87b0d0,duplicate,19_PERTINAX/side_a/pertinax 193 55.jpg,PERTINAX
19_PERTINAX/side_a/pertinax AD193-19359.jpg,9e79647955a849539395f91557124872ab65ba90a7dedfd89b67e74fcf87b0d0,duplicate,19_PERTINAX/side_a/pertinax 193 55.jpg,PERTINAX
19_PERTINAX/side_a/pertinax AD193-19360 (1).jpg,b374e5024589d43548384f69bf7c78ce7988fdc7be64786e53faa2ac3a88b20f,duplicate,19_PERTINAX/side_a/pertinax 193 56.jpg,PERTINAX
19_PERTINAX/side_a/pertinax AD193-19360.jpg,b374e5024589d43548384f69bf7c78ce7988fdc7be64786e53faa2ac3a88b20f,duplicate,19_PERTINAX/side_a/pertinax 193 56.jpg,PERTINAX
19_PERTINAX/side_a/pertinax AD193-19361 (1).jpg,2542ad2aa35b8e7bfa8bf195ffc6c908870cf86c1d98a4b45f391dfbaa25a662,duplicate,19_PERTINAX/side_a/pertinax 193 57.jpg,PERTINAX
19_PERTINAX/side_a/pertinax AD193-19361.jpg,2542ad2aa35b8e7bfa8bf195ffc6c908870cf86c1d98a4b45f391dfbaa25a662,duplicate,19_PERTINAX/side_a/pertinax 193 57.jpg,PERTINAX
19_PERTINAX/side_a/pertinax AD193-19362 (1).jpg,f9822282f279c72bd7491796337b0d59136ce3a728400266dd8e73f18eecfa26,duplicate,19_PERTINAX/side_a/pertinax 193 58.jpg,PERTINAX
19_PERTINAX/side_a/pertinax AD193-19362.jpg,f9822282f279c72bd7491796337b0d59136ce3a728400266dd8e73f18eecfa26,duplicate,19_PERTINAX/side_a/pertinax 193 58.jpg,PERTINAX
19_PERTINAX/side_a/pertinax AD193-19363 (1).jpg,e78fe5dbbfa98fea80fda3376ffd50f85a1e68ff37cac2057032cade82b52459,duplicate,19_PERTINAX/side_a/pertinax 193 59.jpg,PERTINAX
19_PERTINAX/side_a/pertinax AD193-19363.jpg,e78fe5dbbfa98fea80fda3376ffd50f85a1e68ff37cac2057032cade82b52459,duplicate,19_PERTINAX/side_a/pertinax 193 59.jpg,PERTINAX
19_PERTINAX/side_a/pertinax AD193-19364 (1).jpg,06b61c973a5028ca1ecfefbc236f9506478d9bcfd93108bb89253419cb5a34f4,duplicate,19_PERTINAX/side_a/pertinax 193 60.jpg,PERTINAX
19_PERTINAX/side_a/pertinax AD193-19364.jpg,06b61c973a5028ca1ecfefbc236f9506478d9bcfd93108bb89253419cb5a34f4,duplicate,19_PERTINAX/side_a/pertinax 193 60.jpg,PERTINAX
19_PERTINAX/side_a/pertinax AD193-19365 (1).jpg,2388859b88bc02196c54867a6f01a0b1dc7d316d2c4aa0d8b138c4f82e068012,duplicate,19_PERTINAX/side_a/pertinax 193 61.jpg,PERTINAX
19_PERTINAX/side_a/pertinax AD193-19365.jpg,2388859b88bc02196c54867a6f01a0b1dc7d316d2c4aa0d8b138c4f82e068012,duplicate,19_PERTINAX/side_a/pertinax 193 61.jpg,PERTINAX
19_PERTINAX/side_a/pertinax AD193-19366 (1).jpg,6219b17c656d52d1f7270d5c207f5526f3257af14e154377db4834b8c527b247,duplicate,19_PERTINAX/side_a/pertinax 193 62.jpg,PERTINAX
19_PERTINAX/side_a/pertinax AD193-19366.jpg,6219b17c656d52d1f7270d5c207f5526f3257af14e154377db4834b8c527b247,duplicate,19_PERTINAX/side_a/pertinax 193 62.jpg,PERTINAX
19_PERTINAX/side_a/pertinax AD193-19367 (1).jpg,dc79c00ed1a762677f870b97130ddb93a4076fb87564262c553dcd654c799697,duplicate,19_PERTINAX/side_a/pertinax 193 63.jpg,PERTINAX
19_PERTINAX/side_a/pertinax AD193-19367.jpg,dc79c00ed1a762677f870b97130ddb93a4076fb87564262c553dcd654c799697,duplicate,19_PERTINAX/side_a/pertinax 193 63.jpg,PERTINAX
19_PERTINAX/side_a/pertinax AD193-19368 (1).jpg,555cc80e55fe26b1de5be3cb9a7ea1a58a828db4dc0009c41894666ac772cfc7,duplicate,19_PERTINAX/side_a/pertinax 193 64.jpg,PERTINAX
19_PERTINAX/side_a/pertinax AD193-19368.jpg,555cc80e55fe26b1de5be3cb9a7ea1a58a828db4dc0009c41894666ac772cfc7,duplicate,19_PERTINAX/side_a/pertinax 193 64.jpg,PERTINAX
19_PERTINAX/side_a/pertinax AD193-19369 (1).jpg,c6a1edf152f6ebad459c943fdd553ce38d9fd8767dda06718d78793f9ba7a860,duplicate,19_PERTINAX/side_a/pertinax 193 65.jpg,PERTINAX
19_PERTINAX/side_a/pertinax AD193-19369.jpg,c6a1edf152f6ebad459c943fdd553ce38d9fd8767dda06718d78793f9ba7a860,duplicate,19_PERTINAX/side_a/pertinax 193 65.jpg,PERTINAX
19_PERTINAX/side_a/pertinax AD193-19370 (1).jpg,33fe09eb4151fed1f37d95535c425687058562efbfdd00884466f166b4ac46ea,duplicate,19_PERTINAX/side_a/pertinax 193 66.jpg,PERTINAX
19_PERTINAX/side_a/pertinax AD193-19370.jpg,33fe09eb4151fed1f37d95535c425687058562efbfdd00884466f166b4ac46ea,duplicate,19_PERTINAX/side_a/pertinax 193 66.jpg,PERTINAX
19_PERTINAX/side_a/pertinax AD193-19371 (1).jpg,1368796bb6a1592214fd93da6c1c00ed75ae434a7fabbb572a5df9fc040b7bf5,duplicate,19_PERTINAX/side_a/pertinax 193 67.jpg,PERTINAX
19_PERTINAX/side_a/pertinax AD193-19371.jpg,1368796bb6a1592214fd93da6c1c00ed75ae434a7fabbb572a5df9fc040b7bf5,duplicate,19_PERTINAX/side_a/pertinax 193 67.jpg,PERTINAX
19_PERTINAX/side_a/pertinax AD193-19372 (1).jpg,9dce5ead1978f0b2506814ad33b94f5bc1358ebba833dc6e0f58ab7f912d842b,duplicate,19_PERTINAX/side_a/pertinax 193 68.jpg,PERTINAX
19_PERTINAX/side_a/pertinax AD193-19372.jpg,9dce5ead1978f0b2506814ad33b94f5bc1358ebba833dc6e0f58ab7f912d842b,duplicate,19_PERTINAX/side_a/pertinax 193 68.jpg,PERTINAX
19_PERTINAX/side_a/pertinax AD193-19373 (1).jpg,775f399eb9ebd9c5e66c6b9a00975c166cdaffb6009ec1ecce5739f70666cc12,duplicate,19_PERTINAX/side_a/pertinax 193 69.jpg,PERTINAX
19_PERTINAX/side_a/pertinax AD193-19373.jpg,775f399eb9ebd9c5e66c6b9a00975c166cdaffb6009ec1ecce5739f70666cc12,duplicate,19_PERTINAX/side_a/pertinax 193 69.jpg,PERTINAX
19_PERTINAX/side_a/pertinax AD193-19374 (1).jpg,34630bc387da6b874781790529120684dad794fd4f01909b71e1afa22f85484f,duplicate,19_PERTINAX/side_a/pertinax 193 70.jpg,PERTINAX
19_PERTINAX/side_a/pertinax AD193-19374.jpg,34630bc387da6b874781790529120684dad794fd4f01909b71e1afa22f85484f,duplicate,19_PERTINAX/side_a/pertinax 193 70.jpg,PERTINAX
19_PERTINAX/side_a/pertinax AD193-19375 (1).jpg,56929a72a08e8499984e31e818153c6ff71885e193c81920326db981794a30ea,duplicate,19_PERTINAX/side_a/pertinax 193 71.jpg,PERTINAX
19_PERTINAX/side_a/pertinax AD193-19375.jpg,56929a72a08e8499984e31e818153c6ff71885e193c81920326db981794a30ea,duplicate,19_PERTINAX/side_a/pertinax 193 71.jpg,PERTINAX
19_PERTINAX/side_a/pertinax AD193-19376 (1).jpg,8634afa3464f733afc96b8cdadf8fabdd2bbbb91e4a1c31395a7d8ad6191e10a,duplicate,19_PERTINAX/side_a/pertinax 193 72.jpg,PERTINAX
19_PERTINAX/side_a/pertinax AD193-19376.jpg,8634afa3464f733afc96b8cdadf8fabdd2bbbb91e4a1c31395a7d8ad6191e10a,duplicate,19_PERTINAX/side_a/pertinax 193 72.jpg,PERTINAX
19_PERTINAX/side_a/pertinax AD193-19377 (1).jpg,cd31c6ce37375ba0eca62aebc0eb166363fc271c279ec596912c3a743194230e,duplicate,19_PERTINAX/side_a/pertinax 193 73.jpg,PERTINAX
19_PERTINAX/side_a/pertinax AD193-19377.jpg,cd31c6ce37375ba0eca62aebc0eb166363fc271c279ec596912c3a743194230e,duplicate,19_PERTINAX/side_a/pertinax 193 73.jpg,PERTINAX
19_PERTINAX/side_a/pertinax AD193-19378 (1).jpg,bb9ca6fbf25d5f90edf1f0fc23fbcd6a949c27f656178de9bea69daf0de027bc,duplicate,19_PERTINAX/side_a/pertinax 193 74.jpg,PERTINAX
19_PERTINAX/side_a/pertinax AD193-19378.jpg,bb9ca6fbf25d5f90edf1f0fc23fbcd6a949c27f656178de9bea69daf0de027bc,duplicate,19_PERTINAX/side_a/pertinax 193 74.jpg,PERTINAX
19_PERTINAX/side_a/pertinax AD193-19379 (1).jpg,11a0b59610c0b97cc6afdcc143f612cb024fd8cab4e1d3626edf8516406b7877,duplicate,19_PERTINAX/side_a/pertinax 193 75.jpg,PERTINAX
19_PERTINAX/side_a/pertinax AD193-19379.jpg,11a0b59610c0b97cc6afdcc143f612cb024fd8cab4e1d3626edf8516406b7877,duplicate,19_PERTINAX/side_a/pertinax 193 75.jpg,PERTINAX
19_PERTINAX/side_a/pertinax AD193-19380 (1).jpg,f16b2c5ea5c540dacfe18c846eb7b646fdca216629faad10eba6ed84109c6119,duplicate,19_PERTINAX/side_a/pertinax 193 76.jpg,PERTINAX
19_PERTINAX/side_a/pertinax AD193-19380.jpg,f16b2c5ea5c540dacfe18c846eb7b646fdca216629faad10eba6ed84109c6119,duplicate,19_PERTINAX/side_a/pertinax 193 76.jpg,PERTINAX
19_PERTINAX/side_a/pertinax AD193-19381 (1).jpg,4b30f9149f5fee726ef906e429579a3324bc206ea529e3db2d101bc6356e6821,duplicate,19_PERTINAX/side_a/pertinax 193 77.jpg,PERTINAX
19_PERTINAX/side_a/pertinax AD193-19381.jpg,4b30f9149f5fee726ef906e429579a3324bc206ea529e3db2d101bc6356e6821,duplicate,19_PERTINAX/side_a/pertinax 193 77.jpg,PERTINAX
19_PERTINAX/side_a/pertinax AD193-19382 (1).jpg,d7c06c9b15304c1e786b5d52e76c08f762cf67ae3b8b071e8b8def1ec906b583,duplicate,19_PERTINAX/side_a/pertinax 193 78.jpg,PERTINAX
19_PERTINAX/side_a/pertinax AD193-19382.jpg,d7c06c9b15304c1e786b5d52e76c08f762cf67ae3b8b071e8b8def1ec906b583,duplicate,19_PERTINAX/side_a/pertinax 193 78.jpg,PERTINAX
19_PERTINAX/side_a/pertinax AD193-19383 (1).jpg,06ce3c26a26538bb3469c32b0414e73cef93dc18d7c149f6e78d8a185f833805,duplicate,19_PERTINAX/side_a/pertinax 193 79.jpg,PERTINAX
19_PERTINAX/side_a/pertinax AD193-19383.jpg,06ce3c26a26538bb3469c32b0414e73cef93dc18d7c149f6e78d8a185f833805,duplicate,19_PERTINAX/side_a/pertinax 193 79.jpg,PERTINAX
19_PERTINAX/side_a/pertinax AD193-19384 (1).jpg,17181062bd26e276650d2e512a62c33165c8d997750fed8934593ffeb4c2a1bc,duplicate,19_PERTINAX/side_a/pertinax 193 80.jpg,PERTINAX
19_PERTINAX/side_a/pertinax AD193-19384.jpg,17181062bd26e276650d2e512a62c33165c8d997750fed8934593ffeb4c2a1bc,duplicate,19_PERTINAX/side_a/pertinax 193 80.jpg,PERTINAX
19_PERTINAX/side_a/pertinax AD193-19385 (1).jpg,6fec2c8a27a7f6546b7a53f4138cb29f59a4688a282b822d229da9a8329d8b79,duplicate,19_PERTINAX/side_a/pertinax 193 81.jpg,PERTINAX
19_PERTINAX/side_a/pertinax AD193-19385.jpg,6fec2c8a27a7f6546b7a53f4138cb29f59a4688a282b822d229da9a8329d8b79,duplicate,19_PERTINAX/side_a/pertinax 193 81.jpg,PERTINAX
19_PERTINAX/side_a/pertinax AD193-19386 (1).jpg,745e2be16160abdace8f143b4ebd0d6f6f27e887dfe3f94803fb44c6abdd4c74,duplicate,19_PERTINAX/side_a/pertinax 193 82.jpg,PERTINAX
19_PERTINAX/side_a/pertinax AD193-19386.jpg,745e2be16160abdace8f143b4ebd0d6f6f27e887dfe3f94803fb44c6abdd4c74,duplicate,19_PERTINAX/side_a/pertinax 193 82.jpg,PERTINAX
19_PERTINAX/side_a/pertinax AD193-19387 (1).jpg,e71fa76ea7d0c623e141b8299eef3473b44d4070a98e59af042c4463ba900d72,duplicate,19_PERTINAX/side_a/pertinax 193 83.jpg,PERTINAX
19_PERTINAX/side_a/pertinax AD193-19387.jpg,e71fa76ea7d0c623e141b8299eef3473b44d4070a98e59af042c4463ba900d72,duplicate,19_PERTINAX/side_a/pertinax 193 83.jpg,PERTINAX
19_PERTINAX/side_a/pertinax AD193-19388 (1).jpg,df5ac3c75261f29617a620bf412a6df52cbd5bead780272fe183df4aba4defb3,duplicate,19_PERTINAX/side_a/pertinax 193 84.jpg,PERTINAX
19_PERTINAX/side_a/pertinax AD193-19388.jpg,df5ac3c75261f29617a620bf412a6df52cbd5bead780272fe183df4aba4defb3,duplicate,19_PERTINAX/side_a/pertinax 193 84.jpg,PERTINAX
19_PERTINAX/side_a/pertinax AD193-19389 (1).jpg,502f8333cfc72a7d11cf829bef03efe3da26bbca4f7f3901aec017457c3aecef,duplicate,19_PERTINAX/side_a/pertinax 193 85.jpg,PERTINAX
19_PERTINAX/side_a/pertinax AD193-19389.jpg,502f8333cfc72a7d11cf829bef03efe3da26bbca4f7f3901aec017457c3aecef,duplicate,19_PERTINAX/side_a/pertinax 193 85.jpg,PERTINAX
19_PERTINAX/side_a/pertinax AD193-19390 (1).jpg,3baf2d5c7d6cf9dd195f0c255f2803fd8530853d769c2f3a58ab631050713e99,duplicate,19_PERTINAX/side_a/pertinax 193 86.jpg,PERTINAX
19_PERTINAX/side_a/pertinax AD193-19390.jpg,3baf2d5c7d6cf9dd195f0c255f2803fd8530853d769c2f3a58ab631050713e99,duplicate,19_PERTINAX/side_a/pertinax 193 86.jpg,PERTINAX
19_PERTINAX/side_a/pertinax AD193-19391 (1).jpg,1ffd752d3101c72f439bae4654cb11260f714ab3229692e56e983073d5797049,duplicate,19_PERTINAX/side_a/pertinax 193 87.jpg,PERTINAX
19_PERTINAX/side_a/pertinax AD193-19391.jpg,1ffd752d3101c72f439bae4654cb11260f714ab3229692e56e983073d5797049,duplicate,19_PERTINAX/side_a/pertinax 193 87.jpg,PERTINAX
19_PERTINAX/side_a/pertinax AD193-19392 (1).jpg,bbfe944ab6415ce520ab0e02a31f78032e4e94a392bcc27248463e97d7451f14,duplicate,19_PERTINAX/side_a/pertinax 193 88.jpg,PERTINAX
19_PERTINAX/side_a/pertinax AD193-19392.jpg,bbfe944ab6415ce520ab0e02a31f78032e4e94a392bcc27248463e97d7451f14,duplicate,19_PERTINAX/side_a/pertinax 193 88.jpg,PERTINAX
19_PERTINAX/side_a/pertinax AD193-19393 (1).jpg,2d21a9d07f3e349d894447692c4aa45743d5089d0c7836a63536d46bbaa8b755,duplicate,19_PERTINAX/side_a/pertinax 193 89.jpg,PERTINAX
19_PERTINAX/side_a/pertinax AD193-19393.jpg,2d21a9d07f3e349d894447692c4aa45743d5089d0c7836a63536d46bbaa8b755,duplicate,19_PERTINAX/side_a/pertinax 193 89.jpg,PERTINAX
19_PERTINAX/side_a/pertinax AD193-19394 (1).jpg,4a47b08b9db652872d585281c8628bfdbc9fde7721c999dd44b90d4ad609e24e,duplicate,19_PERTINAX/side_a/pertinax 193 90.jpg,PERTINAX
19_PERTINAX/side_a/pertinax AD193-19394.jpg,4a47b08b9db652872d585281c8628bfdbc9fde7721c999dd44b90d4ad609e24e,duplicate,19_PERTINAX/side_a/pertinax 193 90.jpg,PERTINAX
19_PERTINAX/side_a/pertinax AD193-19395 (1).jpg,2d61e94ea124b767aebc0a242dcdc61d870751bb08205e6501a3ba3fed720dcb,duplicate,19_PERTINAX/side_a/pertinax 193 91.jpg,PERTINAX
19_PERTINAX/side_a/pertinax AD193-19395.jpg,2d61e94ea124b767aebc0a242dcdc61d870751bb08205e6501a3ba3fed720dcb,duplicate,19_PERTINAX/side_a/pertinax 193 91.jpg,PERTINAX
19_PERTINAX/side_a/pertinax AD193-19396 (1).jpg,d970cf8d1de46e995946ce7e3d77edf7f4280f349f66d760ad99eedce480f476,duplicate,19_PERTINAX/side_a/pertinax 193 92.jpg,PERTINAX
19_PERTINAX/side_a/pertinax AD193-19396.jpg,d970cf8d1de46e995946ce7e3d77edf7f4280f349f66d760ad99eedce480f476,duplicate,19_PERTINAX/side_a/pertinax 193 92.jpg,PERTINAX
19_PERTINAX/side_a/pertinax AD193-19304.jpg,dd718c61accb08fe581449681bca89b10b2e990d0a55d79828855d9090df5a8a,duplicate,19_PERTINAX/side_a/pertinax AD193-19304 (1).jpg,PERTINAX
19_PERTINAX/side_a/pertinax AD193-19305.jpg,c990c196a2a47c1e66d80400b9f5a6cf903a71138a652db687744225de9e195a,duplicate,19_PERTINAX/side_a/pertinax AD193-19305 (1).jpg,PERTINAX
19_PERTINAX/side_a/pertinax AD193-19313 (2).jpg,58e013bab8ac8b210307c748de34ee75894ab1432b9492eebfc740ca3be8ea35,label_conflict,,DIDIUS JULIANUS|PERTINAX
20_DIDIUS JULIANUS/side_a/Didius Julianus 19308 (1).jpg,58e013bab8ac8b210307c748de34ee75894ab1432b9492eebfc740ca3be8ea35,label_conflict,,DIDIUS JULIANUS|PERTINAX
19_PERTINAX/side_a/pertinax AD193-19324.jpg,3a94d4223a67499765201a409662890a076e19ee3af8040fef879d7e17ce82c9,duplicate,19_PERTINAX/side_a/pertinax AD193-19324 (1).jpg,PERTINAX
20_DIDIUS JULIANUS/side_a/Didius Julianus AD193-19301.jpg,bffeb8a389879516caf4224eb3023c8c49d0e9ebaa4848bbb1a43af98ed051f3,duplicate,20_DIDIUS JULIANUS/side_a/Didius Julianus 19301 (4).jpg,DIDIUS JULIANUS
20_DIDIUS JULIANUS/side_a/Didius Julianus 19302 (3).jpg,84bfe3abe265e3ab1a50773dcec1829fc8a079df33acee49c8540bc723eea166,duplicate,20_DIDIUS JULIANUS/side_a/Didius Julianus 19302 (2).jpg,DIDIUS JULIANUS
20_DIDIUS JULIANUS/side_a/Didius Julianus AD193-19302.jpg,0099ddf1c21fd51ce80c19fa8df90a25d14bdf4fd0e513f779d83079414837a5,duplicate,20_DIDIUS JULIANUS/side_a/Didius Julianus 19302 (4).jpg,DIDIUS JULIANUS
20_DIDIUS JULIANUS/side_a/Didius Julianus 19303 (3).jpg,19784732b303dcce2bc5b38655cac00d0c2344b4ec0d87208eee2ac37763ab77,duplicate,20_DIDIUS JULIANUS/side_a/Didius Julianus 19303 (2).jpg,DIDIUS JULIANUS
20_DIDIUS JULIANUS/side_a/Didius Julianus AD193-19303.jpg,9d613d6bd7b42a75dbf72a4d8307312a8cd25c327c8cc4108c77989d65e38440,duplicate,20_DIDIUS JULIANUS/side_a/Didius Julianus 19303 (4).jpg,DIDIUS JULIANUS
20_DIDIUS JULIANUS/side_a/Didius Julianus 19304 (3).jpg,1ac0b6c6629b718bad2fada29f123cce9ff88401f703bd9a8fe96bf60a7ee355,duplicate,20_DIDIUS JULIANUS/side_a/Didius Julianus 19304 (2).jpg,DIDIUS JULIANUS
20_DIDIUS JULIANUS/side_a/Didius Julianus AD193-19304.jpg,f970d416944506a5abe6aaea518eda919cc043729691e37ca2cd3a26839d9303,duplicate,20_DIDIUS JULIANUS/side_a/Didius Julianus 19304 (4).jpg,DIDIUS JULIANUS
20_DIDIUS JULIANUS/side_a/Didius Julianus 19305 (3).jpg,013a7d55746b1d10a6b3de2571d888863918d0cb7e3a039ea8691ab5e2b9aa69,duplicate,20_DIDIUS JULIANUS/side_a/Didius Julianus 19305 (2).jpg,DIDIUS JULIANUS
20_DIDIUS JULIANUS/side_a/Didius Julianus AD193-19305.jpg,d52bc6c8e993bbfb5732c8c30b483b2047326897c28e79aa5365b68b1f1e9d42,duplicate,20_DIDIUS JULIANUS/side_a/Didius Julianus 19305 (4).jpg,DIDIUS JULIANUS
20_DIDIUS JULIANUS/side_a/Didius Julianus 19306 (3).jpg,3d244625a37de26ea2ed567ebb108ef76448fca0cbc36bdf0abf1c453cab17f1,duplicate,20_DIDIUS JULIANUS/side_a/Didius Julianus 19306 (2).jpg,DIDIUS JULIANUS
20_DIDIUS JULIANUS/side_a/Didius Julianus AD193-19306.jpg,04fb9719f0e99a5dd4183837bb44f3650c8cd67c3fc51d97a724ccfeee7810b7,duplicate,20_DIDIUS JULIANUS/side_a/Didius Julianus 19306 (4).jpg,DIDIUS JULIANUS
20_DIDIUS JULIANUS/side_a/Didius Julianus 19307 (3).jpg,b99288ade9bdf7145c570f2431de22a32b7a4f64a611ad7fff59b2088e962785,duplicate,20_DIDIUS JULIANUS/side_a/Didius Julianus 19307 (2).jpg,DIDIUS JULIANUS
20_DIDIUS JULIANUS/side_a/Didius Julianus AD193-19307.jpg,7a7222edc11bb079ac65e1a41592a7f7c35d64e83445ec128b3c5b80f7f0b318,duplicate,20_DIDIUS JULIANUS/side_a/Didius Julianus 19307 (4).jpg,DIDIUS JULIANUS
20_DIDIUS JULIANUS/side_a/Didius Julianus 19308 (3).jpg,df65b078f4825293c91501124627bc673039b6624ae0b8e0a5ad72a652a4a80e,duplicate,20_DIDIUS JULIANUS/side_a/Didius Julianus 19308 (2).jpg,DIDIUS JULIANUS
20_DIDIUS JULIANUS/side_a/Didius Julianus 19309 (3).jpg,d4d9126861168ca76339f75b32126db2930d07790e732fb277a96dedbeec8481,duplicate,20_DIDIUS JULIANUS/side_a/Didius Julianus 19309 (2).jpg,DIDIUS JULIANUS
20_DIDIUS JULIANUS/side_a/Didius Julianus AD193-19309.jpg,d38996ac554a91cdd93a3d1cf9e461f9388459596a04c7b57a7f15b82797ce88,duplicate,20_DIDIUS JULIANUS/side_a/Didius Julianus 19309 (4).jpg,DIDIUS JULIANUS
20_DIDIUS JULIANUS/side_a/Didius Julianus 19310 (3).jpg,80384d4bbe51be4d084ba4dbdd9aaf9f6bd1d81b04877febaca113324cef0113,duplicate,20_DIDIUS JULIANUS/side_a/Didius Julianus 19310 (2).jpg,DIDIUS JULIANUS
20_DIDIUS JULIANUS/side_a/Didius Julianus AD193-19310.jpg,29ac48bbbf8bba4797849e36962cffb687e4bbc277edb7e3295ba4d875f315f1,duplicate,20_DIDIUS JULIANUS/side_a/Didius Julianus 19310 (4).jpg,DIDIUS JULIANUS
20_DIDIUS JULIANUS/side_a/Didius Julianus AD193-19311.jpg,952f2364879c846430415bf92bc09a5d0e273968aa3dab0020fe3d7302c8e3ac,duplicate,20_DIDIUS JULIANUS/side_a/Didius Julianus 19311 (4).jpg,DIDIUS JULIANUS
20_DIDIUS JULIANUS/side_a/Didius Julianus 19312 (3).jpg,858fdce0a64a74cb43587ab95246fd6ed5fb18daa147c83d713515017818c0f6,duplicate,20_DIDIUS JULIANUS/side_a/Didius Julianus 19312 (2).jpg,DIDIUS JULIANUS
20_DIDIUS JULIANUS/side_a/Didius Julianus AD193-19312.jpg,8d3982a9be371127ba6280b27bb38cbc76ea27d28a6f02639fe792f7e457cf82,duplicate,20_DIDIUS JULIANUS/side_a/Didius Julianus 19312 (4).jpg,DIDIUS JULIANUS
20_DIDIUS JULIANUS/side_a/Didius Julianus 19313 (3).jpg,1d18ed9131c428bc57bbdab9716619ee643636be788079c37163fc65b8c54600,duplicate,20_DIDIUS JULIANUS/side_a/Didius Julianus 19313 (2).jpg,DIDIUS JULIANUS
20_DIDIUS JULIANUS/side_a/Didius Julianus AD193-19313.jpg,2381f144c552841a7926f8e4f495c4c5113abe695b079ac5f4abc8fdda2c8909,duplicate,20_DIDIUS JULIANUS/side_a/Didius Julianus 19313 (4).jpg,DIDIUS JULIANUS
20_DIDIUS JULIANUS/side_a/Didius Julianus 19314 (3).jpg,263f25398415a1df575229c71e0b84d2b37cc5042ab7f0a7a48dccedffb786bb,duplicate,20_DIDIUS JULIANUS/side_a/Didius Julianus 19314 (2).jpg,DIDIUS JULIANUS
20_DIDIUS JULIANUS/side_a/Didius Julianus AD193-19314.jpg,0c9d20cd7a312edb4d22fb6a59b258842439923ac444850c797f3d7c806624c7,duplicate,20_DIDIUS JULIANUS/side_a/Didius Julianus 19314 (4).jpg,DIDIUS JULIANUS
20_DIDIUS JULIANUS/side_a/Didius Julianus 19315 (3).jpg,3940580ced51fd20757cbcc76f9c70a4cc4c3d8bb404ff38bb01406b5de4918a,duplicate,20_DIDIUS JULIANUS/side_a/Didius Julianus 19315 (2).jpg,DIDIUS JULIANUS
20_DIDIUS JULIANUS/side_a/Didius Julianus AD193-19315.jpg,bd7defb2e2b4081194a6a607a3cd674ed4bf2b6a84081459ba9f9ed3165aea84,duplicate,20_DIDIUS JULIANUS/side_a/Didius Julianus 19315 (4).jpg,DIDIUS JULIANUS
20_DIDIUS JULIANUS/side_a/Didius Julianus 19316 (3).jpg,ec5b5f988d6e22fd818fecf5a8398302a93073601f8c59027d33b843ea2e2ca0,duplicate,20_DIDIUS JULIANUS/side_a/Didius Julianus 19316 (2).jpg,DIDIUS JULIANUS
20_DIDIUS JULIANUS/side_a/Didius Julianus AD193-19316.jpg,44af23b8fa3d03be0525f88b56e4ddd5eb61397710978a2688596826902e85a0,duplicate,20_DIDIUS JULIANUS/side_a/Didius Julianus 19316 (4).jpg,DIDIUS JULIANUS
20_DIDIUS JULIANUS/side_a/Didius Julianus 19317 (2).jpg,20bc043c110ef1c369f6a1bc39f4a50f66a8d9be04968455d3d359e0798220bb,duplicate,20_DIDIUS JULIANUS/side_a/Didius Julianus 19317 (1).jpg,DIDIUS JULIANUS
20_DIDIUS JULIANUS/side_a/Didius Julianus 19317.jpg,50725855e1ff34fe04dbf21b6f462d924019d3d039e6a296208538f199d94623,label_conflict,,DIDIUS JULIANUS|SEPTIMUS SEVERUS
21_SEPTIMUS SEVERUS/side_a/Septimius Severus AD193-211141 (1).jpg,50725855e1ff34fe04dbf21b6f462d924019d3d039e6a296208538f199d94623,label_conflict,,DIDIUS JULIANUS|SEPTIMUS SEVERUS
20_DIDIUS JULIANUS/side_a/Didius Julianus 19318 (2).jpg,0dcc6615845ef6541e8ee7017fdeeaf18e4bf22a184a44e21a7b0092ca7c9f1d,duplicate,20_DIDIUS JULIANUS/side_a/Didius Julianus 19318 (1).jpg,DIDIUS JULIANUS
20_DIDIUS JULIANUS/side_a/Didius Julianus 19318.jpg,9825d9400ec0dd5e43c9b7892b32f96339e1022f6d89b41b6faf11ca49a6bce7,label_conflict,,DIDIUS JULIANUS|SEPTIMUS SEVERUS
21_SEPTIMUS SEVERUS/side_a/Septimius Severus AD193-211142 (1).jpg,9825d9400ec0dd5e43c9b7892b32f96339e1022f6d89b41b6faf11ca49a6bce7,label_conflict,,DIDIUS JULIANUS|SEPTIMUS SEVERUS
20_DIDIUS JULIANUS/side_a/Didius Julianus 19319 (2).jpg,0bf89bb081be16c829b591d481ef9bcc5f7b439cb971083c9a909c7412325566,duplicate,20_DIDIUS JULIANUS/side_a/Didius Julianus 19319 (1).jpg,DIDIUS JULIANUS
20_DIDIUS JULIANUS/side_a/Didius Julianus 19319.jpg,cb42a2aba96d8a763e080fd5b27fa024c2bf61c1ac167ef71ec909b572395eeb,label_conflict,,DIDIUS JULIANUS|SEPTIMUS SEVERUS
20_DIDIUS JULIANUS/side_a/image00316.jpg,cb42a2aba96d8a763e080fd5b27fa024c2bf61c1ac167ef71ec909b572395eeb,label_conflict,,DIDIUS JULIANUS|SEPTIMUS SEVERUS
21_SEPTIMUS SEVERUS/side_a/image00316.jpg,cb42a2aba96d8a763e080fd5b27fa024c2bf61c1ac167ef71ec909b572395eeb,label_conflict,,DIDIUS JULIANUS|SEPTIMUS SEVERUS
20_DIDIUS JULIANUS/side_a/Didius Julianus 19320 (2).jpg,e21d40d4bd8d7bba2cfd1cc574c80710740c6cb2749541366a6c182766e841bc,duplicate,20_DIDIUS JULIANUS/side_a/Didius Julianus 19320 (1).jpg,DIDIUS JULIANUS
20_DIDIUS JULIANUS/side_a/Didius Julianus 19321 (2).jpg,dabf724688d2e45ce08a7d327eb9be43fb73da212dc0ee9bb2e3d519187baeb4,duplicate,20_DIDIUS JULIANUS/side_a/Didius Julianus 19321 (1).jpg,DIDIUS JULIANUS
20_DIDIUS JULIANUS/side_a/Didius Julianus 19322 (2).jpg,62510baecde459f6b228cd0be491f0049e25de66bd5e2014984677e9a9b35826,duplicate,20_DIDIUS JULIANUS/side_a/Didius Julianus 19322 (1).jpg,DIDIUS JULIANUS
20_DIDIUS JULIANUS/side_a/Didius Julianus 19323 (2).jpg,ae584f945246a1664d6e51e0e552ad92509545265fa84885d6e138eea8aa2f23,duplicate,20_DIDIUS JULIANUS/side_a/Didius Julianus 19323 (1).jpg,DIDIUS JULIANUS
20_DIDIUS JULIANUS/side_a/Didius Julianus 19324 (2).jpg,d42d42917b8956f64c0b8d6a664fc4f452e3581273d8b5f2956586081e36413d,duplicate,20_DIDIUS JULIANUS/side_a/Didius Julianus 19324 (1).jpg,DIDIUS JULIANUS
20_DIDIUS JULIANUS/side_a/Didius Julianus 19327.jpg,ce6acf1cf705cb0b3bf7ebbc723ffb84a1fc99ebd9f7c2f2b48bd91f3bf45f31,label_conflict,,DIDIUS JULIANUS|SEPTIMUS SEVERUS
20_DIDIUS JULIANUS/side_a/image00370.jpg,ce6acf1cf705cb0b3bf7ebbc723ffb84a1fc99ebd9f7c2f2b48bd91f3bf45f31,label_conflict,,DIDIUS JULIANUS|SEPTIMUS SEVERUS
21_SEPTIMUS SEVERUS/side_a/image00370.jpg,ce6acf1cf705cb0b3bf7ebbc723ffb84a1fc99ebd9f7c2f2b48bd91f3bf45f31,label_conflict,,DIDIUS JULIANUS|SEPTIMUS SEVERUS
20_DIDIUS JULIANUS/side_a/Didius Julianus 19329.jpg,1eea657219448987b0ccec3c81da2d8ffd3356a323c6e288d3aa00f1e60818f0,label_conflict,,DIDIUS JULIANUS|SEPTIMUS SEVERUS
20_DIDIUS JULIANUS/side_a/image00397.jpg,1eea657219448987b0ccec3c81da2d8ffd3356a323c6e288d3aa00f1e60818f0,label_conflict,,DIDIUS JULIANUS|SEPTIMUS SEVERUS
21_SEPTIMUS SEVERUS/side_a/image00397.jpg,1eea657219448987b0ccec3c81da2d8ffd3356a323c6e288d3aa00f1e60818f0,label_conflict,,DIDIUS JULIANUS|SEPTIMUS SEVERUS
20_DIDIUS JULIANUS/side_a/Didius Julianus 19333.jpg,37958df8d44fc9c09e1d0217e6ad0e1d92b27c5604f637875c0cb643d4e07190,label_conflict,,DIDIUS JULIANUS|SEPTIMUS SEVERUS
20_DIDIUS JULIANUS/side_a/image00628.jpg,37958df8d44fc9c09e1d0217e6ad0e1d92b27c5604f637875c0cb643d4e07190,label_conflict,,DIDIUS JULIANUS|SEPTIMUS SEVERUS
21_SEPTIMUS SEVERUS/side_a/image00628.jpg,37958df8d44fc9c09e1d0217e6ad0e1d92b27c5604f637875c0cb643d4e07190,label_conflict,,DIDIUS JULIANUS|SEPTIMUS SEVERUS
20_DIDIUS JULIANUS/side_a/Didius Julianus 19343.jpg,720e0289603b7c594fe86a3eab788a86bc17c40a341a02644efdfa3c979909f1,label_conflict,,DIDIUS JULIANUS|SEPTIMUS SEVERUS
20_DIDIUS JULIANUS/side_a/image00622.jpg,720e0289603b7c594fe86a3eab788a86bc17c40a341a02644efdfa3c979909f1,label_conflict,,DIDIUS JULIANUS|SEPTIMUS SEVERUS
21_SEPTIMUS SEVERUS/side_a/image00622.jpg,720e0289603b7c594fe86a3eab788a86bc17c40a341a02644efdfa3c979909f1,label_conflict,,DIDIUS JULIANUS|SEPTIMUS SEVERUS
20_DIDIUS JULIANUS/side_a/Didius Julianus 19349.jpg,821f7cafacab22f898199af3ef03f697942cb6578c0fd292990f0740239207a9,label_conflict,,DIDIUS JULIANUS|SEPTIMUS SEVERUS
20_DIDIUS JULIANUS/side_a/image02227.jpg,821f7cafacab22f898199af3ef03f697942cb6578c0fd292990f0740239207a9,label_conflict,,DIDIUS JULIANUS|SEPTIMUS SEVERUS
21_SEPTIMUS SEVERUS/side_a/image02227.jpg,821f7cafacab22f898199af3ef03f697942cb6578c0fd292990f0740239207a9,label_conflict,,DIDIUS JULIANUS|SEPTIMUS SEVERUS
20_DIDIUS JULIANUS/side_a/Didius Julianus 19351.jpg,56ad2b9db911cb50551d652b735f611ef4646d781e0b9346553ca2863eb95703,label_conflict,,DIDIUS JULIANUS|SEPTIMUS SEVERUS
20_DIDIUS JULIANUS/side_a/image00081.jpg,56ad2b9db911cb50551d652b735f611ef4646d781e0b9346553ca2863eb95703,label_conflict,,DIDIUS JULIANUS|SEPTIMUS SEVERUS
21_SEPTIMUS SEVERUS/side_a/image00081.jpg,56ad2b9db911cb50551d652b735f611ef4646d781e0b9346553ca2863eb95703,label_conflict,,DIDIUS JULIANUS|SEPTIMUS SEVERUS
20_DIDIUS JULIANUS/side_a/Didius Julianus 19353.jpg,ffdd63da10e3190c54bb8936c664d2f14cb609d31cdf56bde7a9cbdc0eb6336d,label_conflict,,DIDIUS JULIANUS|SEPTIMUS SEVERUS
20_DIDIUS JULIANUS/side_a/image00675.jpg,ffdd63da10e3190c54bb8936c664d2f14cb609d31cdf56bde7a9cbdc0eb6336d,label_conflict,,DIDIUS JULIANUS|SEPTIMUS SEVERUS
21_SEPTIMUS SEVERUS/side_a/image00675.jpg,ffdd63da10e3190c54bb8936c664d2f14cb609d31cdf56bde7a9cbdc0eb6336d,label_conflict,,DIDIUS JULIANUS|SEPTIMUS SEVERUS
20_DIDIUS JULIANUS/side_a/Didius Julianus 19359.jpg,4f00e02e6bf30a275b7607c618f46e68ab4d7af3a9c9cfee349bff465aaa230e,label_conflict,,DIDIUS JULIANUS|SEPTIMUS SEVERUS
20_DIDIUS JULIANUS/side_a/image00111 (1).jpg,4f00e02e6bf30a275b7607c618f46e68ab4d7af3a9c9cfee349bff465aaa230e,label_conflict,,DIDIUS JULIANUS|SEPTIMUS SEVERUS
21_SEPTIMUS SEVERUS/side_a/image00111 (1).jpg,4f00e02e6bf30a275b7607c618f46e68ab4d7af3a9c9cfee349bff465aaa230e,label_conflict,,DIDIUS JULIANUS|SEPTIMUS SEVERUS
20_DIDIUS JULIANUS/side_a/Didius Julianus 19371.jpg,0ae2338f85bd0d3aa255213f450150d00f18499d16c71e76c66209c4b44850e2,label_conflict,,DIDIUS JULIANUS|SEPTIMUS SEVERUS
20_DIDIUS JULIANUS/side_a/image00890.jpg,0ae2338f85bd0d3aa255213f450150d00f18499d16c71e76c66209c4b44850e2,label_conflict,,DIDIUS JULIANUS|SEPTIMUS SEVERUS
21_SEPTIMUS SEVERUS/side_a/image00890.jpg,0ae2338f85bd0d3aa255213f450150d00f18499d16c71e76c66209c4b44850e2,label_conflict,,DIDIUS JULIANUS|SEPTIMUS SEVERUS
20_DIDIUS JULIANUS/side_a/Didius Julianus 19373.jpg,b4fa0490a973aec08241617626eba567d3b7def781cb077d83abe9ce01148fa2,label_conflict,,DIDIUS JULIANUS|SEPTIMUS SEVERUS
20_DIDIUS JULIANUS/side_a/image00891.jpg,b4fa0490a973aec08241617626eba567d3b7def781cb077d83abe9ce01148fa2,label_conflict,,DIDIUS JULIANUS|SEPTIMUS SEVERUS
21_SEPTIMUS SEVERUS/side_a/image00891.jpg,b4fa0490a973aec08241617626eba567d3b7def781cb077d83abe9ce01148fa2,label_conflict,,DIDIUS JULIANUS|SEPTIMUS SEVERUS
20_DIDIUS JULIANUS/side_a/Didius Julianus 19375.jpg,1e2eee69cf5e871107683737d41d69e1ae08e723909409b25dc93f0cbb15736a,label_conflict,,DIDIUS JULIANUS|SEPTIMUS SEVERUS
20_DIDIUS JULIANUS/side_a/image00892.jpg,1e2eee69cf5e871107683737d41d69e1ae08e723909409b25dc93f0cbb15736a,label_conflict,,DIDIUS JULIANUS|SEPTIMUS SEVERUS
21_SEPTIMUS SEVERUS/side_a/image00892.jpg,1e2eee69cf5e871107683737d41d69e1ae08e723909409b25dc93f0cbb15736a,label_conflict,,DIDIUS JULIANUS|SEPTIMUS SEVERUS
20_DIDIUS JULIANUS/side_a/Didius Julianus 19379.jpg,85c4367667533fa03f9c1f114a780502364b891df778001748d427969d9072dc,label_conflict,,DIDIUS JULIANUS|SEPTIMUS SEVERUS
20_DIDIUS JULIANUS/side_a/image00121 (3).jpg,85c4367667533fa03f9c1f114a780502364b891df778001748d427969d9072dc,label_conflict,,DIDIUS JULIANUS|SEPTIMUS SEVERUS
21_SEPTIMUS SEVERUS/side_a/image00121 (3).jpg,85c4367667533fa03f9c1f114a780502364b891df778001748d427969d9072dc,label_conflict,,DIDIUS JULIANUS|SEPTIMUS SEVERUS
20_DIDIUS JULIANUS/side_a/Didius Julianus 19381.jpg,e25254822da1ea59ee73213a2afb463665ebf55078a43643aa9edb5a310a707f,label_conflict,,DIDIUS JULIANUS|SEPTIMUS SEVERUS
20_DIDIUS JULIANUS/side_a/image00312.jpg,e25254822da1ea59ee73213a2afb463665ebf55078a43643aa9edb5a310a707f,label_conflict,,DIDIUS JULIANUS|SEPTIMUS SEVERUS
21_SEPTIMUS SEVERUS/side_a/image00312.jpg,e25254822da1ea59ee73213a2afb463665ebf55078a43643aa9edb5a310a707f,label_conflict,,DIDIUS JULIANUS|SEPTIMUS SEVERUS
20_DIDIUS JULIANUS/side_a/image00009.jpg,c945de120115527a522f1e54369cb18d4b398f3c7ffb9f628c7e457eb793a055,label_conflict,,DIDIUS JULIANUS|SEPTIMUS SEVERUS
21_SEPTIMUS SEVERUS/side_a/image00009.jpg,c945de120115527a522f1e54369cb18d4b398f3c7ffb9f628c7e457eb793a055,label_conflict,,DIDIUS JULIANUS|SEPTIMUS SEVERUS
20_DIDIUS JULIANUS/side_a/image00010.jpg,29066607b3ac7c97a6eba02135a9f067239e0e1e965f301d4cd1de612df3c328,label_conflict,,DIDIUS JULIANUS|SEPTIMUS SEVERUS
21_SEPTIMUS SEVERUS/side_a/image00010.jpg,29066607b3ac7c97a6eba02135a9f067239e0e1e965f301d4cd1de612df3c328,label_conflict,,DIDIUS JULIANUS|SEPTIMUS SEVERUS
20_DIDIUS JULIANUS/side_a/image00017 (1).jpg,d842a5a01d4a95c577a0d41e93e984762006e619df9151f95845f05ff247bf66,label_conflict,,DIDIUS JULIANUS|SEPTIMUS SEVERUS
21_SEPTIMUS SEVERUS/side_a/image00017 (1).jpg,d842a5a01d4a95c577a0d41e93e984762006e619df9151f95845f05ff247bf66,label_conflict,,DIDIUS JULIANUS|SEPTIMUS SEVERUS
20_DIDIUS JULIANUS/side_a/image00019.jpg,9e492088e9dd7d3452fa7329eb291bccd2e75bce025b964a8690d05dc18a41c2,label_conflict,,DIDIUS JULIANUS|SEPTIMUS SEVERUS
21_SEPTIMUS SEVERUS/side_a/image00019.jpg,9e492088e9dd7d3452fa7329eb291bccd2e75bce025b964a8690d05dc18a41c2,label_conflict,,DIDIUS JULIANUS|SEPTIMUS SEVERUS
20_DIDIUS JULIANUS/side_a/image00020.jpg,f0c1fc52a6f32ce45f53818281d7fb2ffea726347e1bf3ca62b1a7c99dfd2fec,label_conflict,,DIDIUS JULIANUS|SEPTIMUS SEVERUS
21_SEPTIMUS SEVERUS/side_a/image00020.jpg,f0c1fc52a6f32ce45f53818281d7fb2ffea726347e1bf3ca62b1a7c99dfd2fec,label_conflict,,DIDIUS JULIANUS|SEPTIMUS SEVERUS
20_DIDIUS JULIANUS/side_a/image00024.jpg,0a6b0c8b1db6914d8face8d85d47e73fae2ce681a30c19c7de130f6003043e0f,label_conflict,,DIDIUS JULIANUS|SEPTIMUS SEVERUS
21_SEPTIMUS SEVERUS/side_a/image00024.jpg,0a6b0c8b1db6914d8face8d85d47e73fae2ce681a30c19c7de130f6003043e0f,label_conflict,,DIDIUS JULIANUS|SEPTIMUS SEVERUS
20_DIDIUS JULIANUS/side_a/image00032.jpg,2520c6135e1040e7a7bc798d414164b868833c0aa3d8583735703469873126b6,label_conflict,,DIDIUS JULIANUS|SEPTIMUS SEVERUS
21_SEPTIMUS SEVERUS/side_a/image00032.jpg,2520c6135e1040e7a7bc798d414164b868833c0aa3d8583735703469873126b6,label_conflict,,DIDIUS JULIANUS|SEPTIMUS SEVERUS
20_DIDIUS JULIANUS/side_a/image00033.jpg,ba10840d06d5217c4ffaea9d2cc191c43e2459c9f0c86893547308c92b633307,label_conflict,,DIDIUS JULIANUS|SEPTIMUS SEVERUS
21_SEPTIMUS SEVERUS/side_a/image00033.jpg,ba10840d06d5217c4ffaea9d2cc191c43e2459c9f0c86893547308c92b633307,label_conflict,,DIDIUS JULIANUS|SEPTIMUS SEVERUS
20_DIDIUS JULIANUS/side_a/image00036.jpg,4e0d20bba9a2e9b3e5eb33f1c279d9729a94008c884426a24092d25534f43f1c,label_conflict,,DIDIUS JULIANUS|SEPTIMUS SEVERUS
21_SEPTIMUS SEVERUS/side_a/image00036.jpg,4e0d20bba9a2e9b3e5eb33f1c279d9729a94008c884426a24092d25534f43f1c,label_conflict,,DIDIUS JULIANUS|SEPTIMUS SEVERUS
20_DIDIUS JULIANUS/side_a/image00046.jpg,828888c8625d698e331f6667200582dfc3430a331c5454a21c6aad82e202a450,label_conflict,,DIDIUS JULIANUS|SEPTIMUS SEVERUS
21_SEPTIMUS SEVERUS/side_a/image00046.jpg,828888c8625d698e331f6667200582dfc3430a331c5454a21c6aad82e202a450,label_conflict,,DIDIUS JULIANUS|SEPTIMUS SEVERUS
20_DIDIUS JULIANUS/side_a/image00048.jpg,4cead06cab346c2f3be17df2e0a2181d9ef299381156b516a21ebd88a3636c73,label_conflict,,DIDIUS JULIANUS|SEPTIMUS SEVERUS
21_SEPTIMUS SEVERUS/side_a/image00048.jpg,4cead06cab346c2f3be17df2e0a2181d9ef299381156b516a21ebd88a3636c73,label_conflict,,DIDIUS JULIANUS|SEPTIMUS SEVERUS
20_DIDIUS JULIANUS/side_a/image00052.jpg,f7a8153ca3c089dc925d37552aeb63898c3ad7146ca85be177d89f6912d652fc,label_conflict,,DIDIUS JULIANUS|SEPTIMUS SEVERUS
21_SEPTIMUS SEVERUS/side_a/image00052.jpg,f7a8153ca3c089dc925d37552aeb63898c3ad7146ca85be177d89f6912d652fc,label_conflict,,DIDIUS JULIANUS|SEPTIMUS SEVERUS
20_DIDIUS JULIANUS/side_a/image00055.jpg,97363bed8f7ecf67e95deaa631e93c513e258a5153f8e0a7f191adc942790067,label_conflict,,DIDIUS JULIANUS|SEPTIMUS SEVERUS
21_SEPTIMUS SEVERUS/side_a/image00055.jpg,97363bed8f7ecf67e95deaa631e93c513e258a5153f8e0a7f191adc942790067,label_conflict,,DIDIUS JULIANUS|SEPTIMUS SEVERUS
20_DIDIUS JULIANUS/side_a/image00057.jpg,c7b118e2a140f2223f824780ea5d45c063a78e25e9100f420eaf3bc0cace84e3,label_conflict,,DIDIUS JULIANUS|SEPTIMUS SEVERUS
21_SEPTIMUS SEVERUS/side_a/image00057.jpg,c7b118e2a140f2223f824780ea5d45c063a78e25e9100f420eaf3bc0cace84e3,label_conflict,,DIDIUS JULIANUS|SEPTIMUS SEVERUS
20_DIDIUS JULIANUS/side_a/image00065.jpg,f9854ba16c291d6860edefdfb2ec8eed785a02403476889ad20f59a73e2160e9,label_conflict,,DIDIUS JULIANUS|SEPTIMUS SEVERUS
21_SEPTIMUS SEVERUS/side_a/image00065.jpg,f9854ba16c291d6860edefdfb2ec8eed785a02403476889ad20f59a73e2160e9,label_conflict,,DIDIUS JULIANUS|SEPTIMUS SEVERUS
20_DIDIUS JULIANUS/side_a/image00076.jpg,1860d1787ce77647161f09fda51b0fd0040441753089fd8ada1648d0dc7e6454,label_conflict,,DIDIUS JULIANUS|SEPTIMUS SEVERUS
21_SEPTIMUS SEVERUS/side_a/image00076.jpg,1860d1787ce77647161f09fda51b0fd0040441753089fd8ada1648d0dc7e6454,label_conflict,,DIDIUS JULIANUS|SEPTIMUS SEVERUS
20_DIDIUS JULIANUS/side_a/image00077.jpg,2249fff1de29c318cb6c2bd5812678e816b469b86ea023d9d72f28e51cfad447,label_conflict,,DIDIUS JULIANUS|SEPTIMUS SEVERUS
21_SEPTIMUS SEVERUS/side_a/image00077.jpg,2249fff1de29c318cb6c2bd5812678e816b469b86ea023d9d72f28e51cfad447,label_conflict,,DIDIUS JULIANUS|SEPTIMUS SEVERUS
20_DIDIUS JULIANUS/side_a/image00090.jpg,c6dc62fa5b556a25683121b4cf83b3291793d9a622aaae34636d9d1bc62d8b62,label_conflict,,DIDIUS JULIANUS|SEPTIMUS SEVERUS
21_SEPTIMUS SEVERUS/side_a/image00090.jpg,c6dc62fa5b556a25683121b4cf83b3291793d9a622aaae34636d9d1bc62d8b62,label_conflict,,DIDIUS JULIANUS|SEPTIMUS SEVERUS
20_DIDIUS JULIANUS/side_a/image00092.jpg,200b38ad626f04f0fb65c39068e1e71f24c32d31126752cd28729f26340b7a54,label_conflict,,DIDIUS JULIANUS|SEPTIMUS SEVERUS
21_SEPTIMUS SEVERUS/side_a/image00092.jpg,200b38ad626f04f0fb65c39068e1e71f24c32d31126752cd28729f26340b7a54,label_conflict,,DIDIUS JULIANUS|SEPTIMUS SEVERUS
20_DIDIUS JULIANUS/side_a/image00093 (1).jpg,2f03fe49f76c22e3f0f53603475219a2803caed55f0f5aea93f06e64cb9b9940,label_conflict,,DIDIUS JULIANUS|SEPTIMUS SEVERUS
21_SEPTIMUS SEVERUS/side_a/image00093 (1).jpg,2f03fe49f76c22e3f0f53603475219a2803caed55f0f5aea93f06e64cb9b9940,label_conflict,,DIDIUS JULIANUS|SEPTIMUS SEVERUS
20_DIDIUS JULIANUS/side_a/image00100.jpg,305449f202747b9c70a9748123eb64c4ec6aaece8edd6ee0742e9beb8de1fc64,label_conflict,,DIDIUS JULIANUS|SEPTIMUS SEVERUS
21_SEPTIMUS SEVERUS/side_a/image00100.jpg,305449f202747b9c70a9748123eb64c4ec6aaece8edd6ee0742e9beb8de1fc64,label_conflict,,DIDIUS JULIANUS|SEPTIMUS SEVERUS
20_DIDIUS JULIANUS/side_a/image00101.jpg,329793de798c9af86d74c003569467fe9380223e3f0c2544f537e173ef1bc444,label_conflict,,DIDIUS JULIANUS|SEPTIMUS SEVERUS
21_SEPTIMUS SEVERUS/side_a/image00101.jpg,329793de798c9af86d74c003569467fe9380223e3f0c2544f537e173ef1bc444,label_conflict,,DIDIUS JULIANUS|SEPTIMUS SEVERUS
20_DIDIUS JULIANUS/side_a/image00106.jpg,89482608be72bd85f2a89c4c647033a0ec46d8553b6b2acc2724a0716ae91498,label_conflict,,DIDIUS JULIANUS|SEPTIMUS SEVERUS
21_SEPTIMUS SEVERUS/side_a/image00106.jpg,89482608be72bd85f2a89c4c647033a0ec46d8553b6b2acc2724a0716ae91498,label_conflict,,DIDIUS JULIANUS|SEPTIMUS SEVERUS
20_DIDIUS JULIANUS/side_a/image00108.jpg,0ca64e3ef7171bc46859bc29904c57d705f4c0f2318fa70b6cd1ae65d8600945,label_conflict,,DIDIUS JULIANUS|SEPTIMUS SEVERUS
21_SEPTIMUS SEVERUS/side_a/image00108.jpg,0ca64e3ef7171bc46859bc29904c57d705f4c0f2318fa70b6cd1ae65d8600945,label_conflict,,DIDIUS JULIANUS|SEPTIMUS SEVERUS
20_DIDIUS JULIANUS/side_a/image00109.jpg,54ca6a8e132cd7a547ed4e7987540f562ec85163c49fe01f5ff29ee0c722cd87,label_conflict,,DIDIUS JULIANUS|SEPTIMUS SEVERUS
21_SEPTIMUS SEVERUS/side_a/image00109.jpg,54ca6a8e132cd7a547ed4e7987540f562ec85163c49fe01f5ff29ee0c722cd87,label_conflict,,DIDIUS JULIANUS|SEPTIMUS SEVERUS
20_DIDIUS JULIANUS/side_a/image00111.jpg,fdadffc1e63fa05e9c66ff41f6be9259857e39630a24ff675371538bade6a59b,label_conflict,,DIDIUS JULIANUS|SEPTIMUS SEVERUS
21_SEPTIMUS SEVERUS/side_a/image00111.jpg,fdadffc1e63fa05e9c66ff41f6be9259857e39630a24ff675371538bade6a59b,label_conflict,,DIDIUS JULIANUS|SEPTIMUS SEVERUS
20_DIDIUS JULIANUS/side_a/image00113.jpg,b86b4fc289aae80c182eb96b2a899272660cf7acc9a65a97bf4dbb6f1aa1a60b,label_conflict,,DIDIUS JULIANUS|SEPTIMUS SEVERUS
21_SEPTIMUS SEVERUS/side_a/image00113.jpg,b86b4fc289aae80c182eb96b2a899272660cf7acc9a65a97bf4dbb6f1aa1a60b,label_conflict,,DIDIUS JULIANUS|SEPTIMUS SEVERUS
20_DIDIUS JULIANUS/side_a/image00114.jpg,51f1e9e111b812455459464895e44ef39d567e335c1fd6e8bd7edae449227b3b,label_conflict,,DIDIUS JULIANUS|SEPTIMUS SEVERUS
21_SEPTIMUS SEVERUS/side_a/image00114.jpg,51f1e9e111b812455459464895e44ef39d567e335c1fd6e8bd7edae449227b3b,label_conflict,,DIDIUS JULIANUS|SEPTIMUS SEVERUS
20_DIDIUS JULIANUS/side_a/image00115 (1).jpg,2045e519551511fd3e8bc6021d03a7cb1ce262fc099f086a5b32154c3c697e37,label_conflict,,DIDIUS JULIANUS|SEPTIMUS SEVERUS
21_SEPTIMUS SEVERUS/side_a/image00115 (1).jpg,2045e519551511fd3e8bc6021d03a7cb1ce262fc099f086a5b32154c3c697e37,label_conflict,,DIDIUS JULIANUS|SEPTIMUS SEVERUS
20_DIDIUS JULIANUS/side_a/image00115.jpg,00932beb5e1fcc27eea684e1e7a6a398f53b1325d77c01d7c47001477ea84d3b,label_conflict,,DIDIUS JULIANUS|SEPTIMUS SEVERUS
21_SEPTIMUS SEVERUS/side_a/image00115.jpg,00932beb5e1fcc27eea684e1e7a6a398f53b1325d77c01d7c47001477ea84d3b,label_conflict,,DIDIUS JULIANUS|SEPTIMUS SEVERUS
20_DIDIUS JULIANUS/side_a/image00119.jpg,c9dd3a517dfe33cdf539fa5a9b56b61ef0c6bf7e9c8948a3d59c3de0e92bca93,label_conflict,,DIDIUS JULIANUS|SEPTIMUS SEVERUS
21_SEPTIMUS SEVERUS/side_a/image00119.jpg,c9dd3a517dfe33cdf539fa5a9b56b61ef0c6bf7e9c8948a3d59c3de0e92bca93,label_conflict,,DIDIUS JULIANUS|SEPTIMUS SEVERUS
20_DIDIUS JULIANUS/side_a/image00120 (1).jpg,d36e063335d8efc4b4838846b94872c1a560952b25f3fa556fabda74c8d76c75,label_conflict,,DIDIUS JULIANUS|SEPTIMUS SEVERUS
21_SEPTIMUS SEVERUS/side_a/image00120 (1).jpg,d36e063335d8efc4b4838846b94872c1a560952b25f3fa556fabda74c8d76c75,label_conflict,,DIDIUS JULIANUS|SEPTIMUS SEVERUS
20_DIDIUS JULIANUS/side_a/image00121 (1).jpg,4beb463dfbfb7c18ffd14a09dd66b023ab63bdb1fbf91d63eb63c565d44b68ef,label_conflict,,DIDIUS JULIANUS|SEPTIMUS SEVERUS
21_SEPTIMUS SEVERUS/side_a/image00121 (1).jpg,4beb463dfbfb7c18ffd14a09dd66b023ab63bdb1fbf91d63eb63c565d44b68ef,label_conflict,,DIDIUS JULIANUS|SEPTIMUS SEVERUS
20_DIDIUS JULIANUS/side_a/image00121 (2).jpg,85d533c9375b51e4c4a4f46ae3bb1afb322ee5bce0cedd11f8ab94f042406ce9,label_conflict,,DIDIUS JULIANUS|SEPTIMUS SEVERUS
21_SEPTIMUS SEVERUS/side_a/image00121 (2).jpg,85d533c9375b51e4c4a4f46ae3bb1afb322ee5bce0cedd11f8ab94f042406ce9,label_conflict,,DIDIUS JULIANUS|SEPTIMUS SEVERUS
20_DIDIUS JULIANUS/side_a/image00122.jpg,8be37af573526f2d161784f35d85c7f23a19389c350a2b791d0104e5a5efe7f6,label_conflict,,DIDIUS JULIANUS|SEPTIMUS SEVERUS
21_SEPTIMUS SEVERUS/side_a/image00122.jpg,8be37af573526f2d161784f35d85c7f23a19389c350a2b791d0104e5a5efe7f6,label_conflict,,DIDIUS JULIANUS|SEPTIMUS SEVERUS
20_DIDIUS JULIANUS/side_a/image00124 (1).jpg,ab1bd410a1eaea3f5526497615a4addd6067493cd6b7c9d0e03c849eb88c74ab,label_conflict,,DIDIUS JULIANUS|SEPTIMUS SEVERUS
21_SEPTIMUS SEVERUS/side_a/image00124 (1).jpg,ab1bd410a1eaea3f5526497615a4addd6067493cd6b7c9d0e03c849eb88c74ab,label_conflict,,DIDIUS JULIANUS|SEPTIMUS SEVERUS
20_DIDIUS JULIANUS/side_a/image00124.jpg,037dfbb3da4f339e30c163ecebe995ffdb8b9a371f16432219d7ffee76a3e20f,label_conflict,,DIDIUS JULIANUS|SEPTIMUS SEVERUS
21_SEPTIMUS SEVERUS/side_a/image00124.jpg,037dfbb3da4f339e30c163ecebe995ffdb8b9a371f16432219d7ffee76a3e20f,label_conflict,,DIDIUS JULIANUS|SEPTIMUS SEVERUS
20_DIDIUS JULIANUS/side_a/image00125 (1).jpg,3bd68c2afd9ff433b9e4ccc8dd85e0795020be626be3aae59fc2454f08ca6391,label_conflict,,DIDIUS JULIANUS|SEPTIMUS SEVERUS
21_SEPTIMUS SEVERUS/side_a/image00125 (1).jpg,3bd68c2afd9ff433b9e4ccc8dd85e0795020be626be3aae59fc2454f08ca6391,label_conflict,,DIDIUS JULIANUS|SEPTIMUS SEVERUS
20_DIDIUS JULIANUS/side_a/image00126 (1).jpg,60444dde7217860c3a52492cc037fa3c27550bd6a49c8a5b391da90190200236,label_conflict,,DIDIUS JULIANUS|SEPTIMUS SEVERUS
21_SEPTIMUS SEVERUS/side_a/image00126 (1).jpg,60444dde7217860c3a52492cc037fa3c27550bd6a49c8a5b391da90190200236,label_conflict,,DIDIUS JULIANUS|SEPTIMUS SEVERUS
20_DIDIUS JULIANUS/side_a/image00128.jpg,dac533053fa342e72efbc52ed79a8af59ae2fc351d296df59269141f1f9221b0,label_conflict,,DIDIUS JULIANUS|SEPTIMUS SEVERUS
21_SEPTIMUS SEVERUS/side_a/image00128.jpg,dac533053fa342e72efbc52ed79a8af59ae2fc351d296df59269141f1f9221b0,label_conflict,,DIDIUS JULIANUS|SEPTIMUS SEVERUS
20_DIDIUS JULIANUS/side_a/image00130 (1).jpg,6202c60fda216bc6d4ebc5c98b2be2f593bc46b9c3df626b374c797f8a072d6f,label_conflict,,DIDIUS JULIANUS|SEPTIMUS SEVERUS
21_SEPTIMUS SEVERUS/side_a/image00130 (1).jpg,6202c60fda216bc6d4ebc5c98b2be2f593bc46b9c3df626b374c797f8a072d6f,label_conflict,,DIDIUS JULIANUS|SEPTIMUS SEVERUS
20_DIDIUS JULIANUS/side_a/image00130.jpg,595da19e1cd3657b131cd0bc81cd8648b24a080834850592dc9eea83bf48781e,label_conflict,,DIDIUS JULIANUS|SEPTIMUS SEVERUS
21_SEPTIMUS SEVERUS/side_a/image00130.jpg,595da19e1cd3657b131cd0bc81cd8648b24a080834850592dc9eea83bf48781e,label_conflict,,DIDIUS JULIANUS|SEPTIMUS SEVERUS
20_DIDIUS JULIANUS/side_a/image00141.jpg,59ea677498a549e8bfcfb0041c4d962a0ab02482985840830699255209dc3403,label_conflict,,DIDIUS JULIANUS|SEPTIMUS SEVERUS
21_SEPTIMUS SEVERUS/side_a/image00141.jpg,59ea677498a549e8bfcfb0041c4d962a0ab02482985840830699255209dc3403,label_conflict,,DIDIUS JULIANUS|SEPTIMUS SEVERUS
20_DIDIUS JULIANUS/side_a/image00148.jpg,4e27036d4576236ed12940cea3fe4dd3a9c5e97054797374deeaebd00a122bdf,label_conflict,,DIDIUS JULIANUS|SEPTIMUS SEVERUS
21_SEPTIMUS SEVERUS/side_a/image00148.jpg,4e27036d4576236ed12940cea3fe4dd3a9c5e97054797374deeaebd00a122bdf,label_conflict,,DIDIUS JULIANUS|SEPTIMUS SEVERUS
20_DIDIUS JULIANUS/side_a/image00157.jpg,7b1962a2ce3a0f80c5529cc7a49c3b490a966b7ad8c7365f9a450f52ac1b564c,label_conflict,,DIDIUS JULIANUS|SEPTIMUS SEVERUS
21_SEPTIMUS SEVERUS/side_a/image00157.jpg,7b1962a2ce3a0f80c5529cc7a49c3b490a966b7ad8c7365f9a450f52ac1b564c,label_conflict,,DIDIUS JULIANUS|SEPTIMUS SEVERUS
20_DIDIUS JULIANUS/side_a/image00162.jpg,d7e92c942f06aebac5fcd9915c3756dfe6f52345457095dd0a84c61451bb96fc,label_conflict,,DIDIUS JULIANUS|SEPTIMUS SEVERUS
21_SEPTIMUS SEVERUS/side_a/image00162.jpg,d7e92c942f06aebac5fcd9915c3756dfe6f52345457095dd0a84c61451bb96fc,label_conflict,,DIDIUS JULIANUS|SEPTIMUS SEVERUS
20_DIDIUS JULIANUS/side_a/image00171.jpg,c326108308ff37ecdfb3fe4dd70929dff6251a2ee5e6b16c93602d3d1ec4705a,label_conflict,,DIDIUS JULIANUS|SEPTIMUS SEVERUS
21_SEPTIMUS SEVERUS/side_a/image00171.jpg,c326108308ff37ecdfb3fe4dd70929dff6251a2ee5e6b16c93602d3d1ec4705a,label_conflict,,DIDIUS JULIANUS|SEPTIMUS SEVERUS
20_DIDIUS JULIANUS/side_a/image00172.jpg,726f76557515da2896b7bb0938bd00ccc093623fe6c99ad9fbd360121ad9e1b7,label_conflict,,DIDIUS JULIANUS|SEPTIMUS SEVERUS
21_SEPTIMUS SEVERUS/side_a/image00172.jpg,726f76557515da2896b7bb0938bd00ccc093623fe6c99ad9fbd360121ad9e1b7,label_conflict,,DIDIUS JULIANUS|SEPTIMUS SEVERUS
20_DIDIUS JULIANUS/side_a/image00176.jpg,a357feba654f901ba7b892f6d03bff46d1e5b12c01991388d2ca9fa3d7e8c07d,label_conflict,,DIDIUS JULIANUS|SEPTIMUS SEVERUS
21_SEPTIMUS SEVERUS/side_a/image00176.jpg,a357feba654f901ba7b892f6d03bff46d1e5b12c01991388d2ca9fa3d7e8c07d,label_conflict,,DIDIUS JULIANUS|SEPTIMUS SEVERUS
20_DIDIUS JULIANUS/side_a/image00179.jpg,3a4407302353d8beccd1ad43bc0c757291db89579de34adb7d737f211ff5cc8b,label_conflict,,DIDIUS JULIANUS|SEPTIMUS SEVERUS
21_SEPTIMUS SEVERUS/side_a/image00179.jpg,3a4407302353d8beccd1ad43bc0c757291db89579de34adb7d737f211ff5cc8b,label_conflict,,DIDIUS JULIANUS|SEPTIMUS SEVERUS
20_DIDIUS JULIANUS/side_a/image00180.jpg,6479400c988e3327e39ae4a2d1c3d03b097c5a1d32bc3a4859f31ac691bbaade,label_conflict,,DIDIUS JULIANUS|SEPTIMUS SEVERUS
21_SEPTIMUS SEVERUS/side_a/image00180.jpg,6479400c988e3327e39ae4a2d1c3d03b097c5a1d32bc3a4859f31ac691bbaade,label_conflict,,DIDIUS JULIANUS|SEPTIMUS SEVERUS
20_DIDIUS JULIANUS/side_a/image00181.jpg,fb4e9daed8f72b65de1020106920b6ae5b721e97eac4b0616e468b3a8ac52dbd,label_conflict,,DIDIUS JULIANUS|SEPTIMUS SEVERUS
21_SEPTIMUS SEVERUS/side_a/image00181.jpg,fb4e9daed8f72b65de1020106920b6ae5b721e97eac4b0616e468b3a8ac52dbd,label_conflict,,DIDIUS JULIANUS|SEPTIMUS SEVERUS
20_DIDIUS JULIANUS/side_a/image00187.jpg,a7d364a231eddc1c38297db38200bf928406f0b599ae347b08bcc2d2b76d76a5,label_conflict,,DIDIUS JULIANUS|SEPTIMUS SEVERUS
21_SEPTIMUS SEVERUS/side_a/image00187.jpg,a7d364a231eddc1c38297db38200bf928406f0b599ae347b08bcc2d2b76d76a5,label_conflict,,DIDIUS JULIANUS|SEPTIMUS SEVERUS
20_DIDIUS JULIANUS/side_a/image00189 (1).jpg,a1af903a5abe001935000bbde9ba52f6a4e33d54cf03effc2487f681aba4626e,label_conflict,,DIDIUS JULIANUS|SEPTIMUS SEVERUS
21_SEPTIMUS SEVERUS/side_a/image00189 (1).jpg,a1af903a5abe001935000bbde9ba52f6a4e33d54cf03effc2487f681aba4626e,label_conflict,,DIDIUS JULIANUS|SEPTIMUS SEVERUS
20_DIDIUS JULIANUS/side_a/image00189.jpg,fa4c1af104520773c12eb6cf70e2af892c0c867a03da270abfb1b381a229cf13,label_conflict,,DIDIUS JULIANUS|SEPTIMUS SEVERUS
21_SEPTIMUS SEVERUS/side_a/image00189.jpg,fa4c1af104520773c12eb6cf70e2af892c0c867a03da270abfb1b381a229cf13,label_conflict,,DIDIUS JULIANUS|SEPTIMUS SEVERUS
20_DIDIUS JULIANUS/side_a/image00190.jpg,f7dc21949e4b8158b233568848c66a20f37d7848a9531bed313a0210820f87ad,label_conflict,,DIDIUS JULIANUS|SEPTIMUS SEVERUS
21_SEPTIMUS SEVERUS/side_a/image00190.jpg,f7dc21949e4b8158b233568848c66a20f37d7848a9531bed313a0210820f87ad,label_conflict,,DIDIUS JULIANUS|SEPTIMUS SEVERUS
20_DIDIUS JULIANUS/side_a/image00191.jpg,3aed6ea581bf8d9e3ab8d7902f80c92cccd7157e65e804fc537edb4bbace65c2,label_conflict,,DIDIUS JULIANUS|SEPTIMUS SEVERUS
21_SEPTIMUS SEVERUS/side_a/image00191.jpg,3aed6ea581bf8d9e3ab8d7902f80c92cccd7157e65e804fc537edb4bbace65c2,label_conflict,,DIDIUS JULIANUS|SEPTIMUS SEVERUS
20_DIDIUS JULIANUS/side_a/image00194.jpg,44858bd6ee26af8648b9ee85f746f0282f62e414e90c0ef74dbc8fa04f5e62d3,label_conflict,,DIDIUS JULIANUS|SEPTIMUS SEVERUS
21_SEPTIMUS SEVERUS/side_a/image00194.jpg,44858bd6ee26af8648b9ee85f746f0282f62e414e90c0ef74dbc8fa04f5e62d3,label_conflict,,DIDIUS JULIANUS|SEPTIMUS SEVERUS
20_DIDIUS JULIANUS/side_a/image00195.jpg,271728e35af4eed9e8bc0865fc2d27a75fe28530d9bd11c1240ea15e1d867ab0,label_conflict,,DIDIUS JULIANUS|SEPTIMUS SEVERUS
21_SEPTIMUS SEVERUS/side_a/image00195.jpg,271728e35af4eed9e8bc0865fc2d27a75fe28530d9bd11c1240ea15e1d867ab0,label_conflict,,DIDIUS JULIANUS|SEPTIMUS SEVERUS
20_DIDIUS JULIANUS/side_a/image00196.jpg,f6216cb39cef67a1b6ed1cc7c956477b6b45690cd7c98ab001ee82e6c46b6ff8,label_conflict,,DIDIUS JULIANUS|SEPTIMUS SEVERUS
21_SEPTIMUS SEVERUS/side_a/image00196.jpg,f6216cb39cef67a1b6ed1cc7c956477b6b45690cd7c98ab001ee82e6c46b6ff8,label_conflict,,DIDIUS JULIANUS|SEPTIMUS SEVERUS
20_DIDIUS JULIANUS/side_a/image00198.jpg,686d9ed3c39c6168c1003d4a56a703a106675ffc3c0449685ec11ea65de01a05,label_conflict,,DIDIUS JULIANUS|SEPTIMUS SEVERUS
21_SEPTIMUS SEVERUS/side_a/image00198.jpg,686d9ed3c39c6168c1003d4a56a703a106675ffc3c0449685ec11ea65de01a05,label_conflict,,DIDIUS JULIANUS|SEPTIMUS SEVERUS
20_DIDIUS JULIANUS/side_a/image00201 (1).jpg,c6d7d58f156fdeb491df2b7585f476f4f6260fae4862ae5bfe6aea7fe0e27083,label_conflict,,DIDIUS JULIANUS|SEPTIMUS SEVERUS
21_SEPTIMUS SEVERUS/side_a/image00201 (1).jpg,c6d7d58f156fdeb491df2b7585f476f4f6260fae4862ae5bfe6aea7fe0e27083,label_conflict,,DIDIUS JULIANUS|SEPTIMUS SEVERUS
20_DIDIUS JULIANUS/side_a/image00201 (2).jpg,7bd47b43bf5b70b2210dbce61291feefd486a7d54d973ec7cb42b842acf6f21d,label_conflict,,DIDIUS JULIANUS|SEPTIMUS SEVERUS
21_SEPTIMUS SEVERUS/side_a/image00201.jpg,7bd47b43bf5b70b2210dbce61291feefd486a7d54d973ec7cb42b842acf6f21d,label_conflict,,DIDIUS JULIANUS|SEPTIMUS SEVERUS
20_DIDIUS JULIANUS/side_a/image00201 (3).jpg,89dfddcca8436ab79d37bbcf5c12b3c84290e2b154c6eb276498c80e15e00703,label_conflict,,DIDIUS JULIANUS|SEPTIMUS SEVERUS
21_SEPTIMUS SEVERUS/side_a/image00201 (2).jpg,89dfddcca8436ab79d37bbcf5c12b3c84290e2b154c6eb276498c80e15e00703,label_conflict,,DIDIUS JULIANUS|SEPTIMUS SEVERUS
20_DIDIUS JULIANUS/side_a/image00202 (1).jpg,6a366299ee0532b6d41715147dfb6f349fcb2b298e1c080214563c9f55618371,label_conflict,,DIDIUS JULIANUS|SEPTIMUS SEVERUS
21_SEPTIMUS SEVERUS/side_a/image00202 (1).jpg,6a366299ee0532b6d41715147dfb6f349fcb2b298e1c080214563c9f55618371,label_conflict,,DIDIUS JULIANUS|SEPTIMUS SEVERUS
20_DIDIUS JULIANUS/side_a/image00210 (1).jpg,cbce7fbc398eea249c0d6762ebc058dcbfa5e0abbf41abefaae86d4c5d7567fe,label_conflict,,DIDIUS JULIANUS|SEPTIMUS SEVERUS
21_SEPTIMUS SEVERUS/side_a/image00210 (1).jpg,cbce7fbc398eea249c0d6762ebc058dcbfa5e0abbf41abefaae86d4c5d7567fe,label_conflict,,DIDIUS JULIANUS|SEPTIMUS SEVERUS
20_DIDIUS JULIANUS/side_a/image00210.jpg,9120240561bf8d41a39372600a0d1f7a93920d700eee36b9af88353b918b9a1a,label_conflict,,DIDIUS JULIANUS|SEPTIMUS SEVERUS
21_SEPTIMUS SEVERUS/side_a/image00210.jpg,9120240561bf8d41a39372600a0d1f7a93920d700eee36b9af88353b918b9a1a,label_conflict,,DIDIUS JULIANUS|SEPTIMUS SEVERUS
20_DIDIUS JULIANUS/side_a/image00213 (1).jpg,29ada4f4b6f0c798769b9e8f0beb728bcf1e5187574c55f05da640ff10fb72e9,label_conflict,,DIDIUS JULIANUS|SEPTIMUS SEVERUS
21_SEPTIMUS SEVERUS/side_a/image00213 (1).jpg,29ada4f4b6f0c798769b9e8f0beb728bcf1e5187574c55f05da640ff10fb72e9,label_conflict,,DIDIUS JULIANUS|SEPTIMUS SEVERUS
20_DIDIUS JULIANUS/side_a/image00213 (2).jpg,a5ca39a89448278c426e597017227b5ad870e42b78057d21196af221d1a11f77,label_conflict,,DIDIUS JULIANUS|SEPTIMUS SEVERUS
21_SEPTIMUS SEVERUS/side_a/image00213 (2).jpg,a5ca39a89448278c426e597017227b5ad870e42b78057d21196af221d1a11f77,label_conflict,,DIDIUS JULIANUS|SEPTIMUS SEVERUS
20_DIDIUS JULIANUS/side_a/image00215.jpg,410062729d0d717d5ca9d6e7d91c6092c2dd7e4dc8f9878ae6b872aa15344390,label_conflict,,DIDIUS JULIANUS|SEPTIMUS SEVERUS
21_SEPTIMUS SEVERUS/side_a/image00215.jpg,410062729d0d717d5ca9d6e7d91c6092c2dd7e4dc8f9878ae6b872aa15344390,label_conflict,,DIDIUS JULIANUS|SEPTIMUS SEVERUS
20_DIDIUS JULIANUS/side_a/image00218.jpg,62864ea7faaa605843073a31d15ca4ed0b70688b40407b3b58f4c613a2f62051,label_conflict,,DIDIUS JULIANUS|SEPTIMUS SEVERUS
21_SEPTIMUS SEVERUS/side_a/image00218.jpg,62864ea7faaa605843073a31d15ca4ed0b70688b40407b3b58f4c613a2f62051,label_conflict,,DIDIUS JULIANUS|SEPTIMUS SEVERUS
20_DIDIUS JULIANUS/side_a/image00231.jpg,fb20ce65861ed663716c8a1e1e818ba77cdd6564cc1351580842b64c685aea8d,label_conflict,,DIDIUS JULIANUS|SEPTIMUS SEVERUS
21_SEPTIMUS SEVERUS/side_a/image00231.jpg,fb20ce65861ed663716c8a1e1e818ba77cdd6564cc1351580842b64c685aea8d,label_conflict,,DIDIUS JULIANUS|SEPTIMUS SEVERUS
20_DIDIUS JULIANUS/side_a/image00236.jpg,df8e1e4f7b522e81a351a284726b417d96a804eeb9134d51c7b15b7d6f362956,label_conflict,,DIDIUS JULIANUS|SEPTIMUS SEVERUS
21_SEPTIMUS SEVERUS/side_a/image00236.jpg,df8e1e4f7b522e81a351a284726b417d96a804eeb9134d51c7b15b7d6f362956,label_conflict,,DIDIUS JULIANUS|SEPTIMUS SEVERUS
20_DIDIUS JULIANUS/side_a/image00238.jpg,b5ed2184e0325d79bd18f9c42a7df3b1d6a5f41d1f0c7a37e0e31a6589edfab7,label_conflict,,DIDIUS JULIANUS|SEPTIMUS SEVERUS
21_SEPTIMUS SEVERUS/side_a/image00238.jpg,b5ed2184e0325d79bd18f9c42a7df3b1d6a5f41d1f0c7a37e0e31a6589edfab7,label_conflict,,DIDIUS JULIANUS|SEPTIMUS SEVERUS
20_DIDIUS JULIANUS/side_a/image00239.jpg,c6a12f36175a846c65ff584af70a0364c48cf98742e47576d05ee826b104aed9,label_conflict,,DIDIUS JULIANUS|SEPTIMUS SEVERUS
21_SEPTIMUS SEVERUS/side_a/image00239.jpg,c6a12f36175a846c65ff584af70a0364c48cf98742e47576d05ee826b104aed9,label_conflict,,DIDIUS JULIANUS|SEPTIMUS SEVERUS
20_DIDIUS JULIANUS/side_a/image00241 (1).jpg,6f4ed0ea9837e01c85f51ddb7d0633a96fa4479361297931d4b23fae5e98d924,label_conflict,,DIDIUS JULIANUS|SEPTIMUS SEVERUS
21_SEPTIMUS SEVERUS/side_a/image00241 (1).jpg,6f4ed0ea9837e01c85f51ddb7d0633a96fa4479361297931d4b23fae5e98d924,label_conflict,,DIDIUS JULIANUS|SEPTIMUS SEVERUS
20_DIDIUS JULIANUS/side_a/image00241.jpg,fab685f244487935c8819ed50f40d6b1c9c0d5ac2290f35a6b9789a26ec11177,label_conflict,,DIDIUS JULIANUS|SEPTIMUS SEVERUS
21_SEPTIMUS SEVERUS/side_a/image00241.jpg,fab685f244487935c8819ed50f40d6b1c9c0d5ac2290f35a6b9789a26ec11177,label_conflict,,DIDIUS JULIANUS|SEPTIMUS SEVERUS
20_DIDIUS JULIANUS/side_a/image00243.jpg,3bf802fc96ee159aa63c2205f749d1e06cefe6776f11ea83130784553505b6dc,label_conflict,,DIDIUS JULIANUS|SEPTIMUS SEVERUS
21_SEPTIMUS SEVERUS/side_a/image00243.jpg,3bf802fc96ee159aa63c2205f749d1e06cefe6776f11ea83130784553505b6dc,label_conflict,,DIDIUS JULIANUS|SEPTIMUS SEVERUS
20_DIDIUS JULIANUS/side_a/image00245 (1).jpg,68a8b44a512be6534bcff31947355ca3d0c0867625126963e065823822cdb21e,label_conflict,,DIDIUS JULIANUS|SEPTIMUS SEVERUS
21_SEPTIMUS SEVERUS/side_a/image00245 (1).jpg,68a8b44a512be6534bcff31947355ca3d0c0867625126963e065823822cdb21e,label_conflict,,DIDIUS JULIANUS|SEPTIMUS SEVERUS
20_DIDIUS JULIANUS/side_a/image00249.jpg,6fd8ace4375fdd29e7efbcfd447464a52536cb3dc219558f681ddb9d578086bc,label_conflict,,DIDIUS JULIANUS|SEPTIMUS SEVERUS
21_SEPTIMUS SEVERUS/side_a/image00249.jpg,6fd8ace4375fdd29e7efbcfd447464a52536cb3dc219558f681ddb9d578086bc,label_conflict,,DIDIUS JULIANUS|SEPTIMUS SEVERUS
20_DIDIUS JULIANUS/side_a/image00256.jpg,40720431a064f0c2286848a02b61e968310e84af403788e544d3c11f26d7ff99,label_conflict,,DIDIUS JULIANUS|SEPTIMUS SEVERUS
21_SEPTIMUS SEVERUS/side_a/image00256.jpg,40720431a064f0c2286848a02b61e968310e84af403788e544d3c11f26d7ff99,label_conflict,,DIDIUS JULIANUS|SEPTIMUS SEVERUS
20_DIDIUS JULIANUS/side_a/image00257.jpg,5ccdecd99532b7e8a10e709956d1024a48620c630b7f213c42b9aba2a1f56527,label_conflict,,DIDIUS JULIANUS|SEPTIMUS SEVERUS
21_SEPTIMUS SEVERUS/side_a/image00257.jpg,5ccdecd99532b7e8a10e709956d1024a48620c630b7f213c42b9aba2a1f56527,label_conflict,,DIDIUS JULIANUS|SEPTIMUS SEVERUS
20_DIDIUS JULIANUS/side_a/image00261.jpg,5b73338e3b4e89f6a20643d2f6952aae59ad7c44935cab0c3f3e06f13072dd9f,label_conflict,,DIDIUS JULIANUS|SEPTIMUS SEVERUS
21_SEPTIMUS SEVERUS/side_a/image00261.jpg,5b73338e3b4e89f6a20643d2f6952aae59ad7c44935cab0c3f3e06f13072dd9f,label_conflict,,DIDIUS JULIANUS|SEPTIMUS SEVERUS
20_DIDIUS JULIANUS/side_a/image00275.jpg,daaca38c0a013671cb3f1725b2e9369c4e033a6765604ab7f1796ca0c1a67a05,label_conflict,,DIDIUS JULIANUS|SEPTIMUS SEVERUS
21_SEPTIMUS SEVERUS/side_a/image00275.jpg,daaca38c0a013671cb3f1725b2e9369c4e033a6765604ab7f1796ca0c1a67a05,label_conflict,,DIDIUS JULIANUS|SEPTIMUS SEVERUS
20_DIDIUS JULIANUS/side_a/image00284.jpg,c8778d53913752bbe3cf3ae09c7c99c0cdaba770d5ea21404cbeb64c67cb46ac,label_conflict,,DIDIUS JULIANUS|SEPTIMUS SEVERUS
21_SEPTIMUS SEVERUS/side_a/image00284.jpg,c8778d53913752bbe3cf3ae09c7c99c0cdaba770d5ea21404cbeb64c67cb46ac,label_conflict,,DIDIUS JULIANUS|SEPTIMUS SEVERUS
20_DIDIUS JULIANUS/side_a/image00285.jpg,47affa30d12eb7ed1900fd7b0711b7df17c4ce28af0679e1ca2f4d2500d125ac,label_conflict,,DIDIUS JULIANUS|SEPTIMUS SEVERUS
21_SEPTIMUS SEVERUS/side_a/image00285.jpg,47affa30d12eb7ed1900fd7b0711b7df17c4ce28af0679e1ca2f4d2500d125ac,label_conflict,,DIDIUS JULIANUS|SEPTIMUS SEVERUS
20_DIDIUS JULIANUS/side_a/image00286.jpg,d662ef699cd0063e3401b661a58a3236e0fd39fc08a13c6b3d672b2d0ebf66c4,label_conflict,,DIDIUS JULIANUS|SEPTIMUS SEVERUS
21_SEPTIMUS SEVERUS/side_a/image00286.jpg,d662ef699cd0063e3401b661a58a3236e0fd39fc08a13c6b3d672b2d0ebf66c4,label_conflict,,DIDIUS JULIANUS|SEPTIMUS SEVERUS
20_DIDIUS JULIANUS/side_a/image00287 (1).jpg,476fe0a16da2eed6013fbee9c91ad5b2577599904998d074b75d1c185461d3c9,label_conflict,,DIDIUS JULIANUS|SEPTIMUS SEVERUS
21_SEPTIMUS SEVERUS/side_a/image00287 (1).jpg,476fe0a16da2eed6013fbee9c91ad5b2577599904998d074b75d1c185461d3c9,label_conflict,,DIDIUS JULIANUS|SEPTIMUS SEVERUS
20_DIDIUS JULIANUS/side_a/image00287.jpg,08222e5bf7ef5c63b308456f53502d045d8f090716678420acfd2e62117fba6e,label_conflict,,DIDIUS JULIANUS|SEPTIMUS SEVERUS
21_SEPTIMUS SEVERUS/side_a/image00287.jpg,08222e5bf7ef5c63b308456f53502d045d8f090716678420acfd2e62117fba6e,label_conflict,,DIDIUS JULIANUS|SEPTIMUS SEVERUS
20_DIDIUS JULIANUS/side_a/image00289.jpg,229e28eb4836678f976208bb8474cbf669d17bd78131d905315988c0ee87f698,label_conflict,,DIDIUS JULIANUS|SEPTIMUS SEVERUS
21_SEPTIMUS SEVERUS/side_a/image00289.jpg,229e28eb4836678f976208bb8474cbf669d17bd78131d905315988c0ee87f698,label_conflict,,DIDIUS JULIANUS|SEPTIMUS SEVERUS
20_DIDIUS JULIANUS/side_a/image00293.jpg,d6a6dfd9ac81eaa1fddb349808d8df91eb9762a8237d124844c997ed5c96f634,label_conflict,,DIDIUS JULIANUS|SEPTIMUS SEVERUS
21_SEPTIMUS SEVERUS/side_a/image00293.jpg,d6a6dfd9ac81eaa1fddb349808d8df91eb9762a8237d124844c997ed5c96f634,label_conflict,,DIDIUS JULIANUS|SEPTIMUS SEVERUS
20_DIDIUS JULIANUS/side_a/image00294.jpg,59d8af1edee272467609b40659ba283c777bd1d4557abb218c39bf948c9f50a0,label_conflict,,DIDIUS JULIANUS|SEPTIMUS SEVERUS
21_SEPTIMUS SEVERUS/side_a/image00294.jpg,59d8af1edee272467609b40659ba283c777bd1d4557abb218c39bf948c9f50a0,label_conflict,,DIDIUS JULIANUS|SEPTIMUS SEVERUS
20_DIDIUS JULIANUS/side_a/image00295.jpg,6717d34d9ca679c09469879fef4aa417ded34aae5b487b75b83032ee6e546d2e,label_conflict,,DIDIUS JULIANUS|SEPTIMUS SEVERUS
21_SEPTIMUS SEVERUS/side_a/image00295.jpg,6717d34d9ca679c09469879fef4aa417ded34aae5b487b75b83032ee6e546d2e,label_conflict,,DIDIUS JULIANUS|SEPTIMUS SEVERUS
20_DIDIUS JULIANUS/side_a/image00296.jpg,ba781258a89d61b1bf439a389b89618543effe8a63bcbbbb683dded2e44bb50d,label_conflict,,DIDIUS JULIANUS|SEPTIMUS SEVERUS
21_SEPTIMUS SEVERUS/side_a/image00296.jpg,ba781258a89d61b1bf439a389b89618543effe8a63bcbbbb683dded2e44bb50d,label_conflict,,DIDIUS JULIANUS|SEPTIMUS SEVERUS
20_DIDIUS JULIANUS/side_a/image00299.jpg,ba78cf4e82b8b76d4132c5e2947882b91d9438a38ffe29fb099bd1ccad4418f7,label_conflict,,DIDIUS JULIANUS|SEPTIMUS SEVERUS
21_SEPTIMUS SEVERUS/side_a/image00299.jpg,ba78cf4e82b8b76d4132c5e2947882b91d9438a38ffe29fb099bd1ccad4418f7,label_conflict,,DIDIUS JULIANUS|SEPTIMUS SEVERUS
20_DIDIUS JULIANUS/side_a/image00302.jpg,d8121271d278e848e989b5c7294fb1dbb1f915464b42229dae5ee3149f80e8cf,label_conflict,,DIDIUS JULIANUS|SEPTIMUS SEVERUS
21_SEPTIMUS SEVERUS/side_a/image00302.jpg,d8121271d278e848e989b5c7294fb1dbb1f915464b42229dae5ee3149f80e8cf,label_conflict,,DIDIUS JULIANUS|SEPTIMUS SEVERUS
20_DIDIUS JULIANUS/side_a/image00308.jpg,5417ee32f55dcb8309a71e8b95d0d030eb41f4e9080715c79ed0b6a71c6b60c3,label_conflict,,DIDIUS JULIANUS|SEPTIMUS SEVERUS
21_SEPTIMUS SEVERUS/side_a/image00308.jpg,5417ee32f55dcb8309a71e8b95d0d030eb41f4e9080715c79ed0b6a71c6b60c3,label_conflict,,DIDIUS JULIANUS|SEPTIMUS SEVERUS
20_DIDIUS JULIANUS/side_a/image00309.jpg,326c0c845384c795d14ecafd00acad86f974daf0e481204c297b6bbf9228c0f5,label_conflict,,DIDIUS JULIANUS|SEPTIMUS SEVERUS
21_SEPTIMUS SEVERUS/side_a/image00309.jpg,326c0c845384c795d14ecafd00acad86f974daf0e481204c297b6bbf9228c0f5,label_conflict,,DIDIUS JULIANUS|SEPTIMUS SEVERUS
20_DIDIUS JULIANUS/side_a/image00310 (1).jpg,858ff1ebc2838f6485e49f3c3eb220bbd8510ffb01c6a56ba798f66d7de5d8c0,label_conflict,,DIDIUS JULIANUS|SEPTIMUS SEVERUS
21_SEPTIMUS SEVERUS/side_a/image00310 (1).jpg,858ff1ebc2838f6485e49f3c3eb220bbd8510ffb01c6a56ba798f66d7de5d8c0,label_conflict,,DIDIUS JULIANUS|SEPTIMUS SEVERUS
20_DIDIUS JULIANUS/side_a/image00310.jpg,be4efdf6bd1108f9973113b591a3411f0e05ef2408d6b9633375b12cf12cb3ae,label_conflict,,DIDIUS JULIANUS|SEPTIMUS SEVERUS
21_SEPTIMUS SEVERUS/side_a/image00310.jpg,be4efdf6bd1108f9973113b591a3411f0e05ef2408d6b9633375b12cf12cb3ae,label_conflict,,DIDIUS JULIANUS|SEPTIMUS SEVERUS
20_DIDIUS JULIANUS/side_a/image00311.jpg,7d164a98551ec64b40ef9c1d8c84dc4a282870db112a47b44dc6ce5af9f39a40,label_conflict,,DIDIUS JULIANUS|SEPTIMUS SEVERUS
21_SEPTIMUS SEVERUS/side_a/image00311.jpg,7d164a98551ec64b40ef9c1d8c84dc4a282870db112a47b44dc6ce5af9f39a40,label_conflict,,DIDIUS JULIANUS|SEPTIMUS SEVERUS
20_DIDIUS JULIANUS/side_a/image00313.jpg,4e40c8a554badcc09d3b5824a6ec2407f937f43c5732a68ddd34650730af4f78,label_conflict,,DIDIUS JULIANUS|SEPTIMUS SEVERUS
21_SEPTIMUS SEVERUS/side_a/image00313.jpg,4e40c8a554badcc09d3b5824a6ec2407f937f43c5732a68ddd34650730af4f78,label_conflict,,DIDIUS JULIANUS|SEPTIMUS SEVERUS
20_DIDIUS JULIANUS/side_a/image00314.jpg,39eab547d8118111291f3d2bb9ee890057808d01064aa5eafa2c666b00a34ec6,label_conflict,,DIDIUS JULIANUS|SEPTIMUS SEVERUS
21_SEPTIMUS SEVERUS/side_a/image00314.jpg,39eab547d8118111291f3d2bb9ee890057808d01064aa5eafa2c666b00a34ec6,label_conflict,,DIDIUS JULIANUS|SEPTIMUS SEVERUS
20_DIDIUS JULIANUS/side_a/image00315 (1).jpg,e598ae73e619da8c01b3759b601d8691554bb2cd4b6400dc4034ecb2a3da0822,label_conflict,,DIDIUS JULIANUS|SEPTIMUS SEVERUS
21_SEPTIMUS SEVERUS/side_a/image00315 (1).jpg,e598ae73e619da8c01b3759b601d8691554bb2cd4b6400dc4034ecb2a3da0822,label_conflict,,DIDIUS JULIANUS|SEPTIMUS SEVERUS
20_DIDIUS JULIANUS/side_a/image00315 (2).jpg,4595f62f3cdfe67a051d750055ba11bd2a27535a56ce86573f409b969332a2cc,label_conflict,,DIDIUS JULIANUS|SEPTIMUS SEVERUS
21_SEPTIMUS SEVERUS/side_a/image00315 (2).jpg,4595f62f3cdfe67a051d750055ba11bd2a27535a56ce86573f409b969332a2cc,label_conflict,,DIDIUS JULIANUS|SEPTIMUS SEVERUS
20_DIDIUS JULIANUS/side_a/image00316 (1).jpg,353ca9a698409f5ad476ed34e587d211f55b116d59af34d8f4afcdd04d3c4437,label_conflict,,DIDIUS JULIANUS|SEPTIMUS SEVERUS
21_SEPTIMUS SEVERUS/side_a/image00316 (1).jpg,353ca9a698409f5ad476ed34e587d211f55b116d59af34d8f4afcdd04d3c4437,label_conflict,,DIDIUS JULIANUS|SEPTIMUS SEVERUS
20_DIDIUS JULIANUS/side_a/image00320 (1).jpg,d8d1103d9228bd2f42cfe57582e4f77942154a790b6645d564370fdd65e88f06,label_conflict,,DIDIUS JULIANUS|SEPTIMUS SEVERUS
21_SEPTIMUS SEVERUS/side_a/image00320 (1).jpg,d8d1103d9228bd2f42cfe57582e4f77942154a790b6645d564370fdd65e88f06,label_conflict,,DIDIUS JULIANUS|SEPTIMUS SEVERUS
20_DIDIUS JULIANUS/side_a/image00321 (1).jpg,d25b5dae8c740530dce98ec2bbcf3a0ff28b95d994f25e8751ab2a0bdb817350,label_conflict,,DIDIUS JULIANUS|SEPTIMUS SEVERUS
21_SEPTIMUS SEVERUS/side_a/image00321 (1).jpg,d25b5dae8c740530dce98ec2bbcf3a0ff28b95d994f25e8751ab2a0bdb817350,label_conflict,,DIDIUS JULIANUS|SEPTIMUS SEVERUS
20_DIDIUS JULIANUS/side_a/image00324.jpg,56c8cc2ae70cbbeb5723a2e83524567e778bf4c09a9849618d0ec9e894a244f3,label_conflict,,DIDIUS JULIANUS|SEPTIMUS SEVERUS
21_SEPTIMUS SEVERUS/side_a/image00324.jpg,56c8cc2ae70cbbeb5723a2e83524567e778bf4c09a9849618d0ec9e894a244f3,label_conflict,,DIDIUS JULIANUS|SEPTIMUS SEVERUS
20_DIDIUS JULIANUS/side_a/image00325 (1).jpg,8b7c4cd224e3c5c00fb2ed85efeffba61a89809d977809801b7cb862133a3d7f,label_conflict,,DIDIUS JULIANUS|SEPTIMUS SEVERUS
21_SEPTIMUS SEVERUS/side_a/image00325 (1).jpg,8b7c4cd224e3c5c00fb2ed85efeffba61a89809d977809801b7cb862133a3d7f,label_conflict,,DIDIUS JULIANUS|SEPTIMUS SEVERUS
20_DIDIUS JULIANUS/side_a/image00325.jpg,d57f6c5e64d09bee798c17cf2353902de3a768fd00ad14d76321cc7fbdbe7c28,label_conflict,,DIDIUS JULIANUS|SEPTIMUS SEVERUS
21_SEPTIMUS SEVERUS/side_a/image00325.jpg,d57f6c5e64d09bee798c17cf2353902de3a768fd00ad14d76321cc7fbdbe7c28,label_conflict,,DIDIUS JULIANUS|SEPTIMUS SEVERUS
20_DIDIUS JULIANUS/side_a/image00326.jpg,2264f48358903b9a5c0b949ceded57462e5e3f7ff89314e2fd11b1877e5cb137,label_conflict,,DIDIUS JULIANUS|SEPTIMUS SEVERUS
21_SEPTIMUS SEVERUS/side_a/image00326.jpg,2264f48358903b9a5c0b949ceded57462e5e3f7ff89314e2fd11b1877e5cb137,label_conflict,,DIDIUS JULIANUS|SEPTIMUS SEVERUS
20_DIDIUS JULIANUS/side_a/image00327 (1).jpg,0fbce1424acaca5101f61b645e6b7eb114ec6730f9c7ea3a4fb5d2dd1fdf43be,label_conflict,,DIDIUS JULIANUS|SEPTIMUS SEVERUS
21_SEPTIMUS SEVERUS/side_a/image00327 (1).jpg,0fbce1424acaca5101f61b645e6b7eb114ec6730f9c7ea3a4fb5d2dd1fdf43be,label_conflict,,DIDIUS JULIANUS|SEPTIMUS SEVERUS
20_DIDIUS JULIANUS/side_a/image00328.jpg,9e94b1c44bcc29be3da6ab1ddeddd6e03786c7f037bfc9331867f82bfda6ccbb,label_conflict,,DIDIUS JULIANUS|SEPTIMUS SEVERUS
21_SEPTIMUS SEVERUS/side_a/image00328.jpg,9e94b1c44bcc29be3da6ab1ddeddd6e03786c7f037bfc9331867f82bfda6ccbb,label_conflict,,DIDIUS JULIANUS|SEPTIMUS SEVERUS
20_DIDIUS JULIANUS/side_a/image00329.jpg,fd66871e444c44c7884edacba353979229194949e28dfadc751ee60b6c4fa406,label_conflict,,DIDIUS JULIANUS|SEPTIMUS SEVERUS
21_SEPTIMUS SEVERUS/side_a/image00329.jpg,fd66871e444c44c7884edacba353979229194949e28dfadc751ee60b6c4fa406,label_conflict,,DIDIUS JULIANUS|SEPTIMUS SEVERUS
20_DIDIUS JULIANUS/side_a/image00332 (1).jpg,a1bbb330281bf79c6c61af728695e757ed93d208151481ad0e0a2b8035804521,label_conflict,,DIDIUS JULIANUS|SEPTIMUS SEVERUS
21_SEPTIMUS SEVERUS/side_a/image00332 (1).jpg,a1bbb330281bf79c6c61af728695e757ed93d208151481ad0e0a2b8035804521,label_conflict,,DIDIUS JULIANUS|SEPTIMUS SEVERUS
20_DIDIUS JULIANUS/side_a/image00332 (2).jpg,ed8f21f1c5b72b439c0c1cb9dbb525776db4fde1efa4277b367491e060123c88,label_conflict,,DIDIUS JULIANUS|SEPTIMUS SEVERUS
21_SEPTIMUS SEVERUS/side_a/image00332.jpg,ed8f21f1c5b72b439c0c1cb9dbb525776db4fde1efa4277b367491e060123c88,label_conflict,,DIDIUS JULIANUS|SEPTIMUS SEVERUS
20_DIDIUS JULIANUS/side_a/image00333 (1).jpg,4c7a6c76da9bcdec7b23f8cdd9e47039a4801182b894424213830973d6c77e6a,label_conflict,,DIDIUS JULIANUS|SEPTIMUS SEVERUS
21_SEPTIMUS SEVERUS/side_a/image00333 (1).jpg,4c7a6c76da9bcdec7b23f8cdd9e47039a4801182b894424213830973d6c77e6a,label_conflict,,DIDIUS JULIANUS|SEPTIMUS SEVERUS
20_DIDIUS JULIANUS/side_a/image00333.jpg,57f7d1eeb0cd41b035057b82cb0deb3ecffb1b509e2b98094cc9ff8f01b5bca7,label_conflict,,DIDIUS JULIANUS|SEPTIMUS SEVERUS
21_SEPTIMUS SEVERUS/side_a/image00333.jpg,57f7d1eeb0cd41b035057b82cb0deb3ecffb1b509e2b98094cc9ff8f01b5bca7,label_conflict,,DIDIUS JULIANUS|SEPTIMUS SEVERUS
20_DIDIUS JULIANUS/side_a/image00334 (1).jpg,10fd3ba30466fb3983b6405006327ddb11ad158fcea2dcc1d397d2137b28ea92,label_conflict,,DIDIUS JULIANUS|SEPTIMUS SEVERUS
21_SEPTIMUS SEVERUS/side_a/image00334 (1).jpg,10fd3ba30466fb3983b6405006327ddb11ad158fcea2dcc1d397d2137b28ea92,label_conflict,,DIDIUS JULIANUS|SEPTIMUS SEVERUS
20_DIDIUS JULIANUS/side_a/image00336.jpg,69b918f7f4a42c1d140144d30bfb6be5befa34263f1da07f48048cc8830e2922,label_conflict,,DIDIUS JULIANUS|SEPTIMUS SEVERUS
21_SEPTIMUS SEVERUS/side_a/image00336.jpg,69b918f7f4a42c1d140144d30bfb6be5befa34263f1da07f48048cc8830e2922,label_conflict,,DIDIUS JULIANUS|SEPTIMUS SEVERUS
20_DIDIUS JULIANUS/side_a/image00338.jpg,ecdf552213dda16d3fef387a8ab68b8b565814824028ec8e7afb2ae7ef3be6c3,label_conflict,,DIDIUS JULIANUS|SEPTIMUS SEVERUS
21_SEPTIMUS SEVERUS/side_a/image00338.jpg,ecdf552213dda16d3fef387a8ab68b8b565814824028ec8e7afb2ae7ef3be6c3,label_conflict,,DIDIUS JULIANUS|SEPTIMUS SEVERUS
20_DIDIUS JULIANUS/side_a/image00341.jpg,5a35ceeca65c2986d47b1f98197f144280683a16d57ccb2ec8f9fa2626c52dad,label_conflict,,DIDIUS JULIANUS|SEPTIMUS SEVERUS
21_SEPTIMUS SEVERUS/side_a/image00341.jpg,5a35ceeca65c2986d47b1f98197f144280683a16d57ccb2ec8f9fa2626c52dad,label_conflict,,DIDIUS JULIANUS|SEPTIMUS SEVERUS
20_DIDIUS JULIANUS/side_a/image00342.jpg,3af09e553b9f8b9864d75a210f7b30f16ec6c0c19f95b6626b6bd4e2c9e25bf5,label_conflict,,DIDIUS JULIANUS|SEPTIMUS SEVERUS
21_SEPTIMUS SEVERUS/side_a/image00342.jpg,3af09e553b9f8b9864d75a210f7b30f16ec6c0c19f95b6626b6bd4e2c9e25bf5,label_conflict,,DIDIUS JULIANUS|SEPTIMUS SEVERUS
20_DIDIUS JULIANUS/side_a/image00343.jpg,45ad782bb82e2e91f04105cc211e8d32f76d48079c841ddf012595abb1490a41,label_conflict,,DIDIUS JULIANUS|SEPTIMUS SEVERUS
21_SEPTIMUS SEVERUS/side_a/image00343.jpg,45ad782bb82e2e91f04105cc211e8d32f76d48079c841ddf012595abb1490a41,label_conflict,,DIDIUS JULIANUS|SEPTIMUS SEVERUS
20_DIDIUS JULIANUS/side_a/image00344.jpg,c5d58beee9557866020f7a4cab22748213f64f459d8bd3a767aa388aa5ab299e,label_conflict,,DIDIUS JULIANUS|SEPTIMUS SEVERUS
21_SEPTIMUS SEVERUS/side_a/image00344.jpg,c5d58beee9557866020f7a4cab22748213f64f459d8bd3a767aa388aa5ab299e,label_conflict,,DIDIUS JULIANUS|SEPTIMUS SEVERUS
20_DIDIUS JULIANUS/side_a/image00348.jpg,12f0b23257694f8bfeb8e975f03013be48ffeb80fca0803692739a9ccd44716e,label_conflict,,DIDIUS JULIANUS|SEPTIMUS SEVERUS
21_SEPTIMUS SEVERUS/side_a/image00348.jpg,12f0b23257694f8bfeb8e975f03013be48ffeb80fca0803692739a9ccd44716e,label_conflict,,DIDIUS JULIANUS|SEPTIMUS SEVERUS
20_DIDIUS JULIANUS/side_a/image00349.jpg,0e9f185db8f25acea0ed83a0a06b60b241017a20c0eddfefd29fcdb30ca5a417,label_conflict,,DIDIUS JULIANUS|SEPTIMUS SEVERUS
21_SEPTIMUS SEVERUS/side_a/image00349.jpg,0e9f185db8f25acea0ed83a0a06b60b241017a20c0eddfefd29fcdb30ca5a417,label_conflict,,DIDIUS JULIANUS|SEPTIMUS SEVERUS
20_DIDIUS JULIANUS/side_a/image00350.jpg,78a213e6a4d636b5a7b1744e344ee158422ddf1e5d877c09f827d9299e969c3a,label_conflict,,DIDIUS JULIANUS|SEPTIMUS SEVERUS
21_SEPTIMUS SEVERUS/side_a/image00350.jpg,78a213e6a4d636b5a7b1744e344ee158422ddf1e5d877c09f827d9299e969c3a,label_conflict,,DIDIUS JULIANUS|SEPTIMUS SEVERUS
20_DIDIUS JULIANUS/side_a/image00351.jpg,23f1b7de0f0bc0f8f44be844018adc511d561211045988cb8b824d8c65661f8b,label_conflict,,DIDIUS JULIANUS|SEPTIMUS SEVERUS
21_SEPTIMUS SEVERUS/side_a/image00351.jpg,23f1b7de0f0bc0f8f44be844018adc511d561211045988cb8b824d8c65661f8b,label_conflict,,DIDIUS JULIANUS|SEPTIMUS SEVERUS
20_DIDIUS JULIANUS/side_a/image00352.jpg,22e169ea130883111e3beeaa77fedbf91f8e574e8337f48a4f5bd50902b7c07d,label_conflict,,DIDIUS JULIANUS|SEPTIMUS SEVERUS
21_SEPTIMUS SEVERUS/side_a/image00352.jpg,22e169ea130883111e3beeaa77fedbf91f8e574e8337f48a4f5bd50902b7c07d,label_conflict,,DIDIUS JULIANUS|SEPTIMUS SEVERUS
20_DIDIUS JULIANUS/side_a/image00353.jpg,c89ac9e9d9d6f1e009de664a1f03a62a74f1094e996a65e4b63f0094dcf023ea,label_conflict,,DIDIUS JULIANUS|SEPTIMUS SEVERUS
21_SEPTIMUS SEVERUS/side_a/image00353.jpg,c89ac9e9d9d6f1e009de664a1f03a62a74f1094e996a65e4b63f0094dcf023ea,label_conflict,,DIDIUS JULIANUS|SEPTIMUS SEVERUS
20_DIDIUS JULIANUS/side_a/image00354.jpg,1e8a1a77522b9229029fd00f824392d746102380872ca39b2f0825600028b0ad,label_conflict,,DIDIUS JULIANUS|SEPTIMUS SEVERUS
21_SEPTIMUS SEVERUS/side_a/image00354.jpg,1e8a1a77522b9229029fd00f824392d746102380872ca39b2f0825600028b0ad,label_conflict,,DIDIUS JULIANUS|SEPTIMUS SEVERUS
20_DIDIUS JULIANUS/side_a/image00355.jpg,219e7dcc1ac91432bbc743a14d88c3bf5cbf1cb4e8298d986fd0c4b874d98805,label_conflict,,DIDIUS JULIANUS|SEPTIMUS SEVERUS
21_SEPTIMUS SEVERUS/side_a/image00355.jpg,219e7dcc1ac91432bbc743a14d88c3bf5cbf1cb4e8298d986fd0c4b874d98805,label_conflict,,DIDIUS JULIANUS|SEPTIMUS SEVERUS
20_DIDIUS JULIANUS/side_a/image00357.jpg,0da45f78134b93f1900c05036a6682c5aa1eff0be7a6c5fd19bede5e6c1dd929,label_conflict,,DIDIUS JULIANUS|SEPTIMUS SEVERUS
21_SEPTIMUS SEVERUS/side_a/image00357.jpg,0da45f78134b93f1900c05036a6682c5aa1eff0be7a6c5fd19bede5e6c1dd929,label_conflict,,DIDIUS JULIANUS|SEPTIMUS SEVERUS
20_DIDIUS JULIANUS/side_a/image00365.jpg,821facd9a98ccbd6778d65a264d3059ae97b09979ff45d986b0a07cbebdc4c84,label_conflict,,DIDIUS JULIANUS|SEPTIMUS SEVERUS
21_SEPTIMUS SEVERUS/side_a/image00365.jpg,821facd9a98ccbd6778d65a264d3059ae97b09979ff45d986b0a07cbebdc4c84,label_conflict,,DIDIUS JULIANUS|SEPTIMUS SEVERUS
20_DIDIUS JULIANUS/side_a/image00366.jpg,3384378a5ac49327d6530045f7a6c11d14ae3fd588b152f7057a47e47f9eb145,label_conflict,,DIDIUS JULIANUS|SEPTIMUS SEVERUS
21_SEPTIMUS SEVERUS/side_a/image00366.jpg,3384378a5ac49327d6530045f7a6c11d14ae3fd588b152f7057a47e47f9eb145,label_conflict,,DIDIUS JULIANUS|SEPTIMUS SEVERUS
20_DIDIUS JULIANUS/side_a/image00367.jpg,4d2245df43e884f993935f5e7b3d0485cadc52a47f254c7435f25e562162109b,label_conflict,,DIDIUS JULIANUS|SEPTIMUS SEVERUS
21_SEPTIMUS SEVERUS/side_a/image00367.jpg,4d2245df43e884f993935f5e7b3d0485cadc52a47f254c7435f25e562162109b,label_conflict,,DIDIUS JULIANUS|SEPTIMUS SEVERUS
20_DIDIUS JULIANUS/side_a/image00368.jpg,df46901d4602989cbddfee2873e1c1466c388b3479bb4e376446c1ee8e4d1770,label_conflict,,DIDIUS JULIANUS|SEPTIMUS SEVERUS
21_SEPTIMUS SEVERUS/side_a/image00368.jpg,df46901d4602989cbddfee2873e1c1466c388b3479bb4e376446c1ee8e4d1770,label_conflict,,DIDIUS JULIANUS|SEPTIMUS SEVERUS
20_DIDIUS JULIANUS/side_a/image00369.jpg,f149aff1827b9ed29d6f43dad887710bd2f3f1aa7fe0985af32fd8e9c86b3392,label_conflict,,DIDIUS JULIANUS|SEPTIMUS SEVERUS
21_SEPTIMUS SEVERUS/side_a/image00369.jpg,f149aff1827b9ed29d6f43dad887710bd2f3f1aa7fe0985af32fd8e9c86b3392,label_conflict,,DIDIUS JULIANUS|SEPTIMUS SEVERUS
20_DIDIUS JULIANUS/side_a/image00372.jpg,4b06ac56de0e3afb89b0028757c7818c583feca19cec053a9032b780971377f1,label_conflict,,DIDIUS JULIANUS|SEPTIMUS SEVERUS
21_SEPTIMUS SEVERUS/side_a/image00372.jpg,4b06ac56de0e3afb89b0028757c7818c583feca19cec053a9032b780971377f1,label_conflict,,DIDIUS JULIANUS|SEPTIMUS SEVERUS
20_DIDIUS JULIANUS/side_a/image00375.jpg,04ef3b3ddf216a4a02d453e61eb3fa8818a4ae93923f7c98fd755e5977c05959,label_conflict,,DIDIUS JULIANUS|SEPTIMUS SEVERUS
21_SEPTIMUS SEVERUS/side_a/image00375.jpg,04ef3b3ddf216a4a02d453e61eb3fa8818a4ae93923f7c98fd755e5977c05959,label_conflict,,DIDIUS JULIANUS|SEPTIMUS SEVERUS
20_DIDIUS JULIANUS/side_a/image00376.jpg,b688021595edac743428ad3f96e6720016245e05ec834a383f5fd65451017fb7,label_conflict,,DIDIUS JULIANUS|SEPTIMUS SEVERUS
21_SEPTIMUS SEVERUS/side_a/image00376.jpg,b688021595edac743428ad3f96e6720016245e05ec834a383f5fd65451017fb7,label_conflict,,DIDIUS JULIANUS|SEPTIMUS SEVERUS
20_DIDIUS JULIANUS/side_a/image00377.jpg,2b4f4694e926c0fc0f7bbf7e63e09f6a11f9a4ea3d7bad6cc7d045203aca154f,label_conflict,,DIDIUS JULIANUS|SEPTIMUS SEVERUS
21_SEPTIMUS SEVERUS/side_a/image00377.jpg,2b4f4694e926c0fc0f7bbf7e63e09f6a11f9a4ea3d7bad6cc7d045203aca154f,label_conflict,,DIDIUS JULIANUS|SEPTIMUS SEVERUS
20_DIDIUS JULIANUS/side_a/image00379.jpg,899cec668254b29eede2ce472c62b2567f96df9341e6e30b9ba6f7c1bfe906e0,label_conflict,,DIDIUS JULIANUS|SEPTIMUS SEVERUS
21_SEPTIMUS SEVERUS/side_a/image00379.jpg,899cec668254b29eede2ce472c62b2567f96df9341e6e30b9ba6f7c1bfe906e0,label_conflict,,DIDIUS JULIANUS|SEPTIMUS SEVERUS
20_DIDIUS JULIANUS/side_a/image00380.jpg,88dbb9df459c419e309a3c214d16b1350827a021c60060752ad1f7ea37082691,label_conflict,,DIDIUS JULIANUS|SEPTIMUS SEVERUS
21_SEPTIMUS SEVERUS/side_a/image00380.jpg,88dbb9df459c419e309a3c214d16b1350827a021c60060752ad1f7ea37082691,label_conflict,,DIDIUS JULIANUS|SEPTIMUS SEVERUS
20_DIDIUS JULIANUS/side_a/image00383.jpg,340e994656fced08864f733bb3232b971d6198fc09a299d4af8f31e6d891b162,label_conflict,,DIDIUS JULIANUS|SEPTIMUS SEVERUS
21_SEPTIMUS SEVERUS/side_a/image00383.jpg,340e994656fced08864f733bb3232b971d6198fc09a299d4af8f31e6d891b162,label_conflict,,DIDIUS JULIANUS|SEPTIMUS SEVERUS
20_DIDIUS JULIANUS/side_a/image00387 (1).jpg,a9721f5e271cfce4b50d597b9d8c0894d042d96487bc7f7cf2061025f096db99,label_conflict,,DIDIUS JULIANUS|SEPTIMUS SEVERUS
21_SEPTIMUS SEVERUS/side_a/image00387 (1).jpg,a9721f5e271cfce4b50d597b9d8c0894d042d96487bc7f7cf2061025f096db99,label_conflict,,DIDIUS JULIANUS|SEPTIMUS SEVERUS
20_DIDIUS JULIANUS/side_a/image00398.jpg,9fce2774cf10247b98642dada7d3dd72e46e774b79b4cb2a5ff8792bc907cb2a,label_conflict,,DIDIUS JULIANUS|SEPTIMUS SEVERUS
21_SEPTIMUS SEVERUS/side_a/image00398.jpg,9fce2774cf10247b98642dada7d3dd72e46e774b79b4cb2a5ff8792bc907cb2a,label_conflict,,DIDIUS JULIANUS|SEPTIMUS SEVERUS
20_DIDIUS JULIANUS/side_a/image00400.jpg,e88462445c895354ff214ca5e8ed8795b48290171cd6e826b9df9a5ef4de46c5,label_conflict,,DIDIUS JULIANUS|SEPTIMUS SEVERUS
21_SEPTIMUS SEVERUS/side_a/image00400.jpg,e88462445c895354ff214ca5e8ed8795b48290171cd6e826b9df9a5ef4de46c5,label_conflict,,DIDIUS JULIANUS|SEPTIMUS SEVERUS
20_DIDIUS JULIANUS/side_a/image00403.jpg,1e01bc6b2a9803e3e0111acae8b447f5a72d789106fd5d11f224baf4bb602049,label_conflict,,DIDIUS JULIANUS|SEPTIMUS SEVERUS
21_SEPTIMUS SEVERUS/side_a/image00403.jpg,1e01bc6b2a9803e3e0111acae8b447f5a72d789106fd5d11f224baf4bb602049,label_conflict,,DIDIUS JULIANUS|SEPTIMUS SEVERUS
20_DIDIUS JULIANUS/side_a/image00404 (1).jpg,4c7dee7c8b3429f80369b98f8de4f5c5687caf96fda99a5c0efd465e6eed0bc1,label_conflict,,DIDIUS JULIANUS|SEPTIMUS SEVERUS
21_SEPTIMUS SEVERUS/side_a/image00404 (1).jpg,4c7dee7c8b3429f80369b98f8de4f5c5687caf96fda99a5c0efd465e6eed0bc1,label_conflict,,DIDIUS JULIANUS|SEPTIMUS SEVERUS
20_DIDIUS JULIANUS/side_a/image00406.jpg,ffe38d54a81f23ed71a946bc09f5b47e01c35e0d6524c84bd5d1f2ed108dbf20,label_conflict,,DIDIUS JULIANUS|SEPTIMUS SEVERUS
21_SEPTIMUS SEVERUS/side_a/image00406.jpg,ffe38d54a81f23ed71a946bc09f5b47e01c35e0d6524c84bd5d1f2ed108dbf20,label_conflict,,DIDIUS JULIANUS|SEPTIMUS SEVERUS
20_DIDIUS JULIANUS/side_a/image00408 (1).jpg,c8d08778b5169f3c23c35ac7235449d3dda2c7f49a6841f9106c6a2dfc0d1cea,label_conflict,,DIDIUS JULIANUS|SEPTIMUS SEVERUS
21_SEPTIMUS SEVERUS/side_a/image00408 (1).jpg,c8d08778b5169f3c23c35ac7235449d3dda2c7f49a6841f9106c6a2dfc0d1cea,label_conflict,,DIDIUS JULIANUS|SEPTIMUS SEVERUS
20_DIDIUS JULIANUS/side_a/image00408.jpg,91e2f972985aad11b63ff92a397cb2e3adf684c5db9d18c7457b8855a4547cfb,label_conflict,,DIDIUS JULIANUS|SEPTIMUS SEVERUS
21_SEPTIMUS SEVERUS/side_a/image00408.jpg,91e2f972985aad11b63ff92a397cb2e3adf684c5db9d18c7457b8855a4547cfb,label_conflict,,DIDIUS JULIANUS|SEPTIMUS SEVERUS
20_DIDIUS JULIANUS/side_a/image00409.jpg,70708beb6f79404bce225dd1f67c7c06c652774967c8bfb64db61548abb91e19,label_conflict,,DIDIUS JULIANUS|SEPTIMUS SEVERUS
21_SEPTIMUS SEVERUS/side_a/image00409.jpg,70708beb6f79404bce225dd1f67c7c06c652774967c8bfb64db61548abb91e19,label_conflict,,DIDIUS JULIANUS|SEPTIMUS SEVERUS
20_DIDIUS JULIANUS/side_a/image00414.jpg,64ccefa532330e66c7afecd8f9efa7d576d293cf22cbf28056d56a1afde6768f,label_conflict,,DIDIUS JULIANUS|SEPTIMUS SEVERUS
21_SEPTIMUS SEVERUS/side_a/image00414.jpg,64ccefa532330e66c7afecd8f9efa7d576d293cf22cbf28056d56a1afde6768f,label_conflict,,DIDIUS JULIANUS|SEPTIMUS SEVERUS
20_DIDIUS JULIANUS/side_a/image00415.jpg,3cfb93f9e1db763230bf27e2741cbc7d584132ccac3e8bc3083ce400c1e245f5,label_conflict,,DIDIUS JULIANUS|SEPTIMUS SEVERUS
21_SEPTIMUS SEVERUS/side_a/image00415.jpg,3cfb93f9e1db763230bf27e2741cbc7d584132ccac3e8bc3083ce400c1e245f5,label_conflict,,DIDIUS JULIANUS|SEPTIMUS SEVERUS
20_DIDIUS JULIANUS/side_a/image00420.jpg,d2b12653477173ce81c36f0a873d0fd6ec1949a98b8ba13906e423e639b32bed,label_conflict,,DIDIUS JULIANUS|SEPTIMUS SEVERUS
21_SEPTIMUS SEVERUS/side_a/image00420.jpg,d2b12653477173ce81c36f0a873d0fd6ec1949a98b8ba13906e423e639b32bed,label_conflict,,DIDIUS JULIANUS|SEPTIMUS SEVERUS
20_DIDIUS JULIANUS/side_a/image00422 (1).jpg,a5b92b56c64beb21e5e57768a13967c11d2cf2f23c35eba9c20085c6854d07bd,label_conflict,,DIDIUS JULIANUS|SEPTIMUS SEVERUS
21_SEPTIMUS SEVERUS/side_a/image00422 (1).jpg,a5b92b56c64beb21e5e57768a13967c11d2cf2f23c35eba9c20085c6854d07bd,label_conflict,,DIDIUS JULIANUS|SEPTIMUS SEVERUS
20_DIDIUS JULIANUS/side_a/image00422.jpg,5561286abb9fe387218ee2c2bba615c0fd2c1d2b41385e2928c6d1ea9452f98f,label_conflict,,DIDIUS JULIANUS|SEPTIMUS SEVERUS
21_SEPTIMUS SEVERUS/side_a/image00422.jpg,5561286abb9fe387218ee2c2bba615c0fd2c1d2b41385e2928c6d1ea9452f98f,label_conflict,,DIDIUS JULIANUS|SEPTIMUS SEVERUS
20_DIDIUS JULIANUS/side_a/image00428 (1).jpg,bff0ddc96c2e5fde93e5b3d43e24b466812ed6962bfae755180d320ed862aa91,label_conflict,,DIDIUS JULIANUS|SEPTIMUS SEVERUS
21_SEPTIMUS SEVERUS/side_a/image00428 (1).jpg,bff0ddc96c2e5fde93e5b3d43e24b466812ed6962bfae755180d320ed862aa91,label_conflict,,DIDIUS JULIANUS|SEPTIMUS SEVERUS
20_DIDIUS JULIANUS/side_a/image00428.jpg,4d2614db78354a3a06d6fe69cec4bf883455fe9a92f3a220e3610c3676f6b206,label_conflict,,DIDIUS JULIANUS|SEPTIMUS SEVERUS
21_SEPTIMUS SEVERUS/side_a/image00428.jpg,4d2614db78354a3a06d6fe69cec4bf883455fe9a92f3a220e3610c3676f6b206,label_conflict,,DIDIUS JULIANUS|SEPTIMUS SEVERUS
20_DIDIUS JULIANUS/side_a/image00430.jpg,f0ddb2b7e4b5cecb9705b0955cb11b51f225019e65378c01cfea8a9207d5002b,label_conflict,,DIDIUS JULIANUS|SEPTIMUS SEVERUS
21_SEPTIMUS SEVERUS/side_a/image00430.jpg,f0ddb2b7e4b5cecb9705b0955cb11b51f225019e65378c01cfea8a9207d5002b,label_conflict,,DIDIUS JULIANUS|SEPTIMUS SEVERUS
20_DIDIUS JULIANUS/side_a/image00432 (1).jpg,9386ad99c58a03d46f9198660cb8cbce2c52ae47b040f968279ded6cdf9a2c60,label_conflict,,DIDIUS JULIANUS|SEPTIMUS SEVERUS
21_SEPTIMUS SEVERUS/side_a/image00432 (1).jpg,9386ad99c58a03d46f9198660cb8cbce2c52ae47b040f968279ded6cdf9a2c60,label_conflict,,DIDIUS JULIANUS|SEPTIMUS SEVERUS
20_DIDIUS JULIANUS/side_a/image00432 (2).jpg,e15774cb129dd327048805c37d6484ce9bb93db9ff6e76d4a8f42c0e9e38bb85,label_conflict,,DIDIUS JULIANUS|SEPTIMUS SEVERUS
21_SEPTIMUS SEVERUS/side_a/image00432 (2).jpg,e15774cb129dd327048805c37d6484ce9bb93db9ff6e76d4a8f42c0e9e38bb85,label_conflict,,DIDIUS JULIANUS|SEPTIMUS SEVERUS
20_DIDIUS JULIANUS/side_a/image00434.jpg,5098df923e5d95d4486e73766bdb1011cc63f4682b0469c83073de8c0c7c0922,label_conflict,,DIDIUS JULIANUS|SEPTIMUS SEVERUS
21_SEPTIMUS SEVERUS/side_a/image00434.jpg,5098df923e5d95d4486e73766bdb1011cc63f4682b0469c83073de8c0c7c0922,label_conflict,,DIDIUS JULIANUS|SEPTIMUS SEVERUS
20_DIDIUS JULIANUS/side_a/image00435.jpg,e12ce3f1cd3eca096886917b878be198bd01bba10370a769f496520adc95aa48,label_conflict,,DIDIUS JULIANUS|SEPTIMUS SEVERUS
21_SEPTIMUS SEVERUS/side_a/image00435.jpg,e12ce3f1cd3eca096886917b878be198bd01bba10370a769f496520adc95aa48,label_conflict,,DIDIUS JULIANUS|SEPTIMUS SEVERUS
20_DIDIUS JULIANUS/side_a/image00439 (1).jpg,35d07dab8d946bd8a286848bc5950c0dd1a2e9a1c47beb297171b0baaf7fed32,label_conflict,,DIDIUS JULIANUS|SEPTIMUS SEVERUS
21_SEPTIMUS SEVERUS/side_a/image00439 (1).jpg,35d07dab8d946bd8a286848bc5950c0dd1a2e9a1c47beb297171b0baaf7fed32,label_conflict,,DIDIUS JULIANUS|SEPTIMUS SEVERUS
20_DIDIUS JULIANUS/side_a/image00439 (2).jpg,2388b31fbd47504bbf5e471ea721cb94e30899e0b029dad3aa73f41e5b95e8f1,label_conflict,,DIDIUS JULIANUS|SEPTIMUS SEVERUS
21_SEPTIMUS SEVERUS/side_a/image00439 (2).jpg,2388b31fbd47504bbf5e471ea721cb94e30899e0b029dad3aa73f41e5b95e8f1,label_conflict,,DIDIUS JULIANUS|SEPTIMUS SEVERUS
20_DIDIUS JULIANUS/side_a/image00439.jpg,dcc8cb0f2f18a0247b12eaf3f9df4d8383d99f7d99a0dacac6d234682ac38000,label_conflict,,DIDIUS JULIANUS|SEPTIMUS SEVERUS
21_SEPTIMUS SEVERUS/side_a/image00439.jpg,dcc8cb0f2f18a0247b12eaf3f9df4d8383d99f7d99a0dacac6d234682ac38000,label_conflict,,DIDIUS JULIANUS|SEPTIMUS SEVERUS
20_DIDIUS JULIANUS/side_a/image00440 (1).jpg,271c3f72347da5385d9eb13a880755028e1868dd59606db66a70af907bb18b19,label_conflict,,DIDIUS JULIANUS|SEPTIMUS SEVERUS
21_SEPTIMUS SEVERUS/side_a/image00440 (1).jpg,271c3f72347da5385d9eb13a880755028e1868dd59606db66a70af907bb18b19,label_conflict,,DIDIUS JULIANUS|SEPTIMUS SEVERUS
20_DIDIUS JULIANUS/side_a/image00440.jpg,c6de43b3bbd23ccce7e29d050b695be958ac182256c8e842fe9eeebebb530986,label_conflict,,DIDIUS JULIANUS|SEPTIMUS SEVERUS
21_SEPTIMUS SEVERUS/side_a/image00440.jpg,c6de43b3bbd23ccce7e29d050b695be958ac182256c8e842fe9eeebebb530986,label_conflict,,DIDIUS JULIANUS|SEPTIMUS SEVERUS
20_DIDIUS JULIANUS/side_a/image00442.jpg,b81b897cc171facbe8566796094764354bd163d875022891efeac25d64fd43a0,label_conflict,,DIDIUS JULIANUS|SEPTIMUS SEVERUS
21_SEPTIMUS SEVERUS/side_a/image00442.jpg,b81b897cc171facbe8566796094764354bd163d875022891efeac25d64fd43a0,label_conflict,,DIDIUS JULIANUS|SEPTIMUS SEVERUS
20_DIDIUS JULIANUS/side_a/image00443.jpg,a765097d4869301f9cc47e0e960d5e7d5ceaf5c7c6718d92be7ffd791bf33887,label_conflict,,DIDIUS JULIANUS|SEPTIMUS SEVERUS
21_SEPTIMUS SEVERUS/side_a/image00443.jpg,a765097d4869301f9cc47e0e960d5e7d5ceaf5c7c6718d92be7ffd791bf33887,label_conflict,,DIDIUS JULIANUS|SEPTIMUS SEVERUS
20_DIDIUS JULIANUS/side_a/image00444 (1).jpg,9131f214936bc78ce9f2bb866f1cb72d643c47fe1982546c1f3ea6c91ec3206b,label_conflict,,DIDIUS JULIANUS|SEPTIMUS SEVERUS
21_SEPTIMUS SEVERUS/side_a/image00444 (1).jpg,9131f214936bc78ce9f2bb866f1cb72d643c47fe1982546c1f3ea6c91ec3206b,label_conflict,,DIDIUS JULIANUS|SEPTIMUS SEVERUS
20_DIDIUS JULIANUS/side_a/image00444.jpg,ee6741a12757461f4e4de798d75507aefeef7a1938cb75c1d5f85777cb90ce5e,label_conflict,,DIDIUS JULIANUS|SEPTIMUS SEVERUS
21_SEPTIMUS SEVERUS/side_a/image00444.jpg,ee6741a12757461f4e4de798d75507aefeef7a1938cb75c1d5f85777cb90ce5e,label_conflict,,DIDIUS JULIANUS|SEPTIMUS SEVERUS
20_DIDIUS JULIANUS/side_a/image00445.jpg,47f2314b1dadb88031da60d3b52e6216bf73a02742766639fa8a4c9c2ba1aaed,label_conflict,,DIDIUS JULIANUS|SEPTIMUS SEVERUS
21_SEPTIMUS SEVERUS/side_a/image00445.jpg,47f2314b1dadb88031da60d3b52e6216bf73a02742766639fa8a4c9c2ba1aaed,label_conflict,,DIDIUS JULIANUS|SEPTIMUS SEVERUS
20_DIDIUS JULIANUS/side_a/image00446 (1).jpg,322588a40b4a247128657c72042df418ab223528f172f6c5c77168153630a504,label_conflict,,DIDIUS JULIANUS|SEPTIMUS SEVERUS
21_SEPTIMUS SEVERUS/side_a/image00446 (1).jpg,322588a40b4a247128657c72042df418ab223528f172f6c5c77168153630a504,label_conflict,,DIDIUS JULIANUS|SEPTIMUS SEVERUS
20_DIDIUS JULIANUS/side_a/image00446.jpg,4a27880658e678d8139bd24b7c89aaec0f36b9cd3989aeba797ccc6aa9890576,label_conflict,,DIDIUS JULIANUS|SEPTIMUS SEVERUS
21_SEPTIMUS SEVERUS/side_a/image00446.jpg,4a27880658e678d8139bd24b7c89aaec0f36b9cd3989aeba797ccc6aa9890576,label_conflict,,DIDIUS JULIANUS|SEPTIMUS SEVERUS
20_DIDIUS JULIANUS/side_a/image00448.jpg,0ca0c4f544bfc970bb71f942a6cdb441252b4b0bd3726e0af4c201e5e1c7b1aa,label_conflict,,DIDIUS JULIANUS|SEPTIMUS SEVERUS
21_SEPTIMUS SEVERUS/side_a/image00448.jpg,0ca0c4f544bfc970bb71f942a6cdb441252b4b0bd3726e0af4c201e5e1c7b1aa,label_conflict,,DIDIUS JULIANUS|SEPTIMUS SEVERUS
20_DIDIUS JULIANUS/side_a/image00449.jpg,59a3c3409c5d0faf8e28c707af0a7f54e638458cd8c3e7575d1b3820793c8950,label_conflict,,DIDIUS JULIANUS|SEPTIMUS SEVERUS
21_SEPTIMUS SEVERUS/side_a/image00449.jpg,59a3c3409c5d0faf8e28c707af0a7f54e638458cd8c3e7575d1b3820793c8950,label_conflict,,DIDIUS JULIANUS|SEPTIMUS SEVERUS
20_DIDIUS JULIANUS/side_a/image00453.jpg,ccf8c54e881ef1994ff59753e7d363e01a2c16d93f7fe73cf672662d96599cc7,label_conflict,,DIDIUS JULIANUS|SEPTIMUS SEVERUS
21_SEPTIMUS SEVERUS/side_a/image00453.jpg,ccf8c54e881ef1994ff59753e7d363e01a2c16d93f7fe73cf672662d96599cc7,label_conflict,,DIDIUS JULIANUS|SEPTIMUS SEVERUS
20_DIDIUS JULIANUS/side_a/image00454.jpg,8f8c6fa771d43a6b09c28b48ec154fa0e81551f5329f81e0d26965f189a62634,label_conflict,,DIDIUS JULIANUS|SEPTIMUS SEVERUS
21_SEPTIMUS SEVERUS/side_a/image00454.jpg,8f8c6fa771d43a6b09c28b48ec154fa0e81551f5329f81e0d26965f189a62634,label_conflict,,DIDIUS JULIANUS|SEPTIMUS SEVERUS
20_DIDIUS JULIANUS/side_a/image00455.jpg,4fda1cf6d7050bde8fb09a3287575e17e97b3ab802c81dbd2204d98b5a8f822f,label_conflict,,DIDIUS JULIANUS|SEPTIMUS SEVERUS
21_SEPTIMUS SEVERUS/side_a/image00455.jpg,4fda1cf6d7050bde8fb09a3287575e17e97b3ab802c81dbd2204d98b5a8f822f,label_conflict,,DIDIUS JULIANUS|SEPTIMUS SEVERUS
20_DIDIUS JULIANUS/side_a/image00460 (1).jpg,52e99bc7301723a71c6636a83f4d1ac739a8793fb4d4289fd1a4df251a786e5a,label_conflict,,DIDIUS JULIANUS|SEPTIMUS SEVERUS
21_SEPTIMUS SEVERUS/side_a/image00460 (1).jpg,52e99bc7301723a71c6636a83f4d1ac739a8793fb4d4289fd1a4df251a786e5a,label_conflict,,DIDIUS JULIANUS|SEPTIMUS SEVERUS
20_DIDIUS JULIANUS/side_a/image00460.jpg,dd099f0a5bfa5b2e968210257361e9c8814566fbab2a60d62a01511a65ec2fc8,label_conflict,,DIDIUS JULIANUS|SEPTIMUS SEVERUS
21_SEPTIMUS SEVERUS/side_a/image00460.jpg,dd099f0a5bfa5b2e968210257361e9c8814566fbab2a60d62a01511a65ec2fc8,label_conflict,,DIDIUS JULIANUS|SEPTIMUS SEVERUS
20_DIDIUS JULIANUS/side_a/image00461 (1).jpg,63675cfadf84ace328c8202826b897c6b8ca140030f47c652e795aa75f116cab,label_conflict,,DIDIUS JULIANUS|SEPTIMUS SEVERUS
21_SEPTIMUS SEVERUS/side_a/image00461 (1).jpg,63675cfadf84ace328c8202826b897c6b8ca140030f47c652e795aa75f116cab,label_conflict,,DIDIUS JULIANUS|SEPTIMUS SEVERUS
20_DIDIUS JULIANUS/side_a/image00461.jpg,9f008fbb9e4dadb46cabe7d6931871f1a1ea5faad6244d6c8d0fe705179b475b,label_conflict,,DIDIUS JULIANUS|SEPTIMUS SEVERUS
21_SEPTIMUS SEVERUS/side_a/image00461.jpg,9f008fbb9e4dadb46cabe7d6931871f1a1ea5faad6244d6c8d0fe705179b475b,label_conflict,,DIDIUS JULIANUS|SEPTIMUS SEVERUS
20_DIDIUS JULIANUS/side_a/image00469.jpg,62e33ebab475a01ccd3da21baa62c6f1e017be427b05854593c5831fbd389313,label_conflict,,DIDIUS JULIANUS|SEPTIMUS SEVERUS
21_SEPTIMUS SEVERUS/side_a/image00469.jpg,62e33ebab475a01ccd3da21baa62c6f1e017be427b05854593c5831fbd389313,label_conflict,,DIDIUS JULIANUS|SEPTIMUS SEVERUS
20_DIDIUS JULIANUS/side_a/image00473.jpg,60743250b7240d9c4cfe099c0e82596e3459d2393df271ebfd2b69e91953a5ad,label_conflict,,DIDIUS JULIANUS|SEPTIMUS SEVERUS
21_SEPTIMUS SEVERUS/side_a/image00473.jpg,60743250b7240d9c4cfe099c0e82596e3459d2393df271ebfd2b69e91953a5ad,label_conflict,,DIDIUS JULIANUS|SEPTIMUS SEVERUS
20_DIDIUS JULIANUS/side_a/image00481.jpg,3b85b5bffd2e71bdd531b239daa484abbae7bece1eee94030e0fd849e5b789ce,label_conflict,,DIDIUS JULIANUS|SEPTIMUS SEVERUS
21_SEPTIMUS SEVERUS/side_a/image00481.jpg,3b85b5bffd2e71bdd531b239daa484abbae7bece1eee94030e0fd849e5b789ce,label_conflict,,DIDIUS JULIANUS|SEPTIMUS SEVERUS
20_DIDIUS JULIANUS/side_a/image00486.jpg,9d44a771356fb82aa698b19254353840457171a7f68935a97e8b3a0c96679f1c,label_conflict,,DIDIUS JULIANUS|SEPTIMUS SEVERUS
21_SEPTIMUS SEVERUS/side_a/image00486.jpg,9d44a771356fb82aa698b19254353840457171a7f68935a97e8b3a0c96679f1c,label_conflict,,DIDIUS JULIANUS|SEPTIMUS SEVERUS
20_DIDIUS JULIANUS/side_a/image00487.jpg,d5fdc96b2565d63c004209cc2f883bf26e887f68f07a311231d7cd8058bf993e,label_conflict,,DIDIUS JULIANUS|SEPTIMUS SEVERUS
21_SEPTIMUS SEVERUS/side_a/image00487.jpg,d5fdc96b2565d63c004209cc2f883bf26e887f68f07a311231d7cd8058bf993e,label_conflict,,DIDIUS JULIANUS|SEPTIMUS SEVERUS
20_DIDIUS JULIANUS/side_a/image00488.jpg,0ffb6c867fd6bf1e8075ae33625ac4dfd736e518450ec572f1535b402c27ac62,label_conflict,,DIDIUS JULIANUS|SEPTIMUS SEVERUS
21_SEPTIMUS SEVERUS/side_a/image00488.jpg,0ffb6c867fd6bf1e8075ae33625ac4dfd736e518450ec572f1535b402c27ac62,label_conflict,,DIDIUS JULIANUS|SEPTIMUS SEVERUS
20_DIDIUS JULIANUS/side_a/image00494.jpg,d491975fbabb392fd7ea838063fc43b04c1a8a9653d13c7feecc167c6e8d916f,label_conflict,,DIDIUS JULIANUS|SEPTIMUS SEVERUS
21_SEPTIMUS SEVERUS/side_a/image00494.jpg,d491975fbabb392fd7ea838063fc43b04c1a8a9653d13c7feecc167c6e8d916f,label_conflict,,DIDIUS JULIANUS|SEPTIMUS SEVERUS
20_DIDIUS JULIANUS/side_a/image00495.jpg,03f1d048d3db5d3f955c919068fb4d7945078dd0aeb8ea970c59a3b06dcef4fc,label_conflict,,DIDIUS JULIANUS|SEPTIMUS SEVERUS
21_SEPTIMUS SEVERUS/side_a/image00495.jpg,03f1d048d3db5d3f955c919068fb4d7945078dd0aeb8ea970c59a3b06dcef4fc,label_conflict,,DIDIUS JULIANUS|SEPTIMUS SEVERUS
20_DIDIUS JULIANUS/side_a/image00496.jpg,376d90c2959362490ba57706ed2dc49eab1040284e70e45f2ef289b9a2a134a8,label_conflict,,DIDIUS JULIANUS|SEPTIMUS SEVERUS
21_SEPTIMUS SEVERUS/side_a/image00496.jpg,376d90c2959362490ba57706ed2dc49eab1040284e70e45f2ef289b9a2a134a8,label_conflict,,DIDIUS JULIANUS|SEPTIMUS SEVERUS
20_DIDIUS JULIANUS/side_a/image00497.jpg,c647c1bb04345f3594ca8d4d1c6d02a637ae2cb29936adccf62e38e9ea2eba54,label_conflict,,DIDIUS JULIANUS|SEPTIMUS SEVERUS
21_SEPTIMUS SEVERUS/side_a/image00497.jpg,c647c1bb04345f3594ca8d4d1c6d02a637ae2cb29936adccf62e38e9ea2eba54,label_conflict,,DIDIUS JULIANUS|SEPTIMUS SEVERUS
20_DIDIUS JULIANUS/side_a/image00501.jpg,f8b981b5a239e790173cf82dc785f032675627abed58457d35b8b3c0ffacc219,label_conflict,,DIDIUS JULIANUS|SEPTIMUS SEVERUS
21_SEPTIMUS SEVERUS/side_a/image00501.jpg,f8b981b5a239e790173cf82dc785f032675627abed58457d35b8b3c0ffacc219,label_conflict,,DIDIUS JULIANUS|SEPTIMUS SEVERUS
20_DIDIUS JULIANUS/side_a/image00503.jpg,5e33c916f649b10b77f74d9275479bf190529649e24d00c1c7f34dff7291e380,label_conflict,,DIDIUS JULIANUS|SEPTIMUS SEVERUS
21_SEPTIMUS SEVERUS/side_a/image00503.jpg,5e33c916f649b10b77f74d9275479bf190529649e24d00c1c7f34dff7291e380,label_conflict,,DIDIUS JULIANUS|SEPTIMUS SEVERUS
20_DIDIUS JULIANUS/side_a/image00505.jpg,efa524d8271945d4bfeecb539478f8b66ed5d9f9255882731ed360c41e2fcd02,label_conflict,,DIDIUS JULIANUS|SEPTIMUS SEVERUS
21_SEPTIMUS SEVERUS/side_a/image00505.jpg,efa524d8271945d4bfeecb539478f8b66ed5d9f9255882731ed360c41e2fcd02,label_conflict,,DIDIUS JULIANUS|SEPTIMUS SEVERUS
20_DIDIUS JULIANUS/side_a/image00506 (2).jpg,7d00fa1a8af4a9298888432edd31dd56cb07721b76587271e6a60fd8deb0c29b,label_conflict,,DIDIUS JULIANUS|SEPTIMUS SEVERUS
21_SEPTIMUS SEVERUS/side_a/image00506 (2).jpg,7d00fa1a8af4a9298888432edd31dd56cb07721b76587271e6a60fd8deb0c29b,label_conflict,,DIDIUS JULIANUS|SEPTIMUS SEVERUS
20_DIDIUS JULIANUS/side_a/image00510.jpg,ce1b9564eb01d71a5ff2daac990856b953f10850d492a22b5d27764940cfd77c,label_conflict,,DIDIUS JULIANUS|SEPTIMUS SEVERUS
21_SEPTIMUS SEVERUS/side_a/image00510.jpg,ce1b9564eb01d71a5ff2daac990856b953f10850d492a22b5d27764940cfd77c,label_conflict,,DIDIUS JULIANUS|SEPTIMUS SEVERUS
20_DIDIUS JULIANUS/side_a/image00512.jpg,f99c48d0eaa11c5c99e9363656779807ca8a5d59a9ffcf6780e2d22ead1713e6,label_conflict,,DIDIUS JULIANUS|SEPTIMUS SEVERUS
21_SEPTIMUS SEVERUS/side_a/image00512.jpg,f99c48d0eaa11c5c99e9363656779807ca8a5d59a9ffcf6780e2d22ead1713e6,label_conflict,,DIDIUS JULIANUS|SEPTIMUS SEVERUS
20_DIDIUS JULIANUS/side_a/image00513 (1).jpg,15ce463bab09d4987c021c86e0b53a298f836150614490325e0c2a4fb12f8f4b,label_conflict,,DIDIUS JULIANUS|SEPTIMUS SEVERUS
21_SEPTIMUS SEVERUS/side_a/image00513 (1).jpg,15ce463bab09d4987c021c86e0b53a298f836150614490325e0c2a4fb12f8f4b,label_conflict,,DIDIUS JULIANUS|SEPTIMUS SEVERUS
20_DIDIUS JULIANUS/side_a/image00513.jpg,c6d3b96fb302df3514d7996f0365116c1cad5d8415efc994af969145da5fdd50,label_conflict,,DIDIUS JULIANUS|SEPTIMUS SEVERUS
21_SEPTIMUS SEVERUS/side_a/image00513.jpg,c6d3b96fb302df3514d7996f0365116c1cad5d8415efc994af969145da5fdd50,label_conflict,,DIDIUS JULIANUS|SEPTIMUS SEVERUS
20_DIDIUS JULIANUS/side_a/image00515.jpg,cdcbb14db029f5a7b549d02f161d7a00494e3e81dd34703b359f661b2534716f,label_conflict,,DIDIUS JULIANUS|SEPTIMUS SEVERUS
21_SEPTIMUS SEVERUS/side_a/image00515.jpg,cdcbb14db029f5a7b549d02f161d7a00494e3e81dd34703b359f661b2534716f,label_conflict,,DIDIUS JULIANUS|SEPTIMUS SEVERUS
20_DIDIUS JULIANUS/side_a/image00517.jpg,bdba7a75feaa04719f9f51d96b3ce6eca8bdfa2a5dd8ce7b7357acd638e55b2e,label_conflict,,DIDIUS JULIANUS|SEPTIMUS SEVERUS
21_SEPTIMUS SEVERUS/side_a/image00517.jpg,bdba7a75feaa04719f9f51d96b3ce6eca8bdfa2a5dd8ce7b7357acd638e55b2e,label_conflict,,DIDIUS JULIANUS|SEPTIMUS SEVERUS
20_DIDIUS JULIANUS/side_a/image00518.jpg,48cbc70153c6292549f2fc2fc620e972aa2eb66e0746dfa47c562036745a1d50,label_conflict,,DIDIUS JULIANUS|SEPTIMUS SEVERUS
21_SEPTIMUS SEVERUS/side_a/image00518.jpg,48cbc70153c6292549f2fc2fc620e972aa2eb66e0746dfa47c562036745a1d50,label_conflict,,DIDIUS JULIANUS|SEPTIMUS SEVERUS
20_DIDIUS JULIANUS/side_a/image00519.jpg,d6f02b96dcbdb7e5552c5267c4fa75603f2dda8cf7c80f23738a0065c0114940,label_conflict,,DIDIUS JULIANUS|SEPTIMUS SEVERUS
21_SEPTIMUS SEVERUS/side_a/image00519.jpg,d6f02b96dcbdb7e5552c5267c4fa75603f2dda8cf7c80f23738a0065c0114940,label_conflict,,DIDIUS JULIANUS|SEPTIMUS SEVERUS
20_DIDIUS JULIANUS/side_a/image00520.jpg,2133a15c523b8bcf98714904cd5bbac57df1fb5362fafa2b5236dc4eb535c15f,label_conflict,,DIDIUS JULIANUS|SEPTIMUS SEVERUS
21_SEPTIMUS SEVERUS/side_a/image00520.jpg,2133a15c523b8bcf98714904cd5bbac57df1fb5362fafa2b5236dc4eb535c15f,label_conflict,,DIDIUS JULIANUS|SEPTIMUS SEVERUS
20_DIDIUS JULIANUS/side_a/image00522.jpg,5f15754cead3f3f74841dce41065a53ef70128d901308f020ba04b93003ad1e5,label_conflict,,DIDIUS JULIANUS|SEPTIMUS SEVERUS
21_SEPTIMUS SEVERUS/side_a/image00522.jpg,5f15754cead3f3f74841dce41065a53ef70128d901308f020ba04b93003ad1e5,label_conflict,,DIDIUS JULIANUS|SEPTIMUS SEVERUS
20_DIDIUS JULIANUS/side_a/image00528.jpg,80ddfc9854ea0c342897ded4f0c6e6547a694083f45ae27b2f989ff386319856,label_conflict,,DIDIUS JULIANUS|SEPTIMUS SEVERUS
21_SEPTIMUS SEVERUS/side_a/image00528.jpg,80ddfc9854ea0c342897ded4f0c6e6547a694083f45ae27b2f989ff386319856,label_conflict,,DIDIUS JULIANUS|SEPTIMUS SEVERUS
20_DIDIUS JULIANUS/side_a/image00530 (1).jpg,952f37c7d8543db3f85698ed4c6ad2e90be1c84d7a79c6d6a0c9061703507928,label_conflict,,DIDIUS JULIANUS|SEPTIMUS SEVERUS
21_SEPTIMUS SEVERUS/side_a/image00530 (1).jpg,952f37c7d8543db3f85698ed4c6ad2e90be1c84d7a79c6d6a0c9061703507928,label_conflict,,DIDIUS JULIANUS|SEPTIMUS SEVERUS
20_DIDIUS JULIANUS/side_a/image00530.jpg,3b077b2f9d255b054fedad7b8c25747f470e0f94611dede428bc3236ffa1ef2d,label_conflict,,DIDIUS JULIANUS|SEPTIMUS SEVERUS
21_SEPTIMUS SEVERUS/side_a/image00530.jpg,3b077b2f9d255b054fedad7b8c25747f470e0f94611dede428bc3236ffa1ef2d,label_conflict,,DIDIUS JULIANUS|SEPTIMUS SEVERUS
20_DIDIUS JULIANUS/side_a/image00534.jpg,853420b6fd87ced803ce42ff7fb08bf45235dbff35d961e6772b5886ead444aa,label_conflict,,DIDIUS JULIANUS|SEPTIMUS SEVERUS
21_SEPTIMUS SEVERUS/side_a/image00534.jpg,853420b6fd87ced803ce42ff7fb08bf45235dbff35d961e6772b5886ead444aa,label_conflict,,DIDIUS JULIANUS|SEPTIMUS SEVERUS
20_DIDIUS JULIANUS/side_a/image00535 (1).jpg,8c0cb1fd2be843925dadc0babe0d42141cbb87c2771d3afbe44180b93b174402,label_conflict,,DIDIUS JULIANUS|SEPTIMUS SEVERUS
21_SEPTIMUS SEVERUS/side_a/image00535 (1).jpg,8c0cb1fd2be843925dadc0babe0d42141cbb87c2771d3afbe44180b93b174402,label_conflict,,DIDIUS JULIANUS|SEPTIMUS SEVERUS
20_DIDIUS JULIANUS/side_a/image00535 (2).jpg,d109eff49dabfcad39527a359eb5e4ad95c54abd75efd8163e6c5cff38f3b915,label_conflict,,DIDIUS JULIANUS|SEPTIMUS SEVERUS
21_SEPTIMUS SEVERUS/side_a/image00535 (2).jpg,d109eff49dabfcad39527a359eb5e4ad95c54abd75efd8163e6c5cff38f3b915,label_conflict,,DIDIUS JULIANUS|SEPTIMUS SEVERUS
20_DIDIUS JULIANUS/side_a/image00535.jpg,ce185924a7880aee8226c20a68cd0d89c7f876656e222a7eaa5472b75b4dc777,label_conflict,,DIDIUS JULIANUS|SEPTIMUS SEVERUS
21_SEPTIMUS SEVERUS/side_a/image00535.jpg,ce185924a7880aee8226c20a68cd0d89c7f876656e222a7eaa5472b75b4dc777,label_conflict,,DIDIUS JULIANUS|SEPTIMUS SEVERUS
20_DIDIUS JULIANUS/side_a/image00536.jpg,6a58653c8d13fd53eabaa430e09a4dea13df9e8e7e575b0fd3edca2307ba6fc3,label_conflict,,DIDIUS JULIANUS|SEPTIMUS SEVERUS
21_SEPTIMUS SEVERUS/side_a/image00536.jpg,6a58653c8d13fd53eabaa430e09a4dea13df9e8e7e575b0fd3edca2307ba6fc3,label_conflict,,DIDIUS JULIANUS|SEPTIMUS SEVERUS
20_DIDIUS JULIANUS/side_a/image00537.jpg,9438bc85e8d5148035f51a47534386941636deabf721604363c33f13393ade92,label_conflict,,DIDIUS JULIANUS|SEPTIMUS SEVERUS
21_SEPTIMUS SEVERUS/side_a/image00537.jpg,9438bc85e8d5148035f51a47534386941636deabf721604363c33f13393ade92,label_conflict,,DIDIUS JULIANUS|SEPTIMUS SEVERUS
20_DIDIUS JULIANUS/side_a/image00543.jpg,745553a7ddc02103315b05214d3e1240f14ead1c81b341682eaee0c23c445e15,label_conflict,,DIDIUS JULIANUS|SEPTIMUS SEVERUS
21_SEPTIMUS SEVERUS/side_a/image00543.jpg,745553a7ddc02103315b05214d3e1240f14ead1c81b341682eaee0c23c445e15,label_conflict,,DIDIUS JULIANUS|SEPTIMUS SEVERUS
20_DIDIUS JULIANUS/side_a/image00544.jpg,8450c8cec366679997f32f33ac8251619415ac90b1bdc51898ecc9122afeb1d0,label_conflict,,DIDIUS JULIANUS|SEPTIMUS SEVERUS
21_SEPTIMUS SEVERUS/side_a/image00544.jpg,8450c8cec366679997f32f33ac8251619415ac90b1bdc51898ecc9122afeb1d0,label_conflict,,DIDIUS JULIANUS|SEPTIMUS SEVERUS
20_DIDIUS JULIANUS/side_a/image00545.jpg,32d9199de624ee67b60fbd61bb3f44b718345ed85765178f31d85d0246ea2d62,label_conflict,,DIDIUS JULIANUS|SEPTIMUS SEVERUS
21_SEPTIMUS SEVERUS/side_a/image00545.jpg,32d9199de624ee67b60fbd61bb3f44b718345ed85765178f31d85d0246ea2d62,label_conflict,,DIDIUS JULIANUS|SEPTIMUS SEVERUS
20_DIDIUS JULIANUS/side_a/image00546.jpg,c3ceb757bf7994e587224b81d8a2ca7590eb2639feb980d06331b5ea7d7aa58f,label_conflict,,DIDIUS JULIANUS|SEPTIMUS SEVERUS
21_SEPTIMUS SEVERUS/side_a/image00546.jpg,c3ceb757bf7994e587224b81d8a2ca7590eb2639feb980d06331b5ea7d7aa58f,label_conflict,,DIDIUS JULIANUS|SEPTIMUS SEVERUS
20_DIDIUS JULIANUS/side_a/image00547.jpg,7fed66d08cd1b0bfecf595364dabd07f18c3fe2a08114267f629e48f88b0e517,label_conflict,,DIDIUS JULIANUS|SEPTIMUS SEVERUS
21_SEPTIMUS SEVERUS/side_a/image00547.jpg,7fed66d08cd1b0bfecf595364dabd07f18c3fe2a08114267f629e48f88b0e517,label_conflict,,DIDIUS JULIANUS|SEPTIMUS SEVERUS
20_DIDIUS JULIANUS/side_a/image00548 (1).jpg,769aebf1381d1bd697a7f719a8789ccd92966bbbacac4766dc845c44bcb25ad5,label_conflict,,DIDIUS JULIANUS|SEPTIMUS SEVERUS
21_SEPTIMUS SEVERUS/side_a/image00548 (1).jpg,769aebf1381d1bd697a7f719a8789ccd92966bbbacac4766dc845c44bcb25ad5,label_conflict,,DIDIUS JULIANUS|SEPTIMUS SEVERUS
20_DIDIUS JULIANUS/side_a/image00548.jpg,63f83e967e39e86e98b2fde3a483fd4d844c7dcee9772bbaa25fef3c3564324e,label_conflict,,DIDIUS JULIANUS|SEPTIMUS SEVERUS
21_SEPTIMUS SEVERUS/side_a/image00548.jpg,63f83e967e39e86e98b2fde3a483fd4d844c7dcee9772bbaa25fef3c3564324e,label_conflict,,DIDIUS JULIANUS|SEPTIMUS SEVERUS
20_DIDIUS JULIANUS/side_a/image00552.jpg,c24669640ecfe50a3e05f15e831bec6f024e2e220e6ca2b910e849826473d09b,label_conflict,,DIDIUS JULIANUS|SEPTIMUS SEVERUS
21_SEPTIMUS SEVERUS/side_a/image00552.jpg,c24669640ecfe50a3e05f15e831bec6f024e2e220e6ca2b910e849826473d09b,label_conflict,,DIDIUS JULIANUS|SEPTIMUS SEVERUS
20_DIDIUS JULIANUS/side_a/image00554.jpg,f9df3bf0ae87fdd074715c1df99c15ce716823af10f879ffbe514c388edf297b,label_conflict,,DIDIUS JULIANUS|SEPTIMUS SEVERUS
21_SEPTIMUS SEVERUS/side_a/image00554.jpg,f9df3bf0ae87fdd074715c1df99c15ce716823af10f879ffbe514c388edf297b,label_conflict,,DIDIUS JULIANUS|SEPTIMUS SEVERUS
20_DIDIUS JULIANUS/side_a/image00557.jpg,cf94ce16410c68b6809eb194ceee6ec00a5569cb5e6f7a38e99e0363dc09ce39,label_conflict,,DIDIUS JULIANUS|SEPTIMUS SEVERUS
21_SEPTIMUS SEVERUS/side_a/image00557.jpg,cf94ce16410c68b6809eb194ceee6ec00a5569cb5e6f7a38e99e0363dc09ce39,label_conflict,,DIDIUS JULIANUS|SEPTIMUS SEVERUS
20_DIDIUS JULIANUS/side_a/image00558.jpg,868f74f869d91e0c63abad67fb054a4cf672e0810d193e7ecd7689e998feb405,label_conflict,,DIDIUS JULIANUS|SEPTIMUS SEVERUS
21_SEPTIMUS SEVERUS/side_a/image00558.jpg,868f74f869d91e0c63abad67fb054a4cf672e0810d193e7ecd7689e998feb405,label_conflict,,DIDIUS JULIANUS|SEPTIMUS SEVERUS
20_DIDIUS JULIANUS/side_a/image00561.jpg,dc944ff4d54841bf7b633e038af63e5529d5d5d863b30cb0a297767180a2efa0,label_conflict,,DIDIUS JULIANUS|SEPTIMUS SEVERUS
21_SEPTIMUS SEVERUS/side_a/image00561.jpg,dc944ff4d54841bf7b633e038af63e5529d5d5d863b30cb0a297767180a2efa0,label_conflict,,DIDIUS JULIANUS|SEPTIMUS SEVERUS
20_DIDIUS JULIANUS/side_a/image00562.jpg,52b9ff5b90609acd5f04268a0362ce39f3dc1703fbb33e4f3e4f3aac71d8c1bd,label_conflict,,DIDIUS JULIANUS|SEPTIMUS SEVERUS
21_SEPTIMUS SEVERUS/side_a/image00562.jpg,52b9ff5b90609acd5f04268a0362ce39f3dc1703fbb33e4f3e4f3aac71d8c1bd,label_conflict,,DIDIUS JULIANUS|SEPTIMUS SEVERUS
20_DIDIUS JULIANUS/side_a/image00566.jpg,e299da996d73c8c81f13e0ec670a1111bab6ebf6d4635bef9e9162db518d410c,label_conflict,,DIDIUS JULIANUS|SEPTIMUS SEVERUS
21_SEPTIMUS SEVERUS/side_a/image00566.jpg,e299da996d73c8c81f13e0ec670a1111bab6ebf6d4635bef9e9162db518d410c,label_conflict,,DIDIUS JULIANUS|SEPTIMUS SEVERUS
20_DIDIUS JULIANUS/side_a/image00568.jpg,e6fad076a7c92f67bfb4fb0760cb2af6ddd95b7b05123ba59d4191984d999b68,label_conflict,,DIDIUS JULIANUS|SEPTIMUS SEVERUS
21_SEPTIMUS SEVERUS/side_a/image00568.jpg,e6fad076a7c92f67bfb4fb0760cb2af6ddd95b7b05123ba59d4191984d999b68,label_conflict,,DIDIUS JULIANUS|SEPTIMUS SEVERUS
20_DIDIUS JULIANUS/side_a/image00572.jpg,ac93bb2cc1eaceb7f64913b2f0f235710a06c21245e57b80857442bd5ad74191,label_conflict,,DIDIUS JULIANUS|SEPTIMUS SEVERUS
21_SEPTIMUS SEVERUS/side_a/image00572.jpg,ac93bb2cc1eaceb7f64913b2f0f235710a06c21245e57b80857442bd5ad74191,label_conflict,,DIDIUS JULIANUS|SEPTIMUS SEVERUS
20_DIDIUS JULIANUS/side_a/image00573.jpg,9952e620f4abac2d597468d1e08b564f6ee3c2b5bc1adcbdfcd1d956c8f06a85,label_conflict,,DIDIUS JULIANUS|SEPTIMUS SEVERUS
21_SEPTIMUS SEVERUS/side_a/image00573.jpg,9952e620f4abac2d597468d1e08b564f6ee3c2b5bc1adcbdfcd1d956c8f06a85,label_conflict,,DIDIUS JULIANUS|SEPTIMUS SEVERUS
20_DIDIUS JULIANUS/side_a/image00574 (2).jpg,3996ef3359f3faeb2dd03e05cb241cfc4b427c849d93307ce0f19f4167975c77,label_conflict,,DIDIUS JULIANUS|SEPTIMUS SEVERUS
21_SEPTIMUS SEVERUS/side_a/image00574 (2).jpg,3996ef3359f3faeb2dd03e05cb241cfc4b427c849d93307ce0f19f4167975c77,label_conflict,,DIDIUS JULIANUS|SEPTIMUS SEVERUS
20_DIDIUS JULIANUS/side_a/image00574.jpg,3e943385c3d62d553ba6e5defc2eb01c747fd6252f3df1a3a39f179684abbc43,label_conflict,,DIDIUS JULIANUS|SEPTIMUS SEVERUS
21_SEPTIMUS SEVERUS/side_a/image00574.jpg,3e943385c3d62d553ba6e5defc2eb01c747fd6252f3df1a3a39f179684abbc43,label_conflict,,DIDIUS JULIANUS|SEPTIMUS SEVERUS
20_DIDIUS JULIANUS/side_a/image00579.jpg,87a40bdd0c6cbf798448669481e2a9a62ad5ae9883d378ee6eae6b8ca55c8300,label_conflict,,DIDIUS JULIANUS|SEPTIMUS SEVERUS
21_SEPTIMUS SEVERUS/side_a/image00579.jpg,87a40bdd0c6cbf798448669481e2a9a62ad5ae9883d378ee6eae6b8ca55c8300,label_conflict,,DIDIUS JULIANUS|SEPTIMUS SEVERUS
20_DIDIUS JULIANUS/side_a/image00581.jpg,a5c04c7ab430c77b68e9f8a2cee24472f991c7955ec3a18eeeb911df73b520b0,label_conflict,,DIDIUS JULIANUS|SEPTIMUS SEVERUS
21_SEPTIMUS SEVERUS/side_a/image00581.jpg,a5c04c7ab430c77b68e9f8a2cee24472f991c7955ec3a18eeeb911df73b520b0,label_conflict,,DIDIUS JULIANUS|SEPTIMUS SEVERUS
20_DIDIUS JULIANUS/side_a/image00598.jpg,a0184f3c927bc2cd2788bf5a00ed1e50bc18d6ffcf4d88eec1c30440bb317a78,label_conflict,,DIDIUS JULIANUS|SEPTIMUS SEVERUS
21_SEPTIMUS SEVERUS/side_a/image00598.jpg,a0184f3c927bc2cd2788bf5a00ed1e50bc18d6ffcf4d88eec1c30440bb317a78,label_conflict,,DIDIUS JULIANUS|SEPTIMUS SEVERUS
20_DIDIUS JULIANUS/side_a/image00599.jpg,b1452a851755f0b5e927369e195adac28cb3aebe0e73e0dc150b48faffa0883e,label_conflict,,DIDIUS JULIANUS|SEPTIMUS SEVERUS
21_SEPTIMUS SEVERUS/side_a/image00599.jpg,b1452a851755f0b5e927369e195adac28cb3aebe0e73e0dc150b48faffa0883e,label_conflict,,DIDIUS JULIANUS|SEPTIMUS SEVERUS
20_DIDIUS JULIANUS/side_a/image00600.jpg,481051003e03f5ccaf13763103d636dbefe3a777978f80e3d836e78579f8c952,label_conflict,,DIDIUS JULIANUS|SEPTIMUS SEVERUS
21_SEPTIMUS SEVERUS/side_a/image00600.jpg,481051003e03f5ccaf13763103d636dbefe3a777978f80e3d836e78579f8c952,label_conflict,,DIDIUS JULIANUS|SEPTIMUS SEVERUS
20_DIDIUS JULIANUS/side_a/image00601.jpg,0f518dc105c820211ab2dec117a9f7e0bb7bd364497aab50b120f68d773949d2,label_conflict,,DIDIUS JULIANUS|SEPTIMUS SEVERUS
21_SEPTIMUS SEVERUS/side_a/image00601.jpg,0f518dc105c820211ab2dec117a9f7e0bb7bd364497aab50b120f68d773949d2,label_conflict,,DIDIUS JULIANUS|SEPTIMUS SEVERUS
20_DIDIUS JULIANUS/side_a/image00602 (1).jpg,2f9dbbd26b2a67eae5598d454818c661105c166807e78c12083d10d06b060919,label_conflict,,DIDIUS JULIANUS|SEPTIMUS SEVERUS
21_SEPTIMUS SEVERUS/side_a/image00602 (1).jpg,2f9dbbd26b2a67eae5598d454818c661105c166807e78c12083d10d06b060919,label_conflict,,DIDIUS JULIANUS|SEPTIMUS SEVERUS
20_DIDIUS JULIANUS/side_a/image00602.jpg,a73a4d086393d03291c1f447218b818f7cfe90fead31acfa3a498066ab068cff,label_conflict,,DIDIUS JULIANUS|SEPTIMUS SEVERUS
21_SEPTIMUS SEVERUS/side_a/image00602.jpg,a73a4d086393d03291c1f447218b818f7cfe90fead31acfa3a498066ab068cff,label_conflict,,DIDIUS JULIANUS|SEPTIMUS SEVERUS
20_DIDIUS JULIANUS/side_a/image00603 (1).jpg,2f2afebb28fc199f2af26b915ef5c06a6e303fcaca2acfd51a7490b427e8eca0,label_conflict,,DIDIUS JULIANUS|SEPTIMUS SEVERUS
21_SEPTIMUS SEVERUS/side_a/image00603 (1).jpg,2f2afebb28fc199f2af26b915ef5c06a6e303fcaca2acfd51a7490b427e8eca0,label_conflict,,DIDIUS JULIANUS|SEPTIMUS SEVERUS
20_DIDIUS JULIANUS/side_a/image00603 (3).jpg,e98823f1be194efb95a11456818c054350a8764c627961c0c838287cdfec57c3,label_conflict,,DIDIUS JULIANUS|SEPTIMUS SEVERUS
21_SEPTIMUS SEVERUS/side_a/image00603 (3).jpg,e98823f1be194efb95a11456818c054350a8764c627961c0c838287cdfec57c3,label_conflict,,DIDIUS JULIANUS|SEPTIMUS SEVERUS
20_DIDIUS JULIANUS/side_a/image00605.jpg,2c10167748149bd3ddb929d9a7b13c1b036f4c7faf1f131ac9dcd3225dc91d06,label_conflict,,DIDIUS JULIANUS|SEPTIMUS SEVERUS
21_SEPTIMUS SEVERUS/side_a/image00605.jpg,2c10167748149bd3ddb929d9a7b13c1b036f4c7faf1f131ac9dcd3225dc91d06,label_conflict,,DIDIUS JULIANUS|SEPTIMUS SEVERUS
20_DIDIUS JULIANUS/side_a/image00608.jpg,134e2cbfbbecfd17ee15fb2d236a88da52d14c12ca2ae36501c4b080ffb5cc04,label_conflict,,DIDIUS JULIANUS|SEPTIMUS SEVERUS
21_SEPTIMUS SEVERUS/side_a/image00608.jpg,134e2cbfbbecfd17ee15fb2d236a88da52d14c12ca2ae36501c4b080ffb5cc04,label_conflict,,DIDIUS JULIANUS|SEPTIMUS SEVERUS
20_DIDIUS JULIANUS/side_a/image00613.jpg,85701ec07a23a18e70dc653bf200b98a780fbb577b797ea361f9cd0799b6e448,label_conflict,,DIDIUS JULIANUS|SEPTIMUS SEVERUS
21_SEPTIMUS SEVERUS/side_a/image00613.jpg,85701ec07a23a18e70dc653bf200b98a780fbb577b797ea361f9cd0799b6e448,label_conflict,,DIDIUS JULIANUS|SEPTIMUS SEVERUS
20_DIDIUS JULIANUS/side_a/image00617.jpg,a453394364c47b6f1693bee0716dbe9862ee8887a911a4b93abe70944a67e3bb,label_conflict,,DIDIUS JULIANUS|SEPTIMUS SEVERUS
21_SEPTIMUS SEVERUS/side_a/image00617.jpg,a453394364c47b6f1693bee0716dbe9862ee8887a911a4b93abe70944a67e3bb,label_conflict,,DIDIUS JULIANUS|SEPTIMUS SEVERUS
20_DIDIUS JULIANUS/side_a/image00625 (1).jpg,4b737ac35f6dede9ba1b8b2f07f7740b3ffbfe23e7a4e7fc6a000839ed368dc9,label_conflict,,DIDIUS JULIANUS|SEPTIMUS SEVERUS
21_SEPTIMUS SEVERUS/side_a/image00625 (1).jpg,4b737ac35f6dede9ba1b8b2f07f7740b3ffbfe23e7a4e7fc6a000839ed368dc9,label_conflict,,DIDIUS JULIANUS|SEPTIMUS SEVERUS
20_DIDIUS JULIANUS/side_a/image00625.jpg,700438e28b185df8d297eac91bd3beef13d159cb43724547981484d32d9865e8,label_conflict,,DIDIUS JULIANUS|SEPTIMUS SEVERUS
21_SEPTIMUS SEVERUS/side_a/image00625.jpg,700438e28b185df8d297eac91bd3beef13d159cb43724547981484d32d9865e8,label_conflict,,DIDIUS JULIANUS|SEPTIMUS SEVERUS
20_DIDIUS JULIANUS/side_a/image00626.jpg,3817a9f1fca8aab54a3750e08e96df970418540b2eaa70d80e28b8e612f1ef2d,label_conflict,,DIDIUS JULIANUS|SEPTIMUS SEVERUS
21_SEPTIMUS SEVERUS/side_a/image00626.jpg,3817a9f1fca8aab54a3750e08e96df970418540b2eaa70d80e28b8e612f1ef2d,label_conflict,,DIDIUS JULIANUS|SEPTIMUS SEVERUS
20_DIDIUS JULIANUS/side_a/image00638.jpg,447d393954c44fa9977b01011e339124ce8c9ee0e92daba32d5d3706c6fd3511,label_conflict,,DIDIUS JULIANUS|SEPTIMUS SEVERUS
21_SEPTIMUS SEVERUS/side_a/image00638.jpg,447d393954c44fa9977b01011e339124ce8c9ee0e92daba32d5d3706c6fd3511,label_conflict,,DIDIUS JULIANUS|SEPTIMUS SEVERUS
20_DIDIUS JULIANUS/side_a/image00641.jpg,753009bd75b92b3da03f3aeef6e0a4015459ab2f724ec99cd65b98a11ae93f92,label_conflict,,DIDIUS JULIANUS|SEPTIMUS SEVERUS
21_SEPTIMUS SEVERUS/side_a/image00641.jpg,753009bd75b92b3da03f3aeef6e0a4015459ab2f724ec99cd65b98a11ae93f92,label_conflict,,DIDIUS JULIANUS|SEPTIMUS SEVERUS
20_DIDIUS JULIANUS/side_a/image00642.jpg,c84b5695b89a2043129584327308a34d782016d907b0042d23aa00805ff8d4ca,label_conflict,,DIDIUS JULIANUS|SEPTIMUS SEVERUS
21_SEPTIMUS SEVERUS/side_a/image00642.jpg,c84b5695b89a2043129584327308a34d782016d907b0042d23aa00805ff8d4ca,label_conflict,,DIDIUS JULIANUS|SEPTIMUS SEVERUS
20_DIDIUS JULIANUS/side_a/image00644.jpg,4bf6ca039f2c589ffc6eb8d70d55429557ae8932cbce777866b10d4092055891,label_conflict,,DIDIUS JULIANUS|SEPTIMUS SEVERUS
21_SEPTIMUS SEVERUS/side_a/image00644.jpg,4bf6ca039f2c589ffc6eb8d70d55429557ae8932cbce777866b10d4092055891,label_conflict,,DIDIUS JULIANUS|SEPTIMUS SEVERUS
20_DIDIUS JULIANUS/side_a/image00652 (1).jpg,d0595828361435679a5dd85f3c3d2f227d63fbc1c0ff2c585b3737d608997ec6,label_conflict,,DIDIUS JULIANUS|SEPTIMUS SEVERUS
21_SEPTIMUS SEVERUS/side_a/image00652 (1).jpg,d0595828361435679a5dd85f3c3d2f227d63fbc1c0ff2c585b3737d608997ec6,label_conflict,,DIDIUS JULIANUS|SEPTIMUS SEVERUS
20_DIDIUS JULIANUS/side_a/image00652.jpg,958744fb90bc1dcd0b4e09e936640f3d8aaad496aedf05303039db25a2d7954b,label_conflict,,DIDIUS JULIANUS|SEPTIMUS SEVERUS
21_SEPTIMUS SEVERUS/side_a/image00652.jpg,958744fb90bc1dcd0b4e09e936640f3d8aaad496aedf05303039db25a2d7954b,label_conflict,,DIDIUS JULIANUS|SEPTIMUS SEVERUS
20_DIDIUS JULIANUS/side_a/image00654.jpg,27182a66de48f787d28ef0d6bb0f4a4edcb7395928271df03cf1f56465908a51,label_conflict,,DIDIUS JULIANUS|SEPTIMUS SEVERUS
21_SEPTIMUS SEVERUS/side_a/image00654.jpg,27182a66de48f787d28ef0d6bb0f4a4edcb7395928271df03cf1f56465908a51,label_conflict,,DIDIUS JULIANUS|SEPTIMUS SEVERUS
20_DIDIUS JULIANUS/side_a/image00655.jpg,52371b6eb541d6af4478ef9e7332fe5a321462dfc06aba71bad6fd7210ea7401,label_conflict,,DIDIUS JULIANUS|SEPTIMUS SEVERUS
21_SEPTIMUS SEVERUS/side_a/image00655.jpg,52371b6eb541d6af4478ef9e7332fe5a321462dfc06aba71bad6fd7210ea7401,label_conflict,,DIDIUS JULIANUS|SEPTIMUS SEVERUS
20_DIDIUS JULIANUS/side_a/image00656.jpg,b7a108d3c45a865eed1fd4928f4b9def03faeb732f62234284a335854a76b935,label_conflict,,DIDIUS JULIANUS|SEPTIMUS SEVERUS
21_SEPTIMUS SEVERUS/side_a/image00656.jpg,b7a108d3c45a865eed1fd4928f4b9def03faeb732f62234284a335854a76b935,label_conflict,,DIDIUS JULIANUS|SEPTIMUS SEVERUS
20_DIDIUS JULIANUS/side_a/image00658.jpg,d6a48e6f9aafa662bf09a47f8667abcb1f3e3d8d8d80d14f58f8502716bb71d9,label_conflict,,DIDIUS JULIANUS|SEPTIMUS SEVERUS
21_SEPTIMUS SEVERUS/side_a/image00658.jpg,d6a48e6f9aafa662bf09a47f8667abcb1f3e3d8d8d80d14f58f8502716bb71d9,label_conflict,,DIDIUS JULIANUS|SEPTIMUS SEVERUS
20_DIDIUS JULIANUS/side_a/image00659.jpg,d5ce6fe238ab160f2f36c9549fc4996ed253579a92dfdbf1bd895562dd651c47,label_conflict,,DIDIUS JULIANUS|SEPTIMUS SEVERUS
21_SEPTIMUS SEVERUS/side_a/image00659.jpg,d5ce6fe238ab160f2f36c9549fc4996ed253579a92dfdbf1bd895562dd651c47,label_conflict,,DIDIUS JULIANUS|SEPTIMUS SEVERUS
20_DIDIUS JULIANUS/side_a/image00667.jpg,18443c908398c2e2a2c8574ea764044459a399f20a6a225e00d162dbe42902c9,label_conflict,,DIDIUS JULIANUS|SEPTIMUS SEVERUS
21_SEPTIMUS SEVERUS/side_a/image00667.jpg,18443c908398c2e2a2c8574ea764044459a399f20a6a225e00d162dbe42902c9,label_conflict,,DIDIUS JULIANUS|SEPTIMUS SEVERUS
20_DIDIUS JULIANUS/side_a/image00668 (1).jpg,16faf0b6f3b755e1bdb3dff87d19f86beb51a315e7b67d28926ee2cec8c8b03a,label_conflict,,DIDIUS JULIANUS|SEPTIMUS SEVERUS
21_SEPTIMUS SEVERUS/side_a/image00668 (1).jpg,16faf0b6f3b755e1bdb3dff87d19f86beb51a315e7b67d28926ee2cec8c8b03a,label_conflict,,DIDIUS JULIANUS|SEPTIMUS SEVERUS
20_DIDIUS JULIANUS/side_a/image00671.jpg,bfbdaec3855ea962443cdea4b18a212b1dd6a638dbb3e0f6bb6c4d80d095394a,label_conflict,,DIDIUS JULIANUS|SEPTIMUS SEVERUS
21_SEPTIMUS SEVERUS/side_a/image00671.jpg,bfbdaec3855ea962443cdea4b18a212b1dd6a638dbb3e0f6bb6c4d80d095394a,label_conflict,,DIDIUS JULIANUS|SEPTIMUS SEVERUS
20_DIDIUS JULIANUS/side_a/image00676.jpg,ce215894e049213da5cc2cf1894d9c5f00c99d69895b9174161574aa5caf4e43,label_conflict,,DIDIUS JULIANUS|SEPTIMUS SEVERUS
21_SEPTIMUS SEVERUS/side_a/image00676.jpg,ce215894e049213da5cc2cf1894d9c5f00c99d69895b9174161574aa5caf4e43,label_conflict,,DIDIUS JULIANUS|SEPTIMUS SEVERUS
20_DIDIUS JULIANUS/side_a/image00677.jpg,046fc573754719df3f57c466a742944f9e8ed13a1e10d71e723419948257a8c8,label_conflict,,DIDIUS JULIANUS|SEPTIMUS SEVERUS
21_SEPTIMUS SEVERUS/side_a/image00677.jpg,046fc573754719df3f57c466a742944f9e8ed13a1e10d71e723419948257a8c8,label_conflict,,DIDIUS JULIANUS|SEPTIMUS SEVERUS
20_DIDIUS JULIANUS/side_a/image00678.jpg,09fd15795dfedc4d764f017e01ab5fcfc898cc1d9adbeb4162075d01584b0058,label_conflict,,DIDIUS JULIANUS|SEPTIMUS SEVERUS
21_SEPTIMUS SEVERUS/side_a/image00678.jpg,09fd15795dfedc4d764f017e01ab5fcfc898cc1d9adbeb4162075d01584b0058,label_conflict,,DIDIUS JULIANUS|SEPTIMUS SEVERUS
20_DIDIUS JULIANUS/side_a/image00679 (1).jpg,ea6d3bb4a5144054615129422e777d96aed7d8ecdf9ffd873c45b6b4b43af37f,label_conflict,,DIDIUS JULIANUS|SEPTIMUS SEVERUS
21_SEPTIMUS SEVERUS/side_a/image00679 (1).jpg,ea6d3bb4a5144054615129422e777d96aed7d8ecdf9ffd873c45b6b4b43af37f,label_conflict,,DIDIUS JULIANUS|SEPTIMUS SEVERUS
20_DIDIUS JULIANUS/side_a/image00679.jpg,4e5549c42e6b84f8c72266b631b38b7076d272b55e01f88bebaca0736c4dab0b,label_conflict,,DIDIUS JULIANUS|SEPTIMUS SEVERUS
21_SEPTIMUS SEVERUS/side_a/image00679.jpg,4e5549c42e6b84f8c72266b631b38b7076d272b55e01f88bebaca0736c4dab0b,label_conflict,,DIDIUS JULIANUS|SEPTIMUS SEVERUS
20_DIDIUS JULIANUS/side_a/image00680.jpg,09f75465204e7532a817af83bee78307e6b68aade6a8c562bac320383dc358a4,label_conflict,,DIDIUS JULIANUS|SEPTIMUS SEVERUS
21_SEPTIMUS SEVERUS/side_a/image00680.jpg,09f75465204e7532a817af83bee78307e6b68aade6a8c562bac320383dc358a4,label_conflict,,DIDIUS JULIANUS|SEPTIMUS SEVERUS
20_DIDIUS JULIANUS/side_a/image00683.jpg,9f4692aa27462792fde793b8d3a3bf0bbf2b72baba653afb11e1826ad7881e65,label_conflict,,DIDIUS JULIANUS|SEPTIMUS SEVERUS
21_SEPTIMUS SEVERUS/side_a/image00683.jpg,9f4692aa27462792fde793b8d3a3bf0bbf2b72baba653afb11e1826ad7881e65,label_conflict,,DIDIUS JULIANUS|SEPTIMUS SEVERUS
20_DIDIUS JULIANUS/side_a/image00691.jpg,43b15e54b075753a3ca20d1a26d869311637f74e6865a8d81babeb34a204f551,label_conflict,,DIDIUS JULIANUS|SEPTIMUS SEVERUS
21_SEPTIMUS SEVERUS/side_a/image00691.jpg,43b15e54b075753a3ca20d1a26d869311637f74e6865a8d81babeb34a204f551,label_conflict,,DIDIUS JULIANUS|SEPTIMUS SEVERUS
20_DIDIUS JULIANUS/side_a/image00695.jpg,10237ab8d0a80a9a62d7ae8efda9b6c726c2bd57248fa9164317430bbca49b27,label_conflict,,DIDIUS JULIANUS|SEPTIMUS SEVERUS
21_SEPTIMUS SEVERUS/side_a/image00695.jpg,10237ab8d0a80a9a62d7ae8efda9b6c726c2bd57248fa9164317430bbca49b27,label_conflict,,DIDIUS JULIANUS|SEPTIMUS SEVERUS
20_DIDIUS JULIANUS/side_a/image00699.jpg,5d350bf8b163ebdd718a95044365b33ae961c40531680e8a79e6f68c3babec28,label_conflict,,DIDIUS JULIANUS|SEPTIMUS SEVERUS
21_SEPTIMUS SEVERUS/side_a/image00699.jpg,5d350bf8b163ebdd718a95044365b33ae961c40531680e8a79e6f68c3babec28,label_conflict,,DIDIUS JULIANUS|SEPTIMUS SEVERUS
20_DIDIUS JULIANUS/side_a/image00702.jpg,f78d4ccef029e04c42ad89e4171e1b746de13eb5bd37c5864d3734483d23661b,label_conflict,,DIDIUS JULIANUS|SEPTIMUS SEVERUS
21_SEPTIMUS SEVERUS/side_a/image00702.jpg,f78d4ccef029e04c42ad89e4171e1b746de13eb5bd37c5864d3734483d23661b,label_conflict,,DIDIUS JULIANUS|SEPTIMUS SEVERUS
20_DIDIUS JULIANUS/side_a/image00703.jpg,370b284ca67cf68f5aefbb9a64b8387109ad122fbcdcb8de3e5e4d5ab99620e3,label_conflict,,DIDIUS JULIANUS|SEPTIMUS SEVERUS
21_SEPTIMUS SEVERUS/side_a/image00703.jpg,370b284ca67cf68f5aefbb9a64b8387109ad122fbcdcb8de3e5e4d5ab99620e3,label_conflict,,DIDIUS JULIANUS|SEPTIMUS SEVERUS
20_DIDIUS JULIANUS/side_a/image00706.jpg,f785b299e7f2333be495264b80a56429b59f23f8034c472d32153711c7ce46f2,label_conflict,,DIDIUS JULIANUS|SEPTIMUS SEVERUS
21_SEPTIMUS SEVERUS/side_a/image00706.jpg,f785b299e7f2333be495264b80a56429b59f23f8034c472d32153711c7ce46f2,label_conflict,,DIDIUS JULIANUS|SEPTIMUS SEVERUS
20_DIDIUS JULIANUS/side_a/image00710.jpg,53b149670ed1ced6044c0d3a8a59819db1da103e2b41d68933015ac5ed0ccc59,label_conflict,,DIDIUS JULIANUS|SEPTIMUS SEVERUS
21_SEPTIMUS SEVERUS/side_a/image00710.jpg,53b149670ed1ced6044c0d3a8a59819db1da103e2b41d68933015ac5ed0ccc59,label_conflict,,DIDIUS JULIANUS|SEPTIMUS SEVERUS
20_DIDIUS JULIANUS/side_a/image00721.jpg,2bbb99f61e7b23e89ab272fffde769b94a61cda4a457b3abbc006c322c09b4c8,label_conflict,,DIDIUS JULIANUS|SEPTIMUS SEVERUS
21_SEPTIMUS SEVERUS/side_a/image00721.jpg,2bbb99f61e7b23e89ab272fffde769b94a61cda4a457b3abbc006c322c09b4c8,label_conflict,,DIDIUS JULIANUS|SEPTIMUS SEVERUS
20_DIDIUS JULIANUS/side_a/image00729.jpg,4fb3d66700dbf9bf3093f255b3d99773e19f0d1357741c63d4835aaf7d35e5bd,label_conflict,,DIDIUS JULIANUS|SEPTIMUS SEVERUS
21_SEPTIMUS SEVERUS/side_a/image00729.jpg,4fb3d66700dbf9bf3093f255b3d99773e19f0d1357741c63d4835aaf7d35e5bd,label_conflict,,DIDIUS JULIANUS|SEPTIMUS SEVERUS
20_DIDIUS JULIANUS/side_a/image00733.jpg,9b58915e9fc091fede8df533b5d8c48f4126cccd5d7b90a859e9abf92ec36148,label_conflict,,DIDIUS JULIANUS|SEPTIMUS SEVERUS
21_SEPTIMUS SEVERUS/side_a/image00733.jpg,9b58915e9fc091fede8df533b5d8c48f4126cccd5d7b90a859e9abf92ec36148,label_conflict,,DIDIUS JULIANUS|SEPTIMUS SEVERUS
20_DIDIUS JULIANUS/side_a/image00740.jpg,b46068703c513aad03eb474aad11d448365bf15dc68c6f876959e2dfcfe1c389,label_conflict,,DIDIUS JULIANUS|SEPTIMUS SEVERUS
21_SEPTIMUS SEVERUS/side_a/image00740.jpg,b46068703c513aad03eb474aad11d448365bf15dc68c6f876959e2dfcfe1c389,label_conflict,,DIDIUS JULIANUS|SEPTIMUS SEVERUS
20_DIDIUS JULIANUS/side_a/image00743.jpg,d3d0f2d0738c78a56e82c79ee21b25a2b727650d9cd8df5995fb0511051292e5,label_conflict,,DIDIUS JULIANUS|SEPTIMUS SEVERUS
21_SEPTIMUS SEVERUS/side_a/image00743.jpg,d3d0f2d0738c78a56e82c79ee21b25a2b727650d9cd8df5995fb0511051292e5,label_conflict,,DIDIUS JULIANUS|SEPTIMUS SEVERUS
20_DIDIUS JULIANUS/side_a/image00745.jpg,1bb9bef8670e9f28ac24c96feda37f56509818a6eb55441a9be2c3faa09961a3,label_conflict,,DIDIUS JULIANUS|SEPTIMUS SEVERUS
21_SEPTIMUS SEVERUS/side_a/image00745.jpg,1bb9bef8670e9f28ac24c96feda37f56509818a6eb55441a9be2c3faa09961a3,label_conflict,,DIDIUS JULIANUS|SEPTIMUS SEVERUS
20_DIDIUS JULIANUS/side_a/image00746.jpg,fc9a565cfe369d03911517722f63f06960b906618a578be247a171d231cbaaf3,label_conflict,,DIDIUS JULIANUS|SEPTIMUS SEVERUS
21_SEPTIMUS SEVERUS/side_a/image00746.jpg,fc9a565cfe369d03911517722f63f06960b906618a578be247a171d231cbaaf3,label_conflict,,DIDIUS JULIANUS|SEPTIMUS SEVERUS
20_DIDIUS JULIANUS/side_a/image00750.jpg,d4d33e9a024c4f9b81be1e5e1714fbcbfedacd8101d32fd90d412313762d32cf,label_conflict,,DIDIUS JULIANUS|SEPTIMUS SEVERUS
21_SEPTIMUS SEVERUS/side_a/image00750.jpg,d4d33e9a024c4f9b81be1e5e1714fbcbfedacd8101d32fd90d412313762d32cf,label_conflict,,DIDIUS JULIANUS|SEPTIMUS SEVERUS
20_DIDIUS JULIANUS/side_a/image00753.jpg,ded6f2c971d78bc7dc9cebea9cd3f74559e2739700a4787a0502230175228db6,label_conflict,,DIDIUS JULIANUS|SEPTIMUS SEVERUS
21_SEPTIMUS SEVERUS/side_a/image00753.jpg,ded6f2c971d78bc7dc9cebea9cd3f74559e2739700a4787a0502230175228db6,label_conflict,,DIDIUS JULIANUS|SEPTIMUS SEVERUS
20_DIDIUS JULIANUS/side_a/image00771.jpg,a4c7c90dff05b3cfe8310f5291a00830fca9a62d6d055510344a5407b7b2644c,label_conflict,,DIDIUS JULIANUS|SEPTIMUS SEVERUS
21_SEPTIMUS SEVERUS/side_a/image00771.jpg,a4c7c90dff05b3cfe8310f5291a00830fca9a62d6d055510344a5407b7b2644c,label_conflict,,DIDIUS JULIANUS|SEPTIMUS SEVERUS
20_DIDIUS JULIANUS/side_a/image00778.jpg,4c80af71dfa645f7ed5e753d1b0ddeecc14ed44a84da18a0acf9f50368d105b1,label_conflict,,DIDIUS JULIANUS|SEPTIMUS SEVERUS
21_SEPTIMUS SEVERUS/side_a/image00778.jpg,4c80af71dfa645f7ed5e753d1b0ddeecc14ed44a84da18a0acf9f50368d105b1,label_conflict,,DIDIUS JULIANUS|SEPTIMUS SEVERUS
20_DIDIUS JULIANUS/side_a/image00782.jpg,381e3a0488f204d2ac850a964dc9dfdd67ef9b3ea3f0f0612d789a4c3900b9e6,label_conflict,,DIDIUS JULIANUS|SEPTIMUS SEVERUS
21_SEPTIMUS SEVERUS/side_a/image00782.jpg,381e3a0488f204d2ac850a964dc9dfdd67ef9b3ea3f0f0612d789a4c3900b9e6,label_conflict,,DIDIUS JULIANUS|SEPTIMUS SEVERUS
20_DIDIUS JULIANUS/side_a/image00790.jpg,8d30e006bff155b6635e3132715e2a752d7d16d338727dcdf7541871d2eac7d4,label_conflict,,DIDIUS JULIANUS|SEPTIMUS SEVERUS
21_SEPTIMUS SEVERUS/side_a/image00790.jpg,8d30e006bff155b6635e3132715e2a752d7d16d338727dcdf7541871d2eac7d4,label_conflict,,DIDIUS JULIANUS|SEPTIMUS SEVERUS
20_DIDIUS JULIANUS/side_a/image00797.jpg,ab378a9ee4e4b29977f8f283764e3707428f0fb7ccae5751a2371b40d10853da,label_conflict,,DIDIUS JULIANUS|SEPTIMUS SEVERUS
21_SEPTIMUS SEVERUS/side_a/image00797.jpg,ab378a9ee4e4b29977f8f283764e3707428f0fb7ccae5751a2371b40d10853da,label_conflict,,DIDIUS JULIANUS|SEPTIMUS SEVERUS
20_DIDIUS JULIANUS/side_a/image00798.jpg,cb26ee257ea9b65043c9112f8c6ff99271c8233df768633dce7a73668b6926e2,label_conflict,,DIDIUS JULIANUS|SEPTIMUS SEVERUS
21_SEPTIMUS SEVERUS/side_a/image00798.jpg,cb26ee257ea9b65043c9112f8c6ff99271c8233df768633dce7a73668b6926e2,label_conflict,,DIDIUS JULIANUS|SEPTIMUS SEVERUS
20_DIDIUS JULIANUS/side_a/image00799.jpg,19656dc002d1f47259970968d41d8d6363624f9f78ab3df7b17397256ce70189,label_conflict,,DIDIUS JULIANUS|SEPTIMUS SEVERUS
21_SEPTIMUS SEVERUS/side_a/image00799.jpg,19656dc002d1f47259970968d41d8d6363624f9f78ab3df7b17397256ce70189,label_conflict,,DIDIUS JULIANUS|SEPTIMUS SEVERUS
20_DIDIUS JULIANUS/side_a/image00800.jpg,b1023e61c1b8f01b44f1ff5133f29487bdf899cddf7019e14501d1048a9dbf45,label_conflict,,DIDIUS JULIANUS|SEPTIMUS SEVERUS
21_SEPTIMUS SEVERUS/side_a/image00800.jpg,b1023e61c1b8f01b44f1ff5133f29487bdf899cddf7019e14501d1048a9dbf45,label_conflict,,DIDIUS JULIANUS|SEPTIMUS SEVERUS
20_DIDIUS JULIANUS/side_a/image00806.jpg,b78ce99e2a10bee773b37a2f387f4165d80f782eed5de002a0dff4f001b65010,label_conflict,,DIDIUS JULIANUS|SEPTIMUS SEVERUS
21_SEPTIMUS SEVERUS/side_a/image00806.jpg,b78ce99e2a10bee773b37a2f387f4165d80f782eed5de002a0dff4f001b65010,label_conflict,,DIDIUS JULIANUS|SEPTIMUS SEVERUS
20_DIDIUS JULIANUS/side_a/image00809 (1).jpg,dbb10fa239e946688c1d8acefd1e17a65532472eff16e70d18a06c8a4acc8d07,label_conflict,,DIDIUS JULIANUS|SEPTIMUS SEVERUS
21_SEPTIMUS SEVERUS/side_a/image00809 (1).jpg,dbb10fa239e946688c1d8acefd1e17a65532472eff16e70d18a06c8a4acc8d07,label_conflict,,DIDIUS JULIANUS|SEPTIMUS SEVERUS
20_DIDIUS JULIANUS/side_a/image00813.jpg,76f32ee3367595ec9a0f7007b659fab821e89e67909a5d7f54dd70465e786d1b,label_conflict,,DIDIUS JULIANUS|SEPTIMUS SEVERUS
21_SEPTIMUS SEVERUS/side_a/image00813.jpg,76f32ee3367595ec9a0f7007b659fab821e89e67909a5d7f54dd70465e786d1b,label_conflict,,DIDIUS JULIANUS|SEPTIMUS SEVERUS
20_DIDIUS JULIANUS/side_a/image00820.jpg,5153b6b5fddd1890a0aac4769a8dbcda91ad5026368d2d042e5a721c86358771,label_conflict,,DIDIUS JULIANUS|SEPTIMUS SEVERUS
21_SEPTIMUS SEVERUS/side_a/image00820.jpg,5153b6b5fddd1890a0aac4769a8dbcda91ad5026368d2d042e5a721c86358771,label_conflict,,DIDIUS JULIANUS|SEPTIMUS SEVERUS
20_DIDIUS JULIANUS/side_a/image00821.jpg,c06b57e8884bafcb6bde3fd38c04785ad20694a40c384a82752b81f7eeeb3953,label_conflict,,DIDIUS JULIANUS|SEPTIMUS SEVERUS
21_SEPTIMUS SEVERUS/side_a/image00821.jpg,c06b57e8884bafcb6bde3fd38c04785ad20694a40c384a82752b81f7eeeb3953,label_conflict,,DIDIUS JULIANUS|SEPTIMUS SEVERUS
20_DIDIUS JULIANUS/side_a/image00824.jpg,526119105c768ffe157740e756a75b9aca5cc1116d64baafa9d00509b948671f,label_conflict,,DIDIUS JULIANUS|SEPTIMUS SEVERUS
21_SEPTIMUS SEVERUS/side_a/image00824.jpg,526119105c768ffe157740e756a75b9aca5cc1116d64baafa9d00509b948671f,label_conflict,,DIDIUS JULIANUS|SEPTIMUS SEVERUS
20_DIDIUS JULIANUS/side_a/image00827.jpg,83ce950ef1829dbe41e3cd6ab4009a9c9c3582db2370bd07334db76b271fcb08,label_conflict,,DIDIUS JULIANUS|SEPTIMUS SEVERUS
21_SEPTIMUS SEVERUS/side_a/image00827.jpg,83ce950ef1829dbe41e3cd6ab4009a9c9c3582db2370bd07334db76b271fcb08,label_conflict,,DIDIUS JULIANUS|SEPTIMUS SEVERUS
20_DIDIUS JULIANUS/side_a/image00836.jpg,92e5e4ee261a235248bd65720c398385d88db93c80cb5a5158ea866fc1a9b80a,label_conflict,,DIDIUS JULIANUS|SEPTIMUS SEVERUS
21_SEPTIMUS SEVERUS/side_a/image00836.jpg,92e5e4ee261a235248bd65720c398385d88db93c80cb5a5158ea866fc1a9b80a,label_conflict,,DIDIUS JULIANUS|SEPTIMUS SEVERUS
20_DIDIUS JULIANUS/side_a/image00839.jpg,b0071adefd2c4714d2d053cacd151673af1dad024763649b5f318fa6d106df7a,label_conflict,,DIDIUS JULIANUS|SEPTIMUS SEVERUS
21_SEPTIMUS SEVERUS/side_a/image00839.jpg,b0071adefd2c4714d2d053cacd151673af1dad024763649b5f318fa6d106df7a,label_conflict,,DIDIUS JULIANUS|SEPTIMUS SEVERUS
20_DIDIUS JULIANUS/side_a/image00842.jpg,16895db46b2e23e6dc5e6bf2f78cbb8faf51ad264552a4c7580cb3e63132e505,label_conflict,,DIDIUS JULIANUS|SEPTIMUS SEVERUS
21_SEPTIMUS SEVERUS/side_a/image00842.jpg,16895db46b2e23e6dc5e6bf2f78cbb8faf51ad264552a4c7580cb3e63132e505,label_conflict,,DIDIUS JULIANUS|SEPTIMUS SEVERUS
20_DIDIUS JULIANUS/side_a/image00847 (1).jpg,5e9d555e0248d3d9a126b6b8b6766ca0e03455228e0c9e3bdbf6e7f887979e9c,label_conflict,,DIDIUS JULIANUS|SEPTIMUS SEVERUS
21_SEPTIMUS SEVERUS/side_a/image00847 (1).jpg,5e9d555e0248d3d9a126b6b8b6766ca0e03455228e0c9e3bdbf6e7f887979e9c,label_conflict,,DIDIUS JULIANUS|SEPTIMUS SEVERUS
20_DIDIUS JULIANUS/side_a/image00848.jpg,324559fc91c41e65b0cb622c9513ecabc0cf78781c13a9863ada7c6ba589a72a,label_conflict,,DIDIUS JULIANUS|SEPTIMUS SEVERUS
21_SEPTIMUS SEVERUS/side_a/image00848.jpg,324559fc91c41e65b0cb622c9513ecabc0cf78781c13a9863ada7c6ba589a72a,label_conflict,,DIDIUS JULIANUS|SEPTIMUS SEVERUS
20_DIDIUS JULIANUS/side_a/image00849.jpg,358e600faa97ed3b35b5fdd4f91f0e86137f390b7c03e8daddee3856af906aef,label_conflict,,DIDIUS JULIANUS|SEPTIMUS SEVERUS
21_SEPTIMUS SEVERUS/side_a/image00849.jpg,358e600faa97ed3b35b5fdd4f91f0e86137f390b7c03e8daddee3856af906aef,label_conflict,,DIDIUS JULIANUS|SEPTIMUS SEVERUS
20_DIDIUS JULIANUS/side_a/image00850 (1).jpg,27782a35b51bc00c8a1bcf445b60c2114ddf900f1bb0b5c1ff68bd4885007716,label_conflict,,DIDIUS JULIANUS|SEPTIMUS SEVERUS
21_SEPTIMUS SEVERUS/side_a/image00850 (1).jpg,27782a35b51bc00c8a1bcf445b60c2114ddf900f1bb0b5c1ff68bd4885007716,label_conflict,,DIDIUS JULIANUS|SEPTIMUS SEVERUS
20_DIDIUS JULIANUS/side_a/image00866.jpg,0554855a1fbcbf11272271310683fb38d34fa2ac027b4a0400b25bec8b5271d2,label_conflict,,DIDIUS JULIANUS|SEPTIMUS SEVERUS
21_SEPTIMUS SEVERUS/side_a/image00866.jpg,0554855a1fbcbf11272271310683fb38d34fa2ac027b4a0400b25bec8b5271d2,label_conflict,,DIDIUS JULIANUS|SEPTIMUS SEVERUS
20_DIDIUS JULIANUS/side_a/image00867.jpg,bd78cef881f3bd4d9fc17b0e3c05935eb1ef4ca651de407d689160a0e7782622,label_conflict,,DIDIUS JULIANUS|SEPTIMUS SEVERUS
21_SEPTIMUS SEVERUS/side_a/image00867.jpg,bd78cef881f3bd4d9fc17b0e3c05935eb1ef4ca651de407d689160a0e7782622,label_conflict,,DIDIUS JULIANUS|SEPTIMUS SEVERUS
20_DIDIUS JULIANUS/side_a/image00868.jpg,77d7226d11898ab0af2f6ebb5c58d0bea462e11291065938cc61783bf0280435,label_conflict,,DIDIUS JULIANUS|SEPTIMUS SEVERUS
21_SEPTIMUS SEVERUS/side_a/image00868.jpg,77d7226d11898ab0af2f6ebb5c58d0bea462e11291065938cc61783bf0280435,label_conflict,,DIDIUS JULIANUS|SEPTIMUS SEVERUS
20_DIDIUS JULIANUS/side_a/image00869.jpg,55c3fc4e34186e2eb7937e4846cf63adee7f9c19fc53243003e80eee3dbc34f1,label_conflict,,DIDIUS JULIANUS|SEPTIMUS SEVERUS
21_SEPTIMUS SEVERUS/side_a/image00869.jpg,55c3fc4e34186e2eb7937e4846cf63adee7f9c19fc53243003e80eee3dbc34f1,label_conflict,,DIDIUS JULIANUS|SEPTIMUS SEVERUS
20_DIDIUS JULIANUS/side_a/image00880.jpg,13b1de0f620c2144ac95837fa790d61e8052ea371f0a6208d54d53a4670e2615,label_conflict,,DIDIUS JULIANUS|SEPTIMUS SEVERUS
21_SEPTIMUS SEVERUS/side_a/image00880.jpg,13b1de0f620c2144ac95837fa790d61e8052ea371f0a6208d54d53a4670e2615,label_conflict,,DIDIUS JULIANUS|SEPTIMUS SEVERUS
20_DIDIUS JULIANUS/side_a/image00881.jpg,e952f31f6e98f3a5fb0bb0b5e0b047ef64a4f64458eb2fac4368265892bf4699,label_conflict,,DIDIUS JULIANUS|SEPTIMUS SEVERUS
21_SEPTIMUS SEVERUS/side_a/image00881.jpg,e952f31f6e98f3a5fb0bb0b5e0b047ef64a4f64458eb2fac4368265892bf4699,label_conflict,,DIDIUS JULIANUS|SEPTIMUS SEVERUS
20_DIDIUS JULIANUS/side_a/image00882.jpg,c023f374640dfaa8fd5e038769aff35601bf4147bee772146db07e54aefcf912,label_conflict,,DIDIUS JULIANUS|SEPTIMUS SEVERUS
21_SEPTIMUS SEVERUS/side_a/image00882.jpg,c023f374640dfaa8fd5e038769aff35601bf4147bee772146db07e54aefcf912,label_conflict,,DIDIUS JULIANUS|SEPTIMUS SEVERUS
20_DIDIUS JULIANUS/side_a/image00883.jpg,873afbdc1c19422e35458498e613859820cc36fba1eed33d3f468f361009affa,label_conflict,,DIDIUS JULIANUS|SEPTIMUS SEVERUS
21_SEPTIMUS SEVERUS/side_a/image00883.jpg,873afbdc1c19422e35458498e613859820cc36fba1eed33d3f468f361009affa,label_conflict,,DIDIUS JULIANUS|SEPTIMUS SEVERUS
20_DIDIUS JULIANUS/side_a/image00893.jpg,0c82b31aaaab84532871b3fc3707f3334a3f9f707d796135a2259bef43b6c21b,label_conflict,,DIDIUS JULIANUS|SEPTIMUS SEVERUS
21_SEPTIMUS SEVERUS/side_a/image00893.jpg,0c82b31aaaab84532871b3fc3707f3334a3f9f707d796135a2259bef43b6c21b,label_conflict,,DIDIUS JULIANUS|SEPTIMUS SEVERUS
20_DIDIUS JULIANUS/side_a/image00894.jpg,188f17288f4ac86f97d829e0974e1b34c46ff084b2acc7ae6cb29045e188d2a9,label_conflict,,DIDIUS JULIANUS|SEPTIMUS SEVERUS
21_SEPTIMUS SEVERUS/side_a/image00894.jpg,188f17288f4ac86f97d829e0974e1b34c46ff084b2acc7ae6cb29045e188d2a9,label_conflict,,DIDIUS JULIANUS|SEPTIMUS SEVERUS
20_DIDIUS JULIANUS/side_a/image00895.jpg,6ff25d6248fadf98d1851490403b7a4b0370585a4f0030ae4913c1b43fb88fa9,label_conflict,,DIDIUS JULIANUS|SEPTIMUS SEVERUS
21_SEPTIMUS SEVERUS/side_a/image00895.jpg,6ff25d6248fadf98d1851490403b7a4b0370585a4f0030ae4913c1b43fb88fa9,label_conflict,,DIDIUS JULIANUS|SEPTIMUS SEVERUS
20_DIDIUS JULIANUS/side_a/image00904.jpg,422357eda3461d628104fbed6b1e02c0337987491a03abb3a90611e6bcb3a7a1,label_conflict,,DIDIUS JULIANUS|SEPTIMUS SEVERUS
21_SEPTIMUS SEVERUS/side_a/image00904.jpg,422357eda3461d628104fbed6b1e02c0337987491a03abb3a90611e6bcb3a7a1,label_conflict,,DIDIUS JULIANUS|SEPTIMUS SEVERUS
20_DIDIUS JULIANUS/side_a/image00905.jpg,31fed241ab6e7282958f172d7f3c69d746f12f665fcb86974eee9262752dd8ef,label_conflict,,DIDIUS JULIANUS|SEPTIMUS SEVERUS
21_SEPTIMUS SEVERUS/side_a/image00905.jpg,31fed241ab6e7282958f172d7f3c69d746f12f665fcb86974eee9262752dd8ef,label_conflict,,DIDIUS JULIANUS|SEPTIMUS SEVERUS
20_DIDIUS JULIANUS/side_a/image00916.jpg,7c93c042314449254fc3f1256b4756a14f9c63b71ad0af0945617fd1f32efdf3,label_conflict,,DIDIUS JULIANUS|SEPTIMUS SEVERUS
21_SEPTIMUS SEVERUS/side_a/image00916.jpg,7c93c042314449254fc3f1256b4756a14f9c63b71ad0af0945617fd1f32efdf3,label_conflict,,DIDIUS JULIANUS|SEPTIMUS SEVERUS
20_DIDIUS JULIANUS/side_a/image00920.jpg,a89e598436ad509e96a7d5f9bb282bcba39dfc049ea09de6a22a5b64025eb174,label_conflict,,DIDIUS JULIANUS|SEPTIMUS SEVERUS
21_SEPTIMUS SEVERUS/side_a/image00920.jpg,a89e598436ad509e96a7d5f9bb282bcba39dfc049ea09de6a22a5b64025eb174,label_conflict,,DIDIUS JULIANUS|SEPTIMUS SEVERUS
20_DIDIUS JULIANUS/side_a/image00930.jpg,d0f7033702666dc2479285095f57711c0a04ef5443bf733e7f896a45eb2cd2a5,label_conflict,,DIDIUS JULIANUS|SEPTIMUS SEVERUS
21_SEPTIMUS SEVERUS/side_a/image00930.jpg,d0f7033702666dc2479285095f57711c0a04ef5443bf733e7f896a45eb2cd2a5,label_conflict,,DIDIUS JULIANUS|SEPTIMUS SEVERUS
20_DIDIUS JULIANUS/side_a/image00934.jpg,c1a09855c44848bb9819490da851fb8e851ddb39c27d931f09912bf3c77332ce,label_conflict,,DIDIUS JULIANUS|SEPTIMUS SEVERUS
21_SEPTIMUS SEVERUS/side_a/image00934.jpg,c1a09855c44848bb9819490da851fb8e851ddb39c27d931f09912bf3c77332ce,label_conflict,,DIDIUS JULIANUS|SEPTIMUS SEVERUS
20_DIDIUS JULIANUS/side_a/image00935.jpg,fc2117b43b750a82c348d61cc47597d8005220620ddd5d4b8a70ddde3197edce,label_conflict,,DIDIUS JULIANUS|SEPTIMUS SEVERUS
21_SEPTIMUS SEVERUS/side_a/image00935.jpg,fc2117b43b750a82c348d61cc47597d8005220620ddd5d4b8a70ddde3197edce,label_conflict,,DIDIUS JULIANUS|SEPTIMUS SEVERUS
20_DIDIUS JULIANUS/side_a/image00938 (1).jpg,086e0175563895c632806d367fa3e1beda1713e7dac594aaab06665cd4d47459,label_conflict,,DIDIUS JULIANUS|SEPTIMUS SEVERUS
21_SEPTIMUS SEVERUS/side_a/image00938 (1).jpg,086e0175563895c632806d367fa3e1beda1713e7dac594aaab06665cd4d47459,label_conflict,,DIDIUS JULIANUS|SEPTIMUS SEVERUS
20_DIDIUS JULIANUS/side_a/image00938.jpg,4bb83ebb4ccd068680229a71b386eb766e9f3f29d3f9ecffd2be623fbcf737a1,label_conflict,,DIDIUS JULIANUS|SEPTIMUS SEVERUS
21_SEPTIMUS SEVERUS/side_a/image00938.jpg,4bb83ebb4ccd068680229a71b386eb766e9f3f29d3f9ecffd2be623fbcf737a1,label_conflict,,DIDIUS JULIANUS|SEPTIMUS SEVERUS
20_DIDIUS JULIANUS/side_a/image00949 (1).jpg,acd3c89984d98eb8c8bcb30617f8cc1a2422845ab6c5b55dd27bc32cb27c7400,label_conflict,,DIDIUS JULIANUS|SEPTIMUS SEVERUS
21_SEPTIMUS SEVERUS/side_a/image00949 (1).jpg,acd3c89984d98eb8c8bcb30617f8cc1a2422845ab6c5b55dd27bc32cb27c7400,label_conflict,,DIDIUS JULIANUS|SEPTIMUS SEVERUS
20_DIDIUS JULIANUS/side_a/image00949 (2).jpg,fffe83f3e05587136fbc373d41faa5266d574f63c37ad0e66d7c47f5c83dd7da,label_conflict,,DIDIUS JULIANUS|SEPTIMUS SEVERUS
21_SEPTIMUS SEVERUS/side_a/image00949 (2).jpg,fffe83f3e05587136fbc373d41faa5266d574f63c37ad0e66d7c47f5c83dd7da,label_conflict,,DIDIUS JULIANUS|SEPTIMUS SEVERUS
20_DIDIUS JULIANUS/side_a/image00965.jpg,98f5bd395855d471385df45c9f09aa79671f0e80ac9e6626bab2d44faa5abed7,label_conflict,,DIDIUS JULIANUS|SEPTIMUS SEVERUS
21_SEPTIMUS SEVERUS/side_a/image00965.jpg,98f5bd395855d471385df45c9f09aa79671f0e80ac9e6626bab2d44faa5abed7,label_conflict,,DIDIUS JULIANUS|SEPTIMUS SEVERUS
20_DIDIUS JULIANUS/side_a/image00978.jpg,8be592ee165442dea173a75caa7cc32b8aba099bd67b27d1f0071dd85453439e,label_conflict,,DIDIUS JULIANUS|SEPTIMUS SEVERUS
21_SEPTIMUS SEVERUS/side_a/image00978.jpg,8be592ee165442dea173a75caa7cc32b8aba099bd67b27d1f0071dd85453439e,label_conflict,,DIDIUS JULIANUS|SEPTIMUS SEVERUS
20_DIDIUS JULIANUS/side_a/image00988.jpg,5e36f96878017def5a0e0e4e358eb56ad8df082246520bf59afe29e5d4175f7f,label_conflict,,DIDIUS JULIANUS|SEPTIMUS SEVERUS
21_SEPTIMUS SEVERUS/side_a/image00988.jpg,5e36f96878017def5a0e0e4e358eb56ad8df082246520bf59afe29e5d4175f7f,label_conflict,,DIDIUS JULIANUS|SEPTIMUS SEVERUS
20_DIDIUS JULIANUS/side_a/image00990.jpg,a51f25bf34fae8eecef03980f9c420f068ce6f177880d820b1b11e1987eb1296,label_conflict,,DIDIUS JULIANUS|SEPTIMUS SEVERUS
21_SEPTIMUS SEVERUS/side_a/image00990.jpg,a51f25bf34fae8eecef03980f9c420f068ce6f177880d820b1b11e1987eb1296,label_conflict,,DIDIUS JULIANUS|SEPTIMUS SEVERUS
20_DIDIUS JULIANUS/side_a/image00991.jpg,48c65fa00df8484fe29a3e2458d230f67dfd8bb963d778585328d02679c58b15,label_conflict,,DIDIUS JULIANUS|SEPTIMUS SEVERUS
21_SEPTIMUS SEVERUS/side_a/image00991.jpg,48c65fa00df8484fe29a3e2458d230f67dfd8bb963d778585328d02679c58b15,label_conflict,,DIDIUS JULIANUS|SEPTIMUS SEVERUS
20_DIDIUS JULIANUS/side_a/image00992.jpg,9abe360109aabe315d1bc50249ce5b9628538ac3cf99f383dbe6234abbda3bbe,label_conflict,,DIDIUS JULIANUS|SEPTIMUS SEVERUS
21_SEPTIMUS SEVERUS/side_a/image00992.jpg,9abe360109aabe315d1bc50249ce5b9628538ac3cf99f383dbe6234abbda3bbe,label_conflict,,DIDIUS JULIANUS|SEPTIMUS SEVERUS
20_DIDIUS JULIANUS/side_a/image00993.jpg,37bc893372c975be8959f810fda879cf489c65520abf84d816d2f7b2aff53391,label_conflict,,DIDIUS JULIANUS|SEPTIMUS SEVERUS
21_SEPTIMUS SEVERUS/side_a/image00993.jpg,37bc893372c975be8959f810fda879cf489c65520abf84d816d2f7b2aff53391,label_conflict,,DIDIUS JULIANUS|SEPTIMUS SEVERUS
20_DIDIUS JULIANUS/side_a/image01000.jpg,b4c3446b1fa2cab68f52c921605e2e138e0745b7c352f032aaa61ac1704cef77,label_conflict,,DIDIUS JULIANUS|SEPTIMUS SEVERUS
21_SEPTIMUS SEVERUS/side_a/image01000.jpg,b4c3446b1fa2cab68f52c921605e2e138e0745b7c352f032aaa61ac1704cef77,label_conflict,,DIDIUS JULIANUS|SEPTIMUS SEVERUS
20_DIDIUS JULIANUS/side_a/image01001.jpg,a98b9a916f055923685e82a51546c5d6e82f3fa614617cbd28fc4c28655c8131,label_conflict,,DIDIUS JULIANUS|SEPTIMUS SEVERUS
21_SEPTIMUS SEVERUS/side_a/image01001.jpg,a98b9a916f055923685e82a51546c5d6e82f3fa614617cbd28fc4c28655c8131,label_conflict,,DIDIUS JULIANUS|SEPTIMUS SEVERUS
20_DIDIUS JULIANUS/side_a/image01002.jpg,df6530c625198134ecd19e6836e3c7c78279f44383c4614487ca82d27f04f3a1,label_conflict,,DIDIUS JULIANUS|SEPTIMUS SEVERUS
21_SEPTIMUS SEVERUS/side_a/image01002.jpg,df6530c625198134ecd19e6836e3c7c78279f44383c4614487ca82d27f04f3a1,label_conflict,,DIDIUS JULIANUS|SEPTIMUS SEVERUS
20_DIDIUS JULIANUS/side_a/image01003.jpg,ad0b337051a6b53aed49a69d91d181609291b0e6e03f76188c9532919bf77ba9,label_conflict,,DIDIUS JULIANUS|SEPTIMUS SEVERUS
21_SEPTIMUS SEVERUS/side_a/image01003.jpg,ad0b337051a6b53aed49a69d91d181609291b0e6e03f76188c9532919bf77ba9,label_conflict,,DIDIUS JULIANUS|SEPTIMUS SEVERUS
20_DIDIUS JULIANUS/side_a/image01004.jpg,2203c4c274cdfbf278f10c6a2771be234555ca6d6bc1ac1e63959810828c50b4,label_conflict,,DIDIUS JULIANUS|SEPTIMUS SEVERUS
21_SEPTIMUS SEVERUS/side_a/image01004.jpg,2203c4c274cdfbf278f10c6a2771be234555ca6d6bc1ac1e63959810828c50b4,label_conflict,,DIDIUS JULIANUS|SEPTIMUS SEVERUS
20_DIDIUS JULIANUS/side_a/image01006.jpg,9edeb230f45f42bfef0673896f3f4e40dfcfc9c8ef1fa09a769da2a4f8de8dcd,label_conflict,,DIDIUS JULIANUS|SEPTIMUS SEVERUS
21_SEPTIMUS SEVERUS/side_a/image01006.jpg,9edeb230f45f42bfef0673896f3f4e40dfcfc9c8ef1fa09a769da2a4f8de8dcd,label_conflict,,DIDIUS JULIANUS|SEPTIMUS SEVERUS
20_DIDIUS JULIANUS/side_a/image01017 (1).jpg,3a9a90ad71d7438115657979867dbf80e74b4e00f9c5967fcd6d361353dcc4e8,label_conflict,,DIDIUS JULIANUS|SEPTIMUS SEVERUS
21_SEPTIMUS SEVERUS/side_a/image01017 (1).jpg,3a9a90ad71d7438115657979867dbf80e74b4e00f9c5967fcd6d361353dcc4e8,label_conflict,,DIDIUS JULIANUS|SEPTIMUS SEVERUS
20_DIDIUS JULIANUS/side_a/image01017.jpg,8b9879086d9b85bdf4e648ad3a89111de7b96bddb0d18f65ac4a8c09d8895cbb,label_conflict,,DIDIUS JULIANUS|SEPTIMUS SEVERUS
21_SEPTIMUS SEVERUS/side_a/image01017.jpg,8b9879086d9b85bdf4e648ad3a89111de7b96bddb0d18f65ac4a8c09d8895cbb,label_conflict,,DIDIUS JULIANUS|SEPTIMUS SEVERUS
20_DIDIUS JULIANUS/side_a/image01018.jpg,3ea8bfc36fadfbac19503bde617370b3e948b782a93d0596ae4e35ada1a6bd6a,label_conflict,,DIDIUS JULIANUS|SEPTIMUS SEVERUS
21_SEPTIMUS SEVERUS/side_a/image01018.jpg,3ea8bfc36fadfbac19503bde617370b3e948b782a93d0596ae4e35ada1a6bd6a,label_conflict,,DIDIUS JULIANUS|SEPTIMUS SEVERUS
20_DIDIUS JULIANUS/side_a/image01019.jpg,705815aebef2162130abba75f5fb8d3861fb7526853d29b9c07df15ac76fa083,label_conflict,,DIDIUS JULIANUS|SEPTIMUS SEVERUS
21_SEPTIMUS SEVERUS/side_a/image01019.jpg,705815aebef2162130abba75f5fb8d3861fb7526853d29b9c07df15ac76fa083,label_conflict,,DIDIUS JULIANUS|SEPTIMUS SEVERUS
20_DIDIUS JULIANUS/side_a/image01020.jpg,790de86bcf3c0fb303dae7264a8df536ac2d6880fe45d12ffcd01ba04a122932,label_conflict,,DIDIUS JULIANUS|SEPTIMUS SEVERUS
21_SEPTIMUS SEVERUS/side_a/image01020.jpg,790de86bcf3c0fb303dae7264a8df536ac2d6880fe45d12ffcd01ba04a122932,label_conflict,,DIDIUS JULIANUS|SEPTIMUS SEVERUS
20_DIDIUS JULIANUS/side_a/image01021.jpg,1fb2fe4aef4736703351efdc2f2e2c56720aed69ec74fc069d80f80532607c4f,label_conflict,,DIDIUS JULIANUS|SEPTIMUS SEVERUS
21_SEPTIMUS SEVERUS/side_a/image01021.jpg,1fb2fe4aef4736703351efdc2f2e2c56720aed69ec74fc069d80f80532607c4f,label_conflict,,DIDIUS JULIANUS|SEPTIMUS SEVERUS
20_DIDIUS JULIANUS/side_a/image01023 (1).jpg,448ee9c668071ea4b8f29a81a6396fd332012ed89fbf191ec82376eeb6e733a5,label_conflict,,DIDIUS JULIANUS|SEPTIMUS SEVERUS
21_SEPTIMUS SEVERUS/side_a/image01023 (1).jpg,448ee9c668071ea4b8f29a81a6396fd332012ed89fbf191ec82376eeb6e733a5,label_conflict,,DIDIUS JULIANUS|SEPTIMUS SEVERUS
20_DIDIUS JULIANUS/side_a/image01024.jpg,61dc821f67450daa080f7e8d0a0e9041930185a9895805849902cd1b75128b04,label_conflict,,DIDIUS JULIANUS|SEPTIMUS SEVERUS
21_SEPTIMUS SEVERUS/side_a/image01024.jpg,61dc821f67450daa080f7e8d0a0e9041930185a9895805849902cd1b75128b04,label_conflict,,DIDIUS JULIANUS|SEPTIMUS SEVERUS
20_DIDIUS JULIANUS/side_a/image01025.jpg,596eecd348a15c0678146b49954c885e6a2efbeaac6e35158a15ba0ad893ee2b,label_conflict,,DIDIUS JULIANUS|SEPTIMUS SEVERUS
21_SEPTIMUS SEVERUS/side_a/image01025.jpg,596eecd348a15c0678146b49954c885e6a2efbeaac6e35158a15ba0ad893ee2b,label_conflict,,DIDIUS JULIANUS|SEPTIMUS SEVERUS
20_DIDIUS JULIANUS/side_a/image01028.jpg,42217c24899d218fb5c39e7b450ea871918a8551c01180556ef1adee33eb6bad,label_conflict,,DIDIUS JULIANUS|SEPTIMUS SEVERUS
21_SEPTIMUS SEVERUS/side_a/image01028.jpg,42217c24899d218fb5c39e7b450ea871918a8551c01180556ef1adee33eb6bad,label_conflict,,DIDIUS JULIANUS|SEPTIMUS SEVERUS
20_DIDIUS JULIANUS/side_a/image01029.jpg,280896eb0dd20f932ec0f279f33162cf1260dd10ff5ab2a09c95b3b8c0cef0c0,label_conflict,,DIDIUS JULIANUS|SEPTIMUS SEVERUS
21_SEPTIMUS SEVERUS/side_a/image01029.jpg,280896eb0dd20f932ec0f279f33162cf1260dd10ff5ab2a09c95b3b8c0cef0c0,label_conflict,,DIDIUS JULIANUS|SEPTIMUS SEVERUS
20_DIDIUS JULIANUS/side_a/image01036.jpg,86f03fbef9ee3bafbd484f341dd2a779abadf7218a406971eac77daba0f90e0a,label_conflict,,DIDIUS JULIANUS|SEPTIMUS SEVERUS
21_SEPTIMUS SEVERUS/side_a/image01036.jpg,86f03fbef9ee3bafbd484f341dd2a779abadf7218a406971eac77daba0f90e0a,label_conflict,,DIDIUS JULIANUS|SEPTIMUS SEVERUS
20_DIDIUS JULIANUS/side_a/image01047.jpg,353d6e53372648d30659835b35ed0ef42685f1b862e5ca4ad7cb50e105584545,label_conflict,,DIDIUS JULIANUS|SEPTIMUS SEVERUS
21_SEPTIMUS SEVERUS/side_a/image01047.jpg,353d6e53372648d30659835b35ed0ef42685f1b862e5ca4ad7cb50e105584545,label_conflict,,DIDIUS JULIANUS|SEPTIMUS SEVERUS
20_DIDIUS JULIANUS/side_a/image01049.jpg,a22567f8b586f5f97177e66cc567cf6a8bbe55ec955071c517abb3eb51542791,label_conflict,,DIDIUS JULIANUS|SEPTIMUS SEVERUS
21_SEPTIMUS SEVERUS/side_a/image01049.jpg,a22567f8b586f5f97177e66cc567cf6a8bbe55ec955071c517abb3eb51542791,label_conflict,,DIDIUS JULIANUS|SEPTIMUS SEVERUS
20_DIDIUS JULIANUS/side_a/image01052 (2).jpg,25f49f0867920ab1acfad49f1e25f6f6f31fed37c42898ba18a6bb8296fd5df6,label_conflict,,DIDIUS JULIANUS|SEPTIMUS SEVERUS
21_SEPTIMUS SEVERUS/side_a/image01052 (2).jpg,25f49f0867920ab1acfad49f1e25f6f6f31fed37c42898ba18a6bb8296fd5df6,label_conflict,,DIDIUS JULIANUS|SEPTIMUS SEVERUS
20_DIDIUS JULIANUS/side_a/image01057.jpg,2ee7297594c5c7dba732c2ba0fe974eb9ae202c7a75b5754c6c55788f4f43ce1,label_conflict,,DIDIUS JULIANUS|SEPTIMUS SEVERUS
21_SEPTIMUS SEVERUS/side_a/image01057.jpg,2ee7297594c5c7dba732c2ba0fe974eb9ae202c7a75b5754c6c55788f4f43ce1,label_conflict,,DIDIUS JULIANUS|SEPTIMUS SEVERUS
20_DIDIUS JULIANUS/side_a/image01065.jpg,277296c25df0374f32a00acf525a2541bf955c8cd1178512f226f6c5adec1d75,label_conflict,,DIDIUS JULIANUS|SEPTIMUS SEVERUS
21_SEPTIMUS SEVERUS/side_a/image01065.jpg,277296c25df0374f32a00acf525a2541bf955c8cd1178512f226f6c5adec1d75,label_conflict,,DIDIUS JULIANUS|SEPTIMUS SEVERUS
20_DIDIUS JULIANUS/side_a/image01094.jpg,e9bbb0c9981e4ee7299512af6145674a77d0ebeb0f917c72866eb4e49b39428b,label_conflict,,DIDIUS JULIANUS|SEPTIMUS SEVERUS
21_SEPTIMUS SEVERUS/side_a/image01094.jpg,e9bbb0c9981e4ee7299512af6145674a77d0ebeb0f917c72866eb4e49b39428b,label_conflict,,DIDIUS JULIANUS|SEPTIMUS SEVERUS
20_DIDIUS JULIANUS/side_a/image01095.jpg,e84a3d29a6662f5f0bcf4e43678c0b9941ea9b95192fbc423f03a5cc4f7c85f3,label_conflict,,DIDIUS JULIANUS|SEPTIMUS SEVERUS
21_SEPTIMUS SEVERUS/side_a/image01095.jpg,e84a3d29a6662f5f0bcf4e43678c0b9941ea9b95192fbc423f03a5cc4f7c85f3,label_conflict,,DIDIUS JULIANUS|SEPTIMUS SEVERUS
20_DIDIUS JULIANUS/side_a/image01096.jpg,1a4e0f4b693fdfe5d6263194634a28a30c4d7a78dae12e3ec66669686bb75b49,label_conflict,,DIDIUS JULIANUS|SEPTIMUS SEVERUS
21_SEPTIMUS SEVERUS/side_a/image01096.jpg,1a4e0f4b693fdfe5d6263194634a28a30c4d7a78dae12e3ec66669686bb75b49,label_conflict,,DIDIUS JULIANUS|SEPTIMUS SEVERUS
20_DIDIUS JULIANUS/side_a/image01099.jpg,016449b55072c7c1a20f757e28a2802233589cf876eacb1dd6955c4d906ad6c0,label_conflict,,DIDIUS JULIANUS|SEPTIMUS SEVERUS
21_SEPTIMUS SEVERUS/side_a/image01099.jpg,016449b55072c7c1a20f757e28a2802233589cf876eacb1dd6955c4d906ad6c0,label_conflict,,DIDIUS JULIANUS|SEPTIMUS SEVERUS
20_DIDIUS JULIANUS/side_a/image01129.jpg,8d4ec3b7c0bb6c2da634c62a09897c4a2fdbbc31631060eead7af865b2105382,label_conflict,,DIDIUS JULIANUS|SEPTIMUS SEVERUS
21_SEPTIMUS SEVERUS/side_a/image01129.jpg,8d4ec3b7c0bb6c2da634c62a09897c4a2fdbbc31631060eead7af865b2105382,label_conflict,,DIDIUS JULIANUS|SEPTIMUS SEVERUS
20_DIDIUS JULIANUS/side_a/image01130.jpg,974437c4a32222268a2d345d55dfc76037c4e8609ec5f81e50f0adc976b45ce5,label_conflict,,DIDIUS JULIANUS|SEPTIMUS SEVERUS
21_SEPTIMUS SEVERUS/side_a/image01130.jpg,974437c4a32222268a2d345d55dfc76037c4e8609ec5f81e50f0adc976b45ce5,label_conflict,,DIDIUS JULIANUS|SEPTIMUS SEVERUS
20_DIDIUS JULIANUS/side_a/image01131.jpg,5494af00165e335644f16b1a1565cbc42fb6db2c28383accc2f2353e03ae03d3,label_conflict,,DIDIUS JULIANUS|SEPTIMUS SEVERUS
21_SEPTIMUS SEVERUS/side_a/image01131.jpg,5494af00165e335644f16b1a1565cbc42fb6db2c28383accc2f2353e03ae03d3,label_conflict,,DIDIUS JULIANUS|SEPTIMUS SEVERUS
20_DIDIUS JULIANUS/side_a/image01144.jpg,d35f895bfca733780bdec91e229d64beaf4069b884f695961b35889879e28d0a,label_conflict,,DIDIUS JULIANUS|SEPTIMUS SEVERUS
21_SEPTIMUS SEVERUS/side_a/image01144.jpg,d35f895bfca733780bdec91e229d64beaf4069b884f695961b35889879e28d0a,label_conflict,,DIDIUS JULIANUS|SEPTIMUS SEVERUS
20_DIDIUS JULIANUS/side_a/image01145.jpg,eeffc9dc099bb8e6ce0a8ff07af1aa6a421522c5fd16ea87d5ed66a88edd8b05,label_conflict,,DIDIUS JULIANUS|SEPTIMUS SEVERUS
21_SEPTIMUS SEVERUS/side_a/image01145.jpg,eeffc9dc099bb8e6ce0a8ff07af1aa6a421522c5fd16ea87d5ed66a88edd8b05,label_conflict,,DIDIUS JULIANUS|SEPTIMUS SEVERUS
20_DIDIUS JULIANUS/side_a/image01147 (1).jpg,1d11a3cd504e6e19ff31c1689bab0a028fd2f02e0f2c64a198214b6fe245304d,label_conflict,,DIDIUS JULIANUS|SEPTIMUS SEVERUS
21_SEPTIMUS SEVERUS/side_a/image01147 (1).jpg,1d11a3cd504e6e19ff31c1689bab0a028fd2f02e0f2c64a198214b6fe245304d,label_conflict,,DIDIUS JULIANUS|SEPTIMUS SEVERUS
20_DIDIUS JULIANUS/side_a/image01149.jpg,3edd6e0b74f3c0cad29fcdebe7a1e717034331d3a145a7a0f337c422ef419fcc,label_conflict,,DIDIUS JULIANUS|SEPTIMUS SEVERUS
21_SEPTIMUS SEVERUS/side_a/image01149.jpg,3edd6e0b74f3c0cad29fcdebe7a1e717034331d3a145a7a0f337c422ef419fcc,label_conflict,,DIDIUS JULIANUS|SEPTIMUS SEVERUS
20_DIDIUS JULIANUS/side_a/image01155.jpg,7671c2fc749e812b1f70d298d0b4b54f42e021bcbd6f9ef06858ff9436b0152d,label_conflict,,DIDIUS JULIANUS|SEPTIMUS SEVERUS
21_SEPTIMUS SEVERUS/side_a/image01155.jpg,7671c2fc749e812b1f70d298d0b4b54f42e021bcbd6f9ef06858ff9436b0152d,label_conflict,,DIDIUS JULIANUS|SEPTIMUS SEVERUS
20_DIDIUS JULIANUS/side_a/image01157.jpg,901697aef8e995f30d51b1413ab416cbc12bda7a46fad02e71d9bd3ed4e34ada,label_conflict,,DIDIUS JULIANUS|SEPTIMUS SEVERUS
21_SEPTIMUS SEVERUS/side_a/image01157.jpg,901697aef8e995f30d51b1413ab416cbc12bda7a46fad02e71d9bd3ed4e34ada,label_conflict,,DIDIUS JULIANUS|SEPTIMUS SEVERUS
20_DIDIUS JULIANUS/side_a/image01158.jpg,8f66fdfbd028d11e0a71f29baa4d95d2a68d4b332eacd2b07f8c5a219d829796,label_conflict,,DIDIUS JULIANUS|SEPTIMUS SEVERUS
21_SEPTIMUS SEVERUS/side_a/image01158.jpg,8f66fdfbd028d11e0a71f29baa4d95d2a68d4b332eacd2b07f8c5a219d829796,label_conflict,,DIDIUS JULIANUS|SEPTIMUS SEVERUS
20_DIDIUS JULIANUS/side_a/image01175.jpg,f5862c93ea39483a07e9ed784063097cbec0a503d6f068b0a53cc58df82f9026,label_conflict,,DIDIUS JULIANUS|SEPTIMUS SEVERUS
21_SEPTIMUS SEVERUS/side_a/image01175.jpg,f5862c93ea39483a07e9ed784063097cbec0a503d6f068b0a53cc58df82f9026,label_conflict,,DIDIUS JULIANUS|SEPTIMUS SEVERUS
20_DIDIUS JULIANUS/side_a/image01176.jpg,d337d36577e53b8acf358b08b3d5935154be64712b044ef765935a2f6b7353c8,label_conflict,,DIDIUS JULIANUS|SEPTIMUS SEVERUS
21_SEPTIMUS SEVERUS/side_a/image01176.jpg,d337d36577e53b8acf358b08b3d5935154be64712b044ef765935a2f6b7353c8,label_conflict,,DIDIUS JULIANUS|SEPTIMUS SEVERUS
20_DIDIUS JULIANUS/side_a/image01178.jpg,0b3572a7ec0771be863499bcc0b4286f0aea9afef8e934d93346de940dfea2b8,label_conflict,,DIDIUS JULIANUS|SEPTIMUS SEVERUS
21_SEPTIMUS SEVERUS/side_a/image01178.jpg,0b3572a7ec0771be863499bcc0b4286f0aea9afef8e934d93346de940dfea2b8,label_conflict,,DIDIUS JULIANUS|SEPTIMUS SEVERUS
20_DIDIUS JULIANUS/side_a/image01181.jpg,9d3e443844de0b9b85192d891aa12d30431611721d3260e6f74999b63776d4bc,label_conflict,,DIDIUS JULIANUS|SEPTIMUS SEVERUS
21_SEPTIMUS SEVERUS/side_a/image01181.jpg,9d3e443844de0b9b85192d891aa12d30431611721d3260e6f74999b63776d4bc,label_conflict,,DIDIUS JULIANUS|SEPTIMUS SEVERUS
20_DIDIUS JULIANUS/side_a/image01189.jpg,38773348ee6f1a076c32feecd36ab9c940dc54107fc2d91024a1720f894d7229,label_conflict,,DIDIUS JULIANUS|SEPTIMUS SEVERUS
21_SEPTIMUS SEVERUS/side_a/image01189.jpg,38773348ee6f1a076c32feecd36ab9c940dc54107fc2d91024a1720f894d7229,label_conflict,,DIDIUS JULIANUS|SEPTIMUS SEVERUS
20_DIDIUS JULIANUS/side_a/image01190.jpg,a88ebc9c1707cfc4f7909bcc66e91874f8efc41a70bb5167e777db9f97b24c2a,label_conflict,,DIDIUS JULIANUS|SEPTIMUS SEVERUS
21_SEPTIMUS SEVERUS/side_a/image01190.jpg,a88ebc9c1707cfc4f7909bcc66e91874f8efc41a70bb5167e777db9f97b24c2a,label_conflict,,DIDIUS JULIANUS|SEPTIMUS SEVERUS
20_DIDIUS JULIANUS/side_a/image01191.jpg,684e738bc028d7453ce734b4d2b10e663e017c315642c0279054db6bca98e2d2,label_conflict,,DIDIUS JULIANUS|SEPTIMUS SEVERUS
21_SEPTIMUS SEVERUS/side_a/image01191.jpg,684e738bc028d7453ce734b4d2b10e663e017c315642c0279054db6bca98e2d2,label_conflict,,DIDIUS JULIANUS|SEPTIMUS SEVERUS
20_DIDIUS JULIANUS/side_a/image01192.jpg,27a9032fe13f276240f7b66985cbe4a866950a995274285ce21eb18428c07a62,label_conflict,,DIDIUS JULIANUS|SEPTIMUS SEVERUS
21_SEPTIMUS SEVERUS/side_a/image01192.jpg,27a9032fe13f276240f7b66985cbe4a866950a995274285ce21eb18428c07a62,label_conflict,,DIDIUS JULIANUS|SEPTIMUS SEVERUS
20_DIDIUS JULIANUS/side_a/image01199.jpg,a3e94d4930c9dde9295f18e1e4c26d050b186c28608721ba47215d2611dd2064,label_conflict,,DIDIUS JULIANUS|SEPTIMUS SEVERUS
21_SEPTIMUS SEVERUS/side_a/image01199.jpg,a3e94d4930c9dde9295f18e1e4c26d050b186c28608721ba47215d2611dd2064,label_conflict,,DIDIUS JULIANUS|SEPTIMUS SEVERUS
20_DIDIUS JULIANUS/side_a/image01200.jpg,dd2e25cac491157d97b1dc7f4b1c5497367f0de710c8d825cc7e99d95e550d6e,label_conflict,,DIDIUS JULIANUS|SEPTIMUS SEVERUS
21_SEPTIMUS SEVERUS/side_a/image01200.jpg,dd2e25cac491157d97b1dc7f4b1c5497367f0de710c8d825cc7e99d95e550d6e,label_conflict,,DIDIUS JULIANUS|SEPTIMUS SEVERUS
20_DIDIUS JULIANUS/side_a/image01210.jpg,7d6cd5b6b0da15640b97f5c2149c406431ba48577c324a005c1d07e91f86ba8b,label_conflict,,DIDIUS JULIANUS|SEPTIMUS SEVERUS
21_SEPTIMUS SEVERUS/side_a/image01210.jpg,7d6cd5b6b0da15640b97f5c2149c406431ba48577c324a005c1d07e91f86ba8b,label_conflict,,DIDIUS JULIANUS|SEPTIMUS SEVERUS
20_DIDIUS JULIANUS/side_a/image01222.jpg,7e6035356bf8c827c1a1861b54d5759dd9ad557466f7e6e7095b301be4532f9d,label_conflict,,DIDIUS JULIANUS|SEPTIMUS SEVERUS
21_SEPTIMUS SEVERUS/side_a/image01222.jpg,7e6035356bf8c827c1a1861b54d5759dd9ad557466f7e6e7095b301be4532f9d,label_conflict,,DIDIUS JULIANUS|SEPTIMUS SEVERUS
20_DIDIUS JULIANUS/side_a/image01223.jpg,d75330c64377bc664b43a23fe49d674eab4f562ae275d573acfe1411d06d9e20,label_conflict,,DIDIUS JULIANUS|SEPTIMUS SEVERUS
21_SEPTIMUS SEVERUS/side_a/image01223.jpg,d75330c64377bc664b43a23fe49d674eab4f562ae275d573acfe1411d06d9e20,label_conflict,,DIDIUS JULIANUS|SEPTIMUS SEVERUS
20_DIDIUS JULIANUS/side_a/image01237.jpg,348462c33e9db9d02ad8ead4872f46e54c9af6579ea26eafc0e2af701368d4f0,label_conflict,,DIDIUS JULIANUS|SEPTIMUS SEVERUS
21_SEPTIMUS SEVERUS/side_a/image01237.jpg,348462c33e9db9d02ad8ead4872f46e54c9af6579ea26eafc0e2af701368d4f0,label_conflict,,DIDIUS JULIANUS|SEPTIMUS SEVERUS
20_DIDIUS JULIANUS/side_a/image01238.jpg,8fb3984389d492877bf547c6c6b0c1f1c10c5b35281b45bf7a149361f4ea6d2a,label_conflict,,DIDIUS JULIANUS|SEPTIMUS SEVERUS
21_SEPTIMUS SEVERUS/side_a/image01238.jpg,8fb3984389d492877bf547c6c6b0c1f1c10c5b35281b45bf7a149361f4ea6d2a,label_conflict,,DIDIUS JULIANUS|SEPTIMUS SEVERUS
20_DIDIUS JULIANUS/side_a/image01239.jpg,f211f154ffe21bb278ae2fc4c58ae0cd0794f285362c37c60086b1aa0107fdcc,label_conflict,,DIDIUS JULIANUS|SEPTIMUS SEVERUS
21_SEPTIMUS SEVERUS/side_a/image01239.jpg,f211f154ffe21bb278ae2fc4c58ae0cd0794f285362c37c60086b1aa0107fdcc,label_conflict,,DIDIUS JULIANUS|SEPTIMUS SEVERUS
20_DIDIUS JULIANUS/side_a/image01275.jpg,65b3d769b9a8a5093ee1b1ca5458f37d728a9c7ddfc5554b8f0aa1d7f87882a2,label_conflict,,DIDIUS JULIANUS|SEPTIMUS SEVERUS
21_SEPTIMUS SEVERUS/side_a/image01275.jpg,65b3d769b9a8a5093ee1b1ca5458f37d728a9c7ddfc5554b8f0aa1d7f87882a2,label_conflict,,DIDIUS JULIANUS|SEPTIMUS SEVERUS
20_DIDIUS JULIANUS/side_a/image01280.jpg,228b14ff7cc0d6d523b2951ca816c177332a0c3392ed1f5107103b7ee1026675,label_conflict,,DIDIUS JULIANUS|SEPTIMUS SEVERUS
21_SEPTIMUS SEVERUS/side_a/image01280.jpg,228b14ff7cc0d6d523b2951ca816c177332a0c3392ed1f5107103b7ee1026675,label_conflict,,DIDIUS JULIANUS|SEPTIMUS SEVERUS
20_DIDIUS JULIANUS/side_a/image01289.jpg,ee7ff05d4260424413e3e3ed02cf71c4e3dccdee8b16ad4047f07c3cb1dfaa74,label_conflict,,DIDIUS JULIANUS|SEPTIMUS SEVERUS
21_SEPTIMUS SEVERUS/side_a/image01289.jpg,ee7ff05d4260424413e3e3ed02cf71c4e3dccdee8b16ad4047f07c3cb1dfaa74,label_conflict,,DIDIUS JULIANUS|SEPTIMUS SEVERUS
20_DIDIUS JULIANUS/side_a/image01290.jpg,250e923bab10a1da24903286e6dc5a54010e919d3ee137c9555b4d599f11ce62,label_conflict,,DIDIUS JULIANUS|SEPTIMUS SEVERUS
21_SEPTIMUS SEVERUS/side_a/image01290.jpg,250e923bab10a1da24903286e6dc5a54010e919d3ee137c9555b4d599f11ce62,label_conflict,,DIDIUS JULIANUS|SEPTIMUS SEVERUS
20_DIDIUS JULIANUS/side_a/image01310.jpg,dc8848fac51d2f0f1fe4fa24eef5ae75892763238c1eb77b5130a77764519612,label_conflict,,DIDIUS JULIANUS|SEPTIMUS SEVERUS
21_SEPTIMUS SEVERUS/side_a/image01310.jpg,dc8848fac51d2f0f1fe4fa24eef5ae75892763238c1eb77b5130a77764519612,label_conflict,,DIDIUS JULIANUS|SEPTIMUS SEVERUS
20_DIDIUS JULIANUS/side_a/image01333.jpg,d6bbba9d408409e005cead7985a8259490106d402b89336c15cd63cb5ad75567,label_conflict,,DIDIUS JULIANUS|SEPTIMUS SEVERUS
21_SEPTIMUS SEVERUS/side_a/image01333.jpg,d6bbba9d408409e005cead7985a8259490106d402b89336c15cd63cb5ad75567,label_conflict,,DIDIUS JULIANUS|SEPTIMUS SEVERUS
20_DIDIUS JULIANUS/side_a/image01334.jpg,5e7db11952e25a02a655c6b4568fa09b1dbc6f8c08377f126b8d1f26c7835c6a,label_conflict,,DIDIUS JULIANUS|SEPTIMUS SEVERUS
21_SEPTIMUS SEVERUS/side_a/image01334.jpg,5e7db11952e25a02a655c6b4568fa09b1dbc6f8c08377f126b8d1f26c7835c6a,label_conflict,,DIDIUS JULIANUS|SEPTIMUS SEVERUS
20_DIDIUS JULIANUS/side_a/image01336.jpg,6666592cea6207a56320593c56b0ececc626082bd7cfd17d8ca752c3a7da25b2,label_conflict,,DIDIUS JULIANUS|SEPTIMUS SEVERUS
21_SEPTIMUS SEVERUS/side_a/image01336.jpg,6666592cea6207a56320593c56b0ececc626082bd7cfd17d8ca752c3a7da25b2,label_conflict,,DIDIUS JULIANUS|SEPTIMUS SEVERUS
20_DIDIUS JULIANUS/side_a/image01346.jpg,93ab10d864a38cfd5cf0f42da887754246b1c6617202eee13aba009e3e1feddf,label_conflict,,DIDIUS JULIANUS|SEPTIMUS SEVERUS
21_SEPTIMUS SEVERUS/side_a/image01346.jpg,93ab10d864a38cfd5cf0f42da887754246b1c6617202eee13aba009e3e1feddf,label_conflict,,DIDIUS JULIANUS|SEPTIMUS SEVERUS
20_DIDIUS JULIANUS/side_a/image01347.jpg,793de5104cb1d1ed0413f53d1e2604d90d96ebe7bb8fabce775c148e2b3eef17,label_conflict,,DIDIUS JULIANUS|SEPTIMUS SEVERUS
21_SEPTIMUS SEVERUS/side_a/image01347.jpg,793de5104cb1d1ed0413f53d1e2604d90d96ebe7bb8fabce775c148e2b3eef17,label_conflict,,DIDIUS JULIANUS|SEPTIMUS SEVERUS
20_DIDIUS JULIANUS/side_a/image01361.jpg,b1c4c67dd13b92feb9dd76a1c00ded284aa38acd6c2fd4c536180592de596400,label_conflict,,DIDIUS JULIANUS|SEPTIMUS SEVERUS
21_SEPTIMUS SEVERUS/side_a/image01361.jpg,b1c4c67dd13b92feb9dd76a1c00ded284aa38acd6c2fd4c536180592de596400,label_conflict,,DIDIUS JULIANUS|SEPTIMUS SEVERUS
20_DIDIUS JULIANUS/side_a/image01388.jpg,559e88dafb9d49c761f566613e1ae05d4284f80c3047fd9d7be05d51d433f7b0,label_conflict,,DIDIUS JULIANUS|SEPTIMUS SEVERUS
21_SEPTIMUS SEVERUS/side_a/image01388.jpg,559e88dafb9d49c761f566613e1ae05d4284f80c3047fd9d7be05d51d433f7b0,label_conflict,,DIDIUS JULIANUS|SEPTIMUS SEVERUS
20_DIDIUS JULIANUS/side_a/image01396.jpg,70d0440660de0f1228ea7e7f45a8c44bfe3c0d1ff3b4a4ca6ac2bd810412e25c,label_conflict,,DIDIUS JULIANUS|SEPTIMUS SEVERUS
21_SEPTIMUS SEVERUS/side_a/image01396.jpg,70d0440660de0f1228ea7e7f45a8c44bfe3c0d1ff3b4a4ca6ac2bd810412e25c,label_conflict,,DIDIUS JULIANUS|SEPTIMUS SEVERUS
20_DIDIUS JULIANUS/side_a/image01429.jpg,3f9f5ed1de53e3a60aa2e7f370d81eee602ce6fdaf13eb2aa2311d93c2c1efb4,label_conflict,,DIDIUS JULIANUS|SEPTIMUS SEVERUS
21_SEPTIMUS SEVERUS/side_a/image01429.jpg,3f9f5ed1de53e3a60aa2e7f370d81eee602ce6fdaf13eb2aa2311d93c2c1efb4,label_conflict,,DIDIUS JULIANUS|SEPTIMUS SEVERUS
20_DIDIUS JULIANUS/side_a/image01450.jpg,cdb0e14855478f3a9171f08df0ea38e44a491f1b6b9c72d42a228b9805cb5ab8,label_conflict,,DIDIUS JULIANUS|SEPTIMUS SEVERUS
21_SEPTIMUS SEVERUS/side_a/image01450.jpg,cdb0e14855478f3a9171f08df0ea38e44a491f1b6b9c72d42a228b9805cb5ab8,label_conflict,,DIDIUS JULIANUS|SEPTIMUS SEVERUS
20_DIDIUS JULIANUS/side_a/image01451.jpg,6367ef337a43b379247312de63d896edfc4bb6a07118ebaa98299ea8adf7c8a7,label_conflict,,DIDIUS JULIANUS|SEPTIMUS SEVERUS
21_SEPTIMUS SEVERUS/side_a/image01451.jpg,6367ef337a43b379247312de63d896edfc4bb6a07118ebaa98299ea8adf7c8a7,label_conflict,,DIDIUS JULIANUS|SEPTIMUS SEVERUS
20_DIDIUS JULIANUS/side_a/image01487.jpg,7f6b7d2117860a01cf772b9e6baa8b22f237e826d184c85bf7317daa7a68afeb,label_conflict,,DIDIUS JULIANUS|SEPTIMUS SEVERUS
21_SEPTIMUS SEVERUS/side_a/image01487.jpg,7f6b7d2117860a01cf772b9e6baa8b22f237e826d184c85bf7317daa7a68afeb,label_conflict,,DIDIUS JULIANUS|SEPTIMUS SEVERUS
20_DIDIUS JULIANUS/side_a/image01512.jpg,0262945a763d56aa97891a51c683fdf4bcc343050dabd408c97539e0f1b69edd,label_conflict,,DIDIUS JULIANUS|SEPTIMUS SEVERUS
21_SEPTIMUS SEVERUS/side_a/image01512.jpg,0262945a763d56aa97891a51c683fdf4bcc343050dabd408c97539e0f1b69edd,label_conflict,,DIDIUS JULIANUS|SEPTIMUS SEVERUS
20_DIDIUS JULIANUS/side_a/image01518.jpg,ce51b93443b937e98732d84e364fd5a7aee81db45ac3678c9c1fc9bf48530f3a,label_conflict,,DIDIUS JULIANUS|SEPTIMUS SEVERUS
21_SEPTIMUS SEVERUS/side_a/image01518.jpg,ce51b93443b937e98732d84e364fd5a7aee81db45ac3678c9c1fc9bf48530f3a,label_conflict,,DIDIUS JULIANUS|SEPTIMUS SEVERUS
20_DIDIUS JULIANUS/side_a/image01519.jpg,5334ca9e448a456dedb79c9798dcfc854e3dd462a296e90fe813459eb959ce33,label_conflict,,DIDIUS JULIANUS|SEPTIMUS SEVERUS
21_SEPTIMUS SEVERUS/side_a/image01519.jpg,5334ca9e448a456dedb79c9798dcfc854e3dd462a296e90fe813459eb959ce33,label_conflict,,DIDIUS JULIANUS|SEPTIMUS SEVERUS
20_DIDIUS JULIANUS/side_a/image01520.jpg,f90489a8f5980b0059b612b6daf56ca08efb8e96593bb6a34a99ac92d5f1fdea,label_conflict,,DIDIUS JULIANUS|SEPTIMUS SEVERUS
21_SEPTIMUS SEVERUS/side_a/image01520.jpg,f90489a8f5980b0059b612b6daf56ca08efb8e96593bb6a34a99ac92d5f1fdea,label_conflict,,DIDIUS JULIANUS|SEPTIMUS SEVERUS
20_DIDIUS JULIANUS/side_a/image01525.jpg,e2bfa2142a86d4cd17ca4d21a7903f00f46641a7037d6fa11621e5f4e6ca6ee4,label_conflict,,DIDIUS JULIANUS|SEPTIMUS SEVERUS
21_SEPTIMUS SEVERUS/side_a/image01525.jpg,e2bfa2142a86d4cd17ca4d21a7903f00f46641a7037d6fa11621e5f4e6ca6ee4,label_conflict,,DIDIUS JULIANUS|SEPTIMUS SEVERUS
20_DIDIUS JULIANUS/side_a/image01528.jpg,794cd44483d582b1cb6d76c4d1aa420c0685fff3c6d49ecb65cfa4b0dfff5811,label_conflict,,DIDIUS JULIANUS|SEPTIMUS SEVERUS
21_SEPTIMUS SEVERUS/side_a/image01528.jpg,794cd44483d582b1cb6d76c4d1aa420c0685fff3c6d49ecb65cfa4b0dfff5811,label_conflict,,DIDIUS JULIANUS|SEPTIMUS SEVERUS
20_DIDIUS JULIANUS/side_a/image01529.jpg,c57be6e2d56feab8666b1e3355c571e8cf415f060f152f187f394efd2a5ee714,label_conflict,,DIDIUS JULIANUS|SEPTIMUS SEVERUS
21_SEPTIMUS SEVERUS/side_a/image01529.jpg,c57be6e2d56feab8666b1e3355c571e8cf415f060f152f187f394efd2a5ee714,label_conflict,,DIDIUS JULIANUS|SEPTIMUS SEVERUS
20_DIDIUS JULIANUS/side_a/image01530.jpg,8af9411cf9e4107b840f7bcbd52fda1bd75bdd54486fda9185236b5ff4950a70,label_conflict,,DIDIUS JULIANUS|SEPTIMUS SEVERUS
21_SEPTIMUS SEVERUS/side_a/image01530.jpg,8af9411cf9e4107b840f7bcbd52fda1bd75bdd54486fda9185236b5ff4950a70,label_conflict,,DIDIUS JULIANUS|SEPTIMUS SEVERUS
20_DIDIUS JULIANUS/side_a/image01552.jpg,9cd2f9a28a3de974030e119bf3aeb374bcb061aacc144e44f1b234e95ede83a7,label_conflict,,DIDIUS JULIANUS|SEPTIMUS SEVERUS
21_SEPTIMUS SEVERUS/side_a/image01552.jpg,9cd2f9a28a3de974030e119bf3aeb374bcb061aacc144e44f1b234e95ede83a7,label_conflict,,DIDIUS JULIANUS|SEPTIMUS SEVERUS
20_DIDIUS JULIANUS/side_a/image01553.jpg,8549187c73a148edc98d5ae573178b6d846da3be573d3f3e338629b32c18ab6a,label_conflict,,DIDIUS JULIANUS|SEPTIMUS SEVERUS
21_SEPTIMUS SEVERUS/side_a/image01553.jpg,8549187c73a148edc98d5ae573178b6d846da3be573d3f3e338629b32c18ab6a,label_conflict,,DIDIUS JULIANUS|SEPTIMUS SEVERUS
20_DIDIUS JULIANUS/side_a/image01554.jpg,2c85c2e2f40befcfa735875186ed8bb5b55629507a8e85ba5d6de5074f6c7aae,label_conflict,,DIDIUS JULIANUS|SEPTIMUS SEVERUS
21_SEPTIMUS SEVERUS/side_a/image01554.jpg,2c85c2e2f40befcfa735875186ed8bb5b55629507a8e85ba5d6de5074f6c7aae,label_conflict,,DIDIUS JULIANUS|SEPTIMUS SEVERUS
20_DIDIUS JULIANUS/side_a/image01555.jpg,f185e1a37a0a7dba5023c21b63ecda463345c3424257e4c76b30ad17ac5d58b2,label_conflict,,DIDIUS JULIANUS|SEPTIMUS SEVERUS
21_SEPTIMUS SEVERUS/side_a/image01555.jpg,f185e1a37a0a7dba5023c21b63ecda463345c3424257e4c76b30ad17ac5d58b2,label_conflict,,DIDIUS JULIANUS|SEPTIMUS SEVERUS
20_DIDIUS JULIANUS/side_a/image01557 (1).jpg,8a269d6d51ad90bb965c7f3f1079259f715ef9bf52aed3e3d0dc03bbf181b4e3,label_conflict,,DIDIUS JULIANUS|SEPTIMUS SEVERUS
21_SEPTIMUS SEVERUS/side_a/image01557 (1).jpg,8a269d6d51ad90bb965c7f3f1079259f715ef9bf52aed3e3d0dc03bbf181b4e3,label_conflict,,DIDIUS JULIANUS|SEPTIMUS SEVERUS
20_DIDIUS JULIANUS/side_a/image01564.jpg,65c53f953adbf90620ead15f449bce420f103fdbc23d76393f6053f13f72b478,label_conflict,,DIDIUS JULIANUS|SEPTIMUS SEVERUS
21_SEPTIMUS SEVERUS/side_a/image01564.jpg,65c53f953adbf90620ead15f449bce420f103fdbc23d76393f6053f13f72b478,label_conflict,,DIDIUS JULIANUS|SEPTIMUS SEVERUS
20_DIDIUS JULIANUS/side_a/image01596.jpg,9bd84bf504cacf97209f84a5286f030393fdb37cfd8abe9e88bd1076b9f145cf,label_conflict,,DIDIUS JULIANUS|SEPTIMUS SEVERUS
21_SEPTIMUS SEVERUS/side_a/image01596.jpg,9bd84bf504cacf97209f84a5286f030393fdb37cfd8abe9e88bd1076b9f145cf,label_conflict,,DIDIUS JULIANUS|SEPTIMUS SEVERUS
20_DIDIUS JULIANUS/side_a/image01597.jpg,af81a7364a349bf668e71fa258cc699786632d4e56918dd6ec7a5898b77e743a,label_conflict,,DIDIUS JULIANUS|SEPTIMUS SEVERUS
21_SEPTIMUS SEVERUS/side_a/image01597.jpg,af81a7364a349bf668e71fa258cc699786632d4e56918dd6ec7a5898b77e743a,label_conflict,,DIDIUS JULIANUS|SEPTIMUS SEVERUS
20_DIDIUS JULIANUS/side_a/image01603.jpg,927537d1180105563273c958e50430eeca2e32b9cd26f960ed385b67a1844aef,label_conflict,,DIDIUS JULIANUS|SEPTIMUS SEVERUS
21_SEPTIMUS SEVERUS/side_a/image01603.jpg,927537d1180105563273c958e50430eeca2e32b9cd26f960ed385b67a1844aef,label_conflict,,DIDIUS JULIANUS|SEPTIMUS SEVERUS
20_DIDIUS JULIANUS/side_a/image01605.jpg,950ff6284d15344413d55deb65fdd88f2fa2e04b8e0288dcbcf60fd639078562,label_conflict,,DIDIUS JULIANUS|SEPTIMUS SEVERUS
21_SEPTIMUS SEVERUS/side_a/image01605.jpg,950ff6284d15344413d55deb65fdd88f2fa2e04b8e0288dcbcf60fd639078562,label_conflict,,DIDIUS JULIANUS|SEPTIMUS SEVERUS
20_DIDIUS JULIANUS/side_a/image01606.jpg,039f30f1f8020b62ae3d7d89b59f458e8c64584193662dc5a14721c8ab4d80f0,label_conflict,,DIDIUS JULIANUS|SEPTIMUS SEVERUS
21_SEPTIMUS SEVERUS/side_a/image01606.jpg,039f30f1f8020b62ae3d7d89b59f458e8c64584193662dc5a14721c8ab4d80f0,label_conflict,,DIDIUS JULIANUS|SEPTIMUS SEVERUS
20_DIDIUS JULIANUS/side_a/image01612 (1).jpg,d7224206f6c3074cba9704f1f7e6d2c29149b7402d3058dbf2366ab128d5fa1c,label_conflict,,DIDIUS JULIANUS|SEPTIMUS SEVERUS
21_SEPTIMUS SEVERUS/side_a/image01612 (1).jpg,d7224206f6c3074cba9704f1f7e6d2c29149b7402d3058dbf2366ab128d5fa1c,label_conflict,,DIDIUS JULIANUS|SEPTIMUS SEVERUS
20_DIDIUS JULIANUS/side_a/image01620.jpg,a425bf632a06d388e1ee5679a93411cdeff81f2f665de60a91206b0a90ad541e,label_conflict,,DIDIUS JULIANUS|SEPTIMUS SEVERUS
21_SEPTIMUS SEVERUS/side_a/image01620.jpg,a425bf632a06d388e1ee5679a93411cdeff81f2f665de60a91206b0a90ad541e,label_conflict,,DIDIUS JULIANUS|SEPTIMUS SEVERUS
20_DIDIUS JULIANUS/side_a/image01622.jpg,913c3a39563f50669ded0ace90f5de077b2ffd2f8de627b2444c0c5511d8943c,label_conflict,,DIDIUS JULIANUS|SEPTIMUS SEVERUS
21_SEPTIMUS SEVERUS/side_a/image01622.jpg,913c3a39563f50669ded0ace90f5de077b2ffd2f8de627b2444c0c5511d8943c,label_conflict,,DIDIUS JULIANUS|SEPTIMUS SEVERUS
20_DIDIUS JULIANUS/side_a/image01626.jpg,353def2e4e3254236a2bd1c440e45f9b78d05b8d5d396bd2fbec96fff51ca131,label_conflict,,DIDIUS JULIANUS|SEPTIMUS SEVERUS
21_SEPTIMUS SEVERUS/side_a/image01626.jpg,353def2e4e3254236a2bd1c440e45f9b78d05b8d5d396bd2fbec96fff51ca131,label_conflict,,DIDIUS JULIANUS|SEPTIMUS SEVERUS
20_DIDIUS JULIANUS/side_a/image01645.jpg,0485046f996fa779396cb055f81c7f7f50414688efc658e26f1bbcfbc87c59e2,label_conflict,,DIDIUS JULIANUS|SEPTIMUS SEVERUS
21_SEPTIMUS SEVERUS/side_a/image01645.jpg,0485046f996fa779396cb055f81c7f7f50414688efc658e26f1bbcfbc87c59e2,label_conflict,,DIDIUS JULIANUS|SEPTIMUS SEVERUS
20_DIDIUS JULIANUS/side_a/image01655.jpg,fcad038eecfff44af6bc98a6b3e112855aa30ca4fa25d459d7d791218eebab4c,label_conflict,,DIDIUS JULIANUS|SEPTIMUS SEVERUS
21_SEPTIMUS SEVERUS/side_a/image01655.jpg,fcad038eecfff44af6bc98a6b3e112855aa30ca4fa25d459d7d791218eebab4c,label_conflict,,DIDIUS JULIANUS|SEPTIMUS SEVERUS
20_DIDIUS JULIANUS/side_a/image01725.jpg,cd51c7a195f3ed286dbd21577270c203b3837cf79e22457dc0c7a5c8f05151ac,label_conflict,,DIDIUS JULIANUS|SEPTIMUS SEVERUS
21_SEPTIMUS SEVERUS/side_a/image01725.jpg,cd51c7a195f3ed286dbd21577270c203b3837cf79e22457dc0c7a5c8f05151ac,label_conflict,,DIDIUS JULIANUS|SEPTIMUS SEVERUS
20_DIDIUS JULIANUS/side_a/image01739.jpg,88ddae1e7af8e084eb84f5d64520d98cea3a88c620043fa9f4d2683610c994b8,label_conflict,,DIDIUS JULIANUS|SEPTIMUS SEVERUS
21_SEPTIMUS SEVERUS/side_a/image01739.jpg,88ddae1e7af8e084eb84f5d64520d98cea3a88c620043fa9f4d2683610c994b8,label_conflict,,DIDIUS JULIANUS|SEPTIMUS SEVERUS
20_DIDIUS JULIANUS/side_a/image01842.jpg,e54602da41ddc0c5013be64bd752f59b79943b6572ce7f9b9060b310fa0b37ad,label_conflict,,DIDIUS JULIANUS|SEPTIMUS SEVERUS
21_SEPTIMUS SEVERUS/side_a/image01842.jpg,e54602da41ddc0c5013be64bd752f59b79943b6572ce7f9b9060b310fa0b37ad,label_conflict,,DIDIUS JULIANUS|SEPTIMUS SEVERUS
20_DIDIUS JULIANUS/side_a/image01843.jpg,56d8912520b30f36153b68495867717b6d4d7380f4dfe4acca860fecdc00bfff,label_conflict,,DIDIUS JULIANUS|SEPTIMUS SEVERUS
21_SEPTIMUS SEVERUS/side_a/image01843.jpg,56d8912520b30f36153b68495867717b6d4d7380f4dfe4acca860fecdc00bfff,label_conflict,,DIDIUS JULIANUS|SEPTIMUS SEVERUS
20_DIDIUS JULIANUS/side_a/image01891.jpg,d62edf52322089a361136e908298f9826ac24cd47c24bf4376da557bb2c3836d,label_conflict,,DIDIUS JULIANUS|SEPTIMUS SEVERUS
21_SEPTIMUS SEVERUS/side_a/image01891.jpg,d62edf52322089a361136e908298f9826ac24cd47c24bf4376da557bb2c3836d,label_conflict,,DIDIUS JULIANUS|SEPTIMUS SEVERUS
20_DIDIUS JULIANUS/side_a/image01909.jpg,87f368ff4d5cb0bc902f2566c4bcc0e188994bf51b65caf9d2258d1c6820cc64,label_conflict,,DIDIUS JULIANUS|SEPTIMUS SEVERUS
21_SEPTIMUS SEVERUS/side_a/image01909.jpg,87f368ff4d5cb0bc902f2566c4bcc0e188994bf51b65caf9d2258d1c6820cc64,label_conflict,,DIDIUS JULIANUS|SEPTIMUS SEVERUS
20_DIDIUS JULIANUS/side_a/image01931.jpg,110fd04a01c88524a1f07f88f411f684cbe5b068a6b96c51a3f8cef590fed8d0,label_conflict,,DIDIUS JULIANUS|SEPTIMUS SEVERUS
21_SEPTIMUS SEVERUS/side_a/image01931.jpg,110fd04a01c88524a1f07f88f411f684cbe5b068a6b96c51a3f8cef590fed8d0,label_conflict,,DIDIUS JULIANUS|SEPTIMUS SEVERUS
20_DIDIUS JULIANUS/side_a/image01932.jpg,c41eb05586b9ff485579dce34ed36946dad35aac6b441faeeefe05d818aa56f2,label_conflict,,DIDIUS JULIANUS|SEPTIMUS SEVERUS
21_SEPTIMUS SEVERUS/side_a/image01932.jpg,c41eb05586b9ff485579dce34ed36946dad35aac6b441faeeefe05d818aa56f2,label_conflict,,DIDIUS JULIANUS|SEPTIMUS SEVERUS
20_DIDIUS JULIANUS/side_a/image01966.jpg,2d80e329f55cec602c735db74248fef54bea9301f789f465de47b662b72eb4bd,label_conflict,,DIDIUS JULIANUS|SEPTIMUS SEVERUS
21_SEPTIMUS SEVERUS/side_a/image01966.jpg,2d80e329f55cec602c735db74248fef54bea9301f789f465de47b662b72eb4bd,label_conflict,,DIDIUS JULIANUS|SEPTIMUS SEVERUS
20_DIDIUS JULIANUS/side_a/image01990.jpg,0742626054009343a3c45cb586aae27159a6d58d26799e07ed900c32d26190a8,label_conflict,,DIDIUS JULIANUS|SEPTIMUS SEVERUS
21_SEPTIMUS SEVERUS/side_a/image01990.jpg,0742626054009343a3c45cb586aae27159a6d58d26799e07ed900c32d26190a8,label_conflict,,DIDIUS JULIANUS|SEPTIMUS SEVERUS
20_DIDIUS JULIANUS/side_a/image02042.jpg,61d7c51eb2ca877bd1cbb633f38df9b987f6cdb76ca98edd699f22ed6f8d2d78,label_conflict,,DIDIUS JULIANUS|SEPTIMUS SEVERUS
21_SEPTIMUS SEVERUS/side_a/image02042.jpg,61d7c51eb2ca877bd1cbb633f38df9b987f6cdb76ca98edd699f22ed6f8d2d78,label_conflict,,DIDIUS JULIANUS|SEPTIMUS SEVERUS
20_DIDIUS JULIANUS/side_a/image02051.jpg,4f6f8e0aa35525ab9e1d9349ce2ce6d90ca35f33bbe07c0330cae6066e5af851,label_conflict,,DIDIUS JULIANUS|SEPTIMUS SEVERUS
21_SEPTIMUS SEVERUS/side_a/image02051.jpg,4f6f8e0aa35525ab9e1d9349ce2ce6d90ca35f33bbe07c0330cae6066e5af851,label_conflict,,DIDIUS JULIANUS|SEPTIMUS SEVERUS
20_DIDIUS JULIANUS/side_a/image02055.jpg,9ac9f9caf17b7eb6d21f50c87a9f86d63027bcf5b9f6b555733e1df912b087db,label_conflict,,DIDIUS JULIANUS|SEPTIMUS SEVERUS
21_SEPTIMUS SEVERUS/side_a/image02055.jpg,9ac9f9caf17b7eb6d21f50c87a9f86d63027bcf5b9f6b555733e1df912b087db,label_conflict,,DIDIUS JULIANUS|SEPTIMUS SEVERUS
20_DIDIUS JULIANUS/side_a/image02085.jpg,927d9212280c25ac946735e5a75c22aeaecfa81504b9cc21ac0398fe4880bafb,label_conflict,,DIDIUS JULIANUS|SEPTIMUS SEVERUS
21_SEPTIMUS SEVERUS/side_a/image02085.jpg,927d9212280c25ac946735e5a75c22aeaecfa81504b9cc21ac0398fe4880bafb,label_conflict,,DIDIUS JULIANUS|SEPTIMUS SEVERUS
20_DIDIUS JULIANUS/side_a/image02134.jpg,eba094284418b470a82bb154ad408cca8dc2a5c726317f6d066b8311681e46d1,label_conflict,,DIDIUS JULIANUS|SEPTIMUS SEVERUS
21_SEPTIMUS SEVERUS/side_a/image02134.jpg,eba094284418b470a82bb154ad408cca8dc2a5c726317f6d066b8311681e46d1,label_conflict,,DIDIUS JULIANUS|SEPTIMUS SEVERUS
20_DIDIUS JULIANUS/side_a/image02135.jpg,d6e00f6b18820d4fab285f3e68b805ae7e0cdbc9676726ccd666305127875468,label_conflict,,DIDIUS JULIANUS|SEPTIMUS SEVERUS
21_SEPTIMUS SEVERUS/side_a/image02135.jpg,d6e00f6b18820d4fab285f3e68b805ae7e0cdbc9676726ccd666305127875468,label_conflict,,DIDIUS JULIANUS|SEPTIMUS SEVERUS
20_DIDIUS JULIANUS/side_a/image02153.jpg,1fe745cd45cc53b72d783d2fe538bb2171230c88284f8972087b7c708d4bf296,label_conflict,,DIDIUS JULIANUS|SEPTIMUS SEVERUS
21_SEPTIMUS SEVERUS/side_a/image02153.jpg,1fe745cd45cc53b72d783d2fe538bb2171230c88284f8972087b7c708d4bf296,label_conflict,,DIDIUS JULIANUS|SEPTIMUS SEVERUS
20_DIDIUS JULIANUS/side_a/image02197.jpg,eb87267cf1cc2614bc4b3efcb8fc52991bc6538ed30223a66d214089cab415da,label_conflict,,DIDIUS JULIANUS|SEPTIMUS SEVERUS
21_SEPTIMUS SEVERUS/side_a/image02197.jpg,eb87267cf1cc2614bc4b3efcb8fc52991bc6538ed30223a66d214089cab415da,label_conflict,,DIDIUS JULIANUS|SEPTIMUS SEVERUS
20_DIDIUS JULIANUS/side_a/image02202.jpg,54d6e68d3cd55d012fa05ca80b1505707c877acbb454608c7e0c0f666bbd5cff,label_conflict,,DIDIUS JULIANUS|SEPTIMUS SEVERUS
21_SEPTIMUS SEVERUS/side_a/image02202.jpg,54d6e68d3cd55d012fa05ca80b1505707c877acbb454608c7e0c0f666bbd5cff,label_conflict,,DIDIUS JULIANUS|SEPTIMUS SEVERUS
20_DIDIUS JULIANUS/side_a/image02228.jpg,dd3830ca0ffed863ad88dd1e741d8ab16812a3203d2ee1c6e128c50e02431163,label_conflict,,DIDIUS JULIANUS|SEPTIMUS SEVERUS
21_SEPTIMUS SEVERUS/side_a/image02228.jpg,dd3830ca0ffed863ad88dd1e741d8ab16812a3203d2ee1c6e128c50e02431163,label_conflict,,DIDIUS JULIANUS|SEPTIMUS SEVERUS
20_DIDIUS JULIANUS/side_a/image02254.jpg,f91c1ec2a26128ca7c6766d4fdf95287a951d5c386b94073bc87ab3e32676510,label_conflict,,DIDIUS JULIANUS|SEPTIMUS SEVERUS
21_SEPTIMUS SEVERUS/side_a/image02254.jpg,f91c1ec2a26128ca7c6766d4fdf95287a951d5c386b94073bc87ab3e32676510,label_conflict,,DIDIUS JULIANUS|SEPTIMUS SEVERUS
20_DIDIUS JULIANUS/side_a/image02358.jpg,a82d26e548a56cfc61b5207ef316e02ec219b0c18a6716d08b64a3e4df1f95c4,label_conflict,,DIDIUS JULIANUS|SEPTIMUS SEVERUS
21_SEPTIMUS SEVERUS/side_a/image02358.jpg,a82d26e548a56cfc61b5207ef316e02ec219b0c18a6716d08b64a3e4df1f95c4,label_conflict,,DIDIUS JULIANUS|SEPTIMUS SEVERUS
20_DIDIUS JULIANUS/side_a/image02359.jpg,d0b2ef7f3d7daeb7ec21d2af48082dcd527ec63a36c87a8e8eff241c84315e8d,label_conflict,,DIDIUS JULIANUS|SEPTIMUS SEVERUS
21_SEPTIMUS SEVERUS/side_a/image02359.jpg,d0b2ef7f3d7daeb7ec21d2af48082dcd527ec63a36c87a8e8eff241c84315e8d,label_conflict,,DIDIUS JULIANUS|SEPTIMUS SEVERUS
20_DIDIUS JULIANUS/side_a/image02370.jpg,64e55bd957387a0614f84fabef7411ec49ce0222c7fe7d8ea42015e6ef9a9c85,label_conflict,,DIDIUS JULIANUS|SEPTIMUS SEVERUS
21_SEPTIMUS SEVERUS/side_a/image02370.jpg,64e55bd957387a0614f84fabef7411ec49ce0222c7fe7d8ea42015e6ef9a9c85,label_conflict,,DIDIUS JULIANUS|SEPTIMUS SEVERUS
20_DIDIUS JULIANUS/side_a/image02408.jpg,b4d65cd4bfd869767eeb9617c64abdf9bc3e96f2ad773364e2e21ca857bbf3dc,label_conflict,,DIDIUS JULIANUS|SEPTIMUS SEVERUS
21_SEPTIMUS SEVERUS/side_a/image02408.jpg,b4d65cd4bfd869767eeb9617c64abdf9bc3e96f2ad773364e2e21ca857bbf3dc,label_conflict,,DIDIUS JULIANUS|SEPTIMUS SEVERUS
20_DIDIUS JULIANUS/side_a/image02506.jpg,4b20abd535725a7ac231c0a501c09c7d9c499362776c30ccd84f566ba2236970,label_conflict,,DIDIUS JULIANUS|SEPTIMUS SEVERUS
21_SEPTIMUS SEVERUS/side_a/image02506.jpg,4b20abd535725a7ac231c0a501c09c7d9c499362776c30ccd84f566ba2236970,label_conflict,,DIDIUS JULIANUS|SEPTIMUS SEVERUS
20_DIDIUS JULIANUS/side_a/image02525.jpg,1c14866c5d59c6ecaf323444597a787b753a01d23416aa2d505f631553562783,label_conflict,,DIDIUS JULIANUS|SEPTIMUS SEVERUS
21_SEPTIMUS SEVERUS/side_a/image02525.jpg,1c14866c5d59c6ecaf323444597a787b753a01d23416aa2d505f631553562783,label_conflict,,DIDIUS JULIANUS|SEPTIMUS SEVERUS
20_DIDIUS JULIANUS/side_a/image02583.jpg,df3c0fa8f7479a8c1060aec3c58921285a299631c82fb392b59d96ed1d98fd23,label_conflict,,DIDIUS JULIANUS|SEPTIMUS SEVERUS
21_SEPTIMUS SEVERUS/side_a/image02583.jpg,df3c0fa8f7479a8c1060aec3c58921285a299631c82fb392b59d96ed1d98fd23,label_conflict,,DIDIUS JULIANUS|SEPTIMUS SEVERUS
20_DIDIUS JULIANUS/side_a/image02617.jpg,cad1e93676ae4eb3814dab647c5ae009d5404c27cf1db8c807d1262633bbb5d9,label_conflict,,DIDIUS JULIANUS|SEPTIMUS SEVERUS
21_SEPTIMUS SEVERUS/side_a/image02617.jpg,cad1e93676ae4eb3814dab647c5ae009d5404c27cf1db8c807d1262633bbb5d9,label_conflict,,DIDIUS JULIANUS|SEPTIMUS SEVERUS
20_DIDIUS JULIANUS/side_a/image02632.jpg,6ee966f95a86f031d1a7d33b87818c2b33b13cb52cdde63a80b8eab04ceaa0a3,label_conflict,,DIDIUS JULIANUS|SEPTIMUS SEVERUS
21_SEPTIMUS SEVERUS/side_a/image02632.jpg,6ee966f95a86f031d1a7d33b87818c2b33b13cb52cdde63a80b8eab04ceaa0a3,label_conflict,,DIDIUS JULIANUS|SEPTIMUS SEVERUS
20_DIDIUS JULIANUS/side_a/image02633.jpg,89971d89e6e1a47f2820bf74ccb7eba411352c60181de99c0a2d6e2608ef30ce,label_conflict,,DIDIUS JULIANUS|SEPTIMUS SEVERUS
21_SEPTIMUS SEVERUS/side_a/image02633.jpg,89971d89e6e1a47f2820bf74ccb7eba411352c60181de99c0a2d6e2608ef30ce,label_conflict,,DIDIUS JULIANUS|SEPTIMUS SEVERUS
20_DIDIUS JULIANUS/side_a/image02732.jpg,ae59a7f8729fed62bcdfe20474fae400e9b5880654489ec8d99ccc6aeb3a7ebd,label_conflict,,DIDIUS JULIANUS|SEPTIMUS SEVERUS
21_SEPTIMUS SEVERUS/side_a/image02732.jpg,ae59a7f8729fed62bcdfe20474fae400e9b5880654489ec8d99ccc6aeb3a7ebd,label_conflict,,DIDIUS JULIANUS|SEPTIMUS SEVERUS
20_DIDIUS JULIANUS/side_a/image02733.jpg,90514f1d8b3fd832c5cbd3821ac59caa46351728143971ecb4dd084f62cae8b8,label_conflict,,DIDIUS JULIANUS|SEPTIMUS SEVERUS
21_SEPTIMUS SEVERUS/side_a/image02733.jpg,90514f1d8b3fd832c5cbd3821ac59caa46351728143971ecb4dd084f62cae8b8,label_conflict,,DIDIUS JULIANUS|SEPTIMUS SEVERUS
20_DIDIUS JULIANUS/side_a/image02735.jpg,59f879071648e91929af805e0286621990a8cce87291ae3d52ffe2a9a6984fbb,label_conflict,,DIDIUS JULIANUS|SEPTIMUS SEVERUS
21_SEPTIMUS SEVERUS/side_a/image02735.jpg,59f879071648e91929af805e0286621990a8cce87291ae3d52ffe2a9a6984fbb,label_conflict,,DIDIUS JULIANUS|SEPTIMUS SEVERUS
20_DIDIUS JULIANUS/side_a/image02736.jpg,bcd37fbe5b2858bf98c80a1c97fd713e4e3d4dd9b326ba9e771609a674367cbd,label_conflict,,DIDIUS JULIANUS|SEPTIMUS SEVERUS
21_SEPTIMUS SEVERUS/side_a/image02736.jpg,bcd37fbe5b2858bf98c80a1c97fd713e4e3d4dd9b326ba9e771609a674367cbd,label_conflict,,DIDIUS JULIANUS|SEPTIMUS SEVERUS
20_DIDIUS JULIANUS/side_a/image02737.jpg,a27c1246d165c14e41625c76639818bce0a216c73c85e9eabd3cc9db3ae8ff61,label_conflict,,DIDIUS JULIANUS|SEPTIMUS SEVERUS
21_SEPTIMUS SEVERUS/side_a/image02737.jpg,a27c1246d165c14e41625c76639818bce0a216c73c85e9eabd3cc9db3ae8ff61,label_conflict,,DIDIUS JULIANUS|SEPTIMUS SEVERUS
20_DIDIUS JULIANUS/side_a/image02792.jpg,df26ac039a07f26310ba78ac197388c4cf87aa2eba039cd059c2ad7a07afc0dc,label_conflict,,DIDIUS JULIANUS|SEPTIMUS SEVERUS
21_SEPTIMUS SEVERUS/side_a/image02792.jpg,df26ac039a07f26310ba78ac197388c4cf87aa2eba039cd059c2ad7a07afc0dc,label_conflict,,DIDIUS JULIANUS|SEPTIMUS SEVERUS
20_DIDIUS JULIANUS/side_a/image02831.jpg,2f191c4340842dc962c9ac3a1204c3d309795562be1fb44c4d7656ef086d8621,label_conflict,,DIDIUS JULIANUS|SEPTIMUS SEVERUS
21_SEPTIMUS SEVERUS/side_a/image02831.jpg,2f191c4340842dc962c9ac3a1204c3d309795562be1fb44c4d7656ef086d8621,label_conflict,,DIDIUS JULIANUS|SEPTIMUS SEVERUS
20_DIDIUS JULIANUS/side_a/image02832.jpg,b9aaecfac721504e51027d0528bdc4032f5ae0035038c8062903cdcbe83c3ed7,label_conflict,,DIDIUS JULIANUS|SEPTIMUS SEVERUS
21_SEPTIMUS SEVERUS/side_a/image02832.jpg,b9aaecfac721504e51027d0528bdc4032f5ae0035038c8062903cdcbe83c3ed7,label_conflict,,DIDIUS JULIANUS|SEPTIMUS SEVERUS
20_DIDIUS JULIANUS/side_a/image02875.jpg,e09705ac2f2e8563402512589675a075ab2c07feec38484c4a7d86e9a12a59dd,label_conflict,,DIDIUS JULIANUS|SEPTIMUS SEVERUS
21_SEPTIMUS SEVERUS/side_a/image02875.jpg,e09705ac2f2e8563402512589675a075ab2c07feec38484c4a7d86e9a12a59dd,label_conflict,,DIDIUS JULIANUS|SEPTIMUS SEVERUS
20_DIDIUS JULIANUS/side_a/image02901.jpg,6557d3ce7fd8d3bf0b08e1b5c787a475094fdd88c2a472f84be27715382da765,label_conflict,,DIDIUS JULIANUS|SEPTIMUS SEVERUS
21_SEPTIMUS SEVERUS/side_a/image02901.jpg,6557d3ce7fd8d3bf0b08e1b5c787a475094fdd88c2a472f84be27715382da765,label_conflict,,DIDIUS JULIANUS|SEPTIMUS SEVERUS
20_DIDIUS JULIANUS/side_a/image02902.jpg,053a8542fed1787b67206fae0523a73426dc593fa3d01ab373d500505c5ce4eb,label_conflict,,DIDIUS JULIANUS|SEPTIMUS SEVERUS
21_SEPTIMUS SEVERUS/side_a/image02902.jpg,053a8542fed1787b67206fae0523a73426dc593fa3d01ab373d500505c5ce4eb,label_conflict,,DIDIUS JULIANUS|SEPTIMUS SEVERUS
20_DIDIUS JULIANUS/side_a/image02995.jpg,1b9a53b67689e30a9e5e104c892d7defa9d4ab21084e52d46277faccb8268710,label_conflict,,DIDIUS JULIANUS|SEPTIMUS SEVERUS
21_SEPTIMUS SEVERUS/side_a/image02995.jpg,1b9a53b67689e30a9e5e104c892d7defa9d4ab21084e52d46277faccb8268710,label_conflict,,DIDIUS JULIANUS|SEPTIMUS SEVERUS
20_DIDIUS JULIANUS/side_a/image03200.jpg,9cd1c95465b498eab6afa01a47299f963d9098008232f03a158b78d42a9b2e43,label_conflict,,DIDIUS JULIANUS|SEPTIMUS SEVERUS
21_SEPTIMUS SEVERUS/side_a/image03200.jpg,9cd1c95465b498eab6afa01a47299f963d9098008232f03a158b78d42a9b2e43,label_conflict,,DIDIUS JULIANUS|SEPTIMUS SEVERUS
20_DIDIUS JULIANUS/side_a/image03237.jpg,d187c5d8c427e493bb7e52b800bb1f7c69ad6427f644ce292f9fdec0f6c7a6dd,label_conflict,,DIDIUS JULIANUS|SEPTIMUS SEVERUS
21_SEPTIMUS SEVERUS/side_a/image03237.jpg,d187c5d8c427e493bb7e52b800bb1f7c69ad6427f644ce292f9fdec0f6c7a6dd,label_conflict,,DIDIUS JULIANUS|SEPTIMUS SEVERUS
20_DIDIUS JULIANUS/side_a/image03301.jpg,90ebab5b26af45211a9b818c2a9c2ac98645f21a80b4ede1c05f4b6702e283b6,label_conflict,,DIDIUS JULIANUS|SEPTIMUS SEVERUS
21_SEPTIMUS SEVERUS/side_a/image03301.jpg,90ebab5b26af45211a9b818c2a9c2ac98645f21a80b4ede1c05f4b6702e283b6,label_conflict,,DIDIUS JULIANUS|SEPTIMUS SEVERUS
20_DIDIUS JULIANUS/side_a/image03320.jpg,5cc20a5bcbe475cac9ca055998ad215a5b33080d336f91b2e5e650c8007f10e1,label_conflict,,DIDIUS JULIANUS|SEPTIMUS SEVERUS
21_SEPTIMUS SEVERUS/side_a/image03320.jpg,5cc20a5bcbe475cac9ca055998ad215a5b33080d336f91b2e5e650c8007f10e1,label_conflict,,DIDIUS JULIANUS|SEPTIMUS SEVERUS
20_DIDIUS JULIANUS/side_a/image03332.jpg,550758dc5d844c2000934142c8fa5defbec58da7f11c46703887aa1515277ea5,label_conflict,,DIDIUS JULIANUS|SEPTIMUS SEVERUS
21_SEPTIMUS SEVERUS/side_a/image03332.jpg,550758dc5d844c2000934142c8fa5defbec58da7f11c46703887aa1515277ea5,label_conflict,,DIDIUS JULIANUS|SEPTIMUS SEVERUS
20_DIDIUS JULIANUS/side_a/image03333.jpg,1eb637bf3ec3ecdb4b4e59b20e9b1c1dd70db2d6e41e1bf09ec26f7a00a527e2,label_conflict,,DIDIUS JULIANUS|SEPTIMUS SEVERUS
21_SEPTIMUS SEVERUS/side_a/image03333.jpg,1eb637bf3ec3ecdb4b4e59b20e9b1c1dd70db2d6e41e1bf09ec26f7a00a527e2,label_conflict,,DIDIUS JULIANUS|SEPTIMUS SEVERUS
20_DIDIUS JULIANUS/side_a/image03477.jpg,8cc3dc6248b8711897498c91528a260d913364d15560db300b54386c50c1c130,label_conflict,,DIDIUS JULIANUS|SEPTIMUS SEVERUS
21_SEPTIMUS SEVERUS/side_a/image03477.jpg,8cc3dc6248b8711897498c91528a260d913364d15560db300b54386c50c1c130,label_conflict,,DIDIUS JULIANUS|SEPTIMUS SEVERUS
20_DIDIUS JULIANUS/side_a/image03478.jpg,8d912e04e0094f20abb06ba0e9ec47765f545b0d9887c1b09cf05567b21585b8,label_conflict,,DIDIUS JULIANUS|SEPTIMUS SEVERUS
21_SEPTIMUS SEVERUS/side_a/image03478.jpg,8d912e04e0094f20abb06ba0e9ec47765f545b0d9887c1b09cf05567b21585b8,label_conflict,,DIDIUS JULIANUS|SEPTIMUS SEVERUS
20_DIDIUS JULIANUS/side_a/image03533.jpg,e2d8d930d7381661940edf9d85a9cbcf10b56c5614888cad55c5cefcdbc288fb,label_conflict,,DIDIUS JULIANUS|SEPTIMUS SEVERUS
21_SEPTIMUS SEVERUS/side_a/image03533.jpg,e2d8d930d7381661940edf9d85a9cbcf10b56c5614888cad55c5cefcdbc288fb,label_conflict,,DIDIUS JULIANUS|SEPTIMUS SEVERUS
20_DIDIUS JULIANUS/side_a/image03545.jpg,ee3d599b472500b3ac1face7b852fbc7c96158ca98c05480ed17d9c4e3289048,label_conflict,,DIDIUS JULIANUS|SEPTIMUS SEVERUS
21_SEPTIMUS SEVERUS/side_a/image03545.jpg,ee3d599b472500b3ac1face7b852fbc7c96158ca98c05480ed17d9c4e3289048,label_conflict,,DIDIUS JULIANUS|SEPTIMUS SEVERUS
20_DIDIUS JULIANUS/side_a/image03568.jpg,46b3ab136f9366644612f2d58932320988323f034deb66cac5e854ca471abf36,label_conflict,,DIDIUS JULIANUS|SEPTIMUS SEVERUS
21_SEPTIMUS SEVERUS/side_a/image03568.jpg,46b3ab136f9366644612f2d58932320988323f034deb66cac5e854ca471abf36,label_conflict,,DIDIUS JULIANUS|SEPTIMUS SEVERUS
20_DIDIUS JULIANUS/side_a/image03810.jpg,7471da1ab6263dab7cfa6978276721bf3f333260d0903feb1ffedb090a29248f,label_conflict,,DIDIUS JULIANUS|SEPTIMUS SEVERUS
21_SEPTIMUS SEVERUS/side_a/image03810.jpg,7471da1ab6263dab7cfa6978276721bf3f333260d0903feb1ffedb090a29248f,label_conflict,,DIDIUS JULIANUS|SEPTIMUS SEVERUS
20_DIDIUS JULIANUS/side_a/image03811.jpg,057c7df2be5421734a5675f49b247acb0e145fce7b4f43d7107ed63add23cb02,label_conflict,,DIDIUS JULIANUS|SEPTIMUS SEVERUS
21_SEPTIMUS SEVERUS/side_a/image03811.jpg,057c7df2be5421734a5675f49b247acb0e145fce7b4f43d7107ed63add23cb02,label_conflict,,DIDIUS JULIANUS|SEPTIMUS SEVERUS
20_DIDIUS JULIANUS/side_a/image03834.jpg,00031c29acc003f247d842b0629eca2e4bd420ae1f029628b5e8b67ebbc6240a,label_conflict,,DIDIUS JULIANUS|SEPTIMUS SEVERUS
21_SEPTIMUS SEVERUS/side_a/image03834.jpg,00031c29acc003f247d842b0629eca2e4bd420ae1f029628b5e8b67ebbc6240a,label_conflict,,DIDIUS JULIANUS|SEPTIMUS SEVERUS
20_DIDIUS JULIANUS/side_a/image03835.jpg,38fcef717a4105aafd01ab69cfecc15613fcac77147cd1714de45a5790a09d47,label_conflict,,DIDIUS JULIANUS|SEPTIMUS SEVERUS
21_SEPTIMUS SEVERUS/side_a/image03835.jpg,38fcef717a4105aafd01ab69cfecc15613fcac77147cd1714de45a5790a09d47,label_conflict,,DIDIUS JULIANUS|SEPTIMUS SEVERUS
20_DIDIUS JULIANUS/side_a/image04327.jpg,da333483ec6940e4f0a5076d0ba6dd489ebc74ef0a9d966ff01cd14ec25c08b3,label_conflict,,DIDIUS JULIANUS|SEPTIMUS SEVERUS
21_SEPTIMUS SEVERUS/side_a/image04327.jpg,da333483ec6940e4f0a5076d0ba6dd489ebc74ef0a9d966ff01cd14ec25c08b3,label_conflict,,DIDIUS JULIANUS|SEPTIMUS SEVERUS
20_DIDIUS JULIANUS/side_a/image04351.jpg,810aca059308b8088248d0cac15df88296f04a2410b0a081672c4065d452dc1b,label_conflict,,DIDIUS JULIANUS|SEPTIMUS SEVERUS
21_SEPTIMUS SEVERUS/side_a/image04351.jpg,810aca059308b8088248d0cac15df88296f04a2410b0a081672c4065d452dc1b,label_conflict,,DIDIUS JULIANUS|SEPTIMUS SEVERUS
20_DIDIUS JULIANUS/side_a/image04482.jpg,bc2a9e8e09220f39572c5264bca01447366e134cbaa8e20a192ef9f8e4f5026f,label_conflict,,DIDIUS JULIANUS|SEPTIMUS SEVERUS
21_SEPTIMUS SEVERUS/side_a/image04482.jpg,bc2a9e8e09220f39572c5264bca01447366e134cbaa8e20a192ef9f8e4f5026f,label_conflict,,DIDIUS JULIANUS|SEPTIMUS SEVERUS
20_DIDIUS JULIANUS/side_a/image04536.jpg,fe1b08ac43c55802073b2ffde8b0b38f1a9d0210ecfc4bb17819d5c964438e38,label_conflict,,DIDIUS JULIANUS|SEPTIMUS SEVERUS
21_SEPTIMUS SEVERUS/side_a/image04536.jpg,fe1b08ac43c55802073b2ffde8b0b38f1a9d0210ecfc4bb17819d5c964438e38,label_conflict,,DIDIUS JULIANUS|SEPTIMUS SEVERUS
20_DIDIUS JULIANUS/side_a/image04735.jpg,c55bf64efd731568043c84026462f61f79c28139d61ef7db7a2b74da2220957c,label_conflict,,DIDIUS JULIANUS|SEPTIMUS SEVERUS
21_SEPTIMUS SEVERUS/side_a/image04735.jpg,c55bf64efd731568043c84026462f61f79c28139d61ef7db7a2b74da2220957c,label_conflict,,DIDIUS JULIANUS|SEPTIMUS SEVERUS
20_DIDIUS JULIANUS/side_a/image04773.jpg,4b3fbd0bfb776cecdeaf355f4071a4b44993b097edc3b4f1be05aa4af4ce7668,label_conflict,,DIDIUS JULIANUS|SEPTIMUS SEVERUS
21_SEPTIMUS SEVERUS/side_a/image04773.jpg,4b3fbd0bfb776cecdeaf355f4071a4b44993b097edc3b4f1be05aa4af4ce7668,label_conflict,,DIDIUS JULIANUS|SEPTIMUS SEVERUS
20_DIDIUS JULIANUS/side_a/image04794.jpg,34d16d010061ec18f83fb3a7bce53bc1f01346ba116973769ec413423a219755,label_conflict,,DIDIUS JULIANUS|SEPTIMUS SEVERUS
21_SEPTIMUS SEVERUS/side_a/image04794.jpg,34d16d010061ec18f83fb3a7bce53bc1f01346ba116973769ec413423a219755,label_conflict,,DIDIUS JULIANUS|SEPTIMUS SEVERUS
20_DIDIUS JULIANUS/side_a/image04987.jpg,6d30cea84fec0acfdfaffb5bb034b1d7ea5286625848825c7af5dfb5d0c5cea7,label_conflict,,DIDIUS JULIANUS|SEPTIMUS SEVERUS
21_SEPTIMUS SEVERUS/side_a/image04987.jpg,6d30cea84fec0acfdfaffb5bb034b1d7ea5286625848825c7af5dfb5d0c5cea7,label_conflict,,DIDIUS JULIANUS|SEPTIMUS SEVERUS
20_DIDIUS JULIANUS/side_a/image05027.jpg,80e7ebadab7f869275549088e36d13a72d931d04f85c79854f3e0a00e1810edf,label_conflict,,DIDIUS JULIANUS|SEPTIMUS SEVERUS
21_SEPTIMUS SEVERUS/side_a/image05027.jpg,80e7ebadab7f869275549088e36d13a72d931d04f85c79854f3e0a00e1810edf,label_conflict,,DIDIUS JULIANUS|SEPTIMUS SEVERUS
20_DIDIUS JULIANUS/side_a/image06201.jpg,39d7cf65f55a33f0a59149a917d3b3630326c163b89e0af2f0a743c74d8f1c91,label_conflict,,DIDIUS JULIANUS|SEPTIMUS SEVERUS
21_SEPTIMUS SEVERUS/side_a/image06201.jpg,39d7cf65f55a33f0a59149a917d3b3630326c163b89e0af2f0a743c74d8f1c91,label_conflict,,DIDIUS JULIANUS|SEPTIMUS SEVERUS
20_DIDIUS JULIANUS/side_a/image06202.jpg,715e14163001f38b958f7c51d38b5ac29fce7608e4ee3daa7198bc34cedf0fec,label_conflict,,DIDIUS JULIANUS|SEPTIMUS SEVERUS
21_SEPTIMUS SEVERUS/side_a/image06202.jpg,715e14163001f38b958f7c51d38b5ac29fce7608e4ee3daa7198bc34cedf0fec,label_conflict,,DIDIUS JULIANUS|SEPTIMUS SEVERUS
20_DIDIUS JULIANUS/side_a/image06218.jpg,c5e02a888b3deb3b246a66af35969a01b59e2be3ae75831719cc726c50566aca,label_conflict,,DIDIUS JULIANUS|SEPTIMUS SEVERUS
21_SEPTIMUS SEVERUS/side_a/image06218.jpg,c5e02a888b3deb3b246a66af35969a01b59e2be3ae75831719cc726c50566aca,label_conflict,,DIDIUS JULIANUS|SEPTIMUS SEVERUS
20_DIDIUS JULIANUS/side_a/image06219.jpg,546aac3bb31caa9327c077f0541d0f3b15d3d0c61e08ef29de7d603e2c5e5350,label_conflict,,DIDIUS JULIANUS|SEPTIMUS SEVERUS
21_SEPTIMUS SEVERUS/side_a/image06219.jpg,546aac3bb31caa9327c077f0541d0f3b15d3d0c61e08ef29de7d603e2c5e5350,label_conflict,,DIDIUS JULIANUS|SEPTIMUS SEVERUS
20_DIDIUS JULIANUS/side_a/image06220.jpg,68f99736f657b7e5aded5cc64303e6878c58e17af671f53c154343c8de972cae,label_conflict,,DIDIUS JULIANUS|SEPTIMUS SEVERUS
21_SEPTIMUS SEVERUS/side_a/image06220.jpg,68f99736f657b7e5aded5cc64303e6878c58e17af671f53c154343c8de972cae,label_conflict,,DIDIUS JULIANUS|SEPTIMUS SEVERUS
20_DIDIUS JULIANUS/side_a/image06221.jpg,1b4e2532d60acae59340b827843977401699b6afe84342c1a872765e07ae516d,label_conflict,,DIDIUS JULIANUS|SEPTIMUS SEVERUS
21_SEPTIMUS SEVERUS/side_a/image06221.jpg,1b4e2532d60acae59340b827843977401699b6afe84342c1a872765e07ae516d,label_conflict,,DIDIUS JULIANUS|SEPTIMUS SEVERUS
20_DIDIUS JULIANUS/side_a/image06228.jpg,bf220926d0151eefe5c97290ee8e1fa3bdaa7aec8909bf675452890ea6c60216,label_conflict,,DIDIUS JULIANUS|SEPTIMUS SEVERUS
21_SEPTIMUS SEVERUS/side_a/image06228.jpg,bf220926d0151eefe5c97290ee8e1fa3bdaa7aec8909bf675452890ea6c60216,label_conflict,,DIDIUS JULIANUS|SEPTIMUS SEVERUS
20_DIDIUS JULIANUS/side_a/image07490.jpg,1e37237c9b93a2608868ef5177efa9d9fe4e084cbf936d24e879c8eea7eab6ad,label_conflict,,DIDIUS JULIANUS|SEPTIMUS SEVERUS
21_SEPTIMUS SEVERUS/side_a/image07490.jpg,1e37237c9b93a2608868ef5177efa9d9fe4e084cbf936d24e879c8eea7eab6ad,label_conflict,,DIDIUS JULIANUS|SEPTIMUS SEVERUS
20_DIDIUS JULIANUS/side_a/image10371.jpg,c91be2a73baa25f7d32b825a4dd5fc70e036808ed2377f8ebce7a727c7cdde72,label_conflict,,DIDIUS JULIANUS|SEPTIMUS SEVERUS
21_SEPTIMUS SEVERUS/side_a/image10371.jpg,c91be2a73baa25f7d32b825a4dd5fc70e036808ed2377f8ebce7a727c7cdde72,label_conflict,,DIDIUS JULIANUS|SEPTIMUS SEVERUS
20_DIDIUS JULIANUS/side_a/image20135.jpg,35d3bc2c67afa59b028064d6e00effed220778d8971f486a0b89e8eeed72fab5,label_conflict,,DIDIUS JULIANUS|SEPTIMUS SEVERUS
21_SEPTIMUS SEVERUS/side_a/image20135.jpg,35d3bc2c67afa59b028064d6e00effed220778d8971f486a0b89e8eeed72fab5,label_conflict,,DIDIUS JULIANUS|SEPTIMUS SEVERUS
20_DIDIUS JULIANUS/side_a/image21074.jpg,a98f0a57026c289203c4a3b30e549cc6fb9e4d5f2fe34f283764bd9260434304,label_conflict,,DIDIUS JULIANUS|SEPTIMUS SEVERUS
21_SEPTIMUS SEVERUS/side_a/image21074.jpg,a98f0a57026c289203c4a3b30e549cc6fb9e4d5f2fe34f283764bd9260434304,label_conflict,,DIDIUS JULIANUS|SEPTIMUS SEVERUS
20_DIDIUS JULIANUS/side_a/image22082.jpg,1d44cfd97fe4fdb4af809117bf409110fc6687dc66cea82ef429de0100b3add5,label_conflict,,DIDIUS JULIANUS|SEPTIMUS SEVERUS
21_SEPTIMUS SEVERUS/side_a/image22082.jpg,1d44cfd97fe4fdb4af809117bf409110fc6687dc66cea82ef429de0100b3add5,label_conflict,,DIDIUS JULIANUS|SEPTIMUS SEVERUS
20_DIDIUS JULIANUS/side_a/image22110.jpg,28bb03296789f8ca795be4c8777de0ffdafea55a77437d09a580f8b98ae4ee01,label_conflict,,DIDIUS JULIANUS|SEPTIMUS SEVERUS
21_SEPTIMUS SEVERUS/side_a/image22110.jpg,28bb03296789f8ca795be4c8777de0ffdafea55a77437d09a580f8b98ae4ee01,label_conflict,,DIDIUS JULIANUS|SEPTIMUS SEVERUS
20_DIDIUS JULIANUS/side_a/image22169.jpg,d80a5099c9d3547ac88bcba535d7fd25b4fa30af78c2fb49097a59323f65d37a,label_conflict,,DIDIUS JULIANUS|SEPTIMUS SEVERUS
21_SEPTIMUS SEVERUS/side_a/image22169.jpg,d80a5099c9d3547ac88bcba535d7fd25b4fa30af78c2fb49097a59323f65d37a,label_conflict,,DIDIUS JULIANUS|SEPTIMUS SEVERUS
20_DIDIUS JULIANUS/side_a/image23962.jpg,2ace8016c75f8ee9a4570a04d9e095d9753e720898f1defbbf6af2c966b86a94,label_conflict,,DIDIUS JULIANUS|SEPTIMUS SEVERUS
21_SEPTIMUS SEVERUS/side_a/image23962.jpg,2ace8016c75f8ee9a4570a04d9e095d9753e720898f1defbbf6af2c966b86a94,label_conflict,,DIDIUS JULIANUS|SEPTIMUS SEVERUS
20_DIDIUS JULIANUS/side_a/image23970.jpg,23ab013bd183209f6421004e8e6ebf09c8af061416f180e1723ee515b48b4f53,label_conflict,,DIDIUS JULIANUS|SEPTIMUS SEVERUS
21_SEPTIMUS SEVERUS/side_a/image23970.jpg,23ab013bd183209f6421004e8e6ebf09c8af061416f180e1723ee515b48b4f53,label_conflict,,DIDIUS JULIANUS|SEPTIMUS SEVERUS
20_DIDIUS JULIANUS/side_a/image23971.jpg,4262200efb5c9fbd0fa7c3bb0fdfe29f254a8659587a1d0d13579d1a7e6fac71,label_conflict,,DIDIUS JULIANUS|SEPTIMUS SEVERUS
21_SEPTIMUS SEVERUS/side_a/image23971.jpg,4262200efb5c9fbd0fa7c3bb0fdfe29f254a8659587a1d0d13579d1a7e6fac71,label_conflict,,DIDIUS JULIANUS|SEPTIMUS SEVERUS
20_DIDIUS JULIANUS/side_a/image25731.jpg,3ce1d6d01328e9268f8f79a5123f1e44ae5cbd68536152d82bc0849f0c197968,label_conflict,,DIDIUS JULIANUS|SEPTIMUS SEVERUS
21_SEPTIMUS SEVERUS/side_a/image25731.jpg,3ce1d6d01328e9268f8f79a5123f1e44ae5cbd68536152d82bc0849f0c197968,label_conflict,,DIDIUS JULIANUS|SEPTIMUS SEVERUS
20_DIDIUS JULIANUS/side_a/image29256.jpg,1f98ca78cf2c96ed4f15b5e5ab3656f63520b341adc1e014e507b87eb99a80a7,label_conflict,,DIDIUS JULIANUS|SEPTIMUS SEVERUS
21_SEPTIMUS SEVERUS/side_a/image29256.jpg,1f98ca78cf2c96ed4f15b5e5ab3656f63520b341adc1e014e507b87eb99a80a7,label_conflict,,DIDIUS JULIANUS|SEPTIMUS SEVERUS
20_DIDIUS JULIANUS/side_a/image30173.jpg,7226a7e58707b81839b4496fdc76fb44092d3a2cf5f2f7f38220c27f2147d496,label_conflict,,DIDIUS JULIANUS|SEPTIMUS SEVERUS
21_SEPTIMUS SEVERUS/side_a/image30173.jpg,7226a7e58707b81839b4496fdc76fb44092d3a2cf5f2f7f38220c27f2147d496,label_conflict,,DIDIUS JULIANUS|SEPTIMUS SEVERUS
20_DIDIUS JULIANUS/side_a/image30174.jpg,f4c0175104997cb106a66b6be08168a273364b8d045f60aa3250f6b1f429f0c6,label_conflict,,DIDIUS JULIANUS|SEPTIMUS SEVERUS
21_SEPTIMUS SEVERUS/side_a/image30174.jpg,f4c0175104997cb106a66b6be08168a273364b8d045f60aa3250f6b1f429f0c6,label_conflict,,DIDIUS JULIANUS|SEPTIMUS SEVERUS
20_DIDIUS JULIANUS/side_a/image30244.jpg,b12a7580557da5ef812327c81981757df0ffcd69c5f6b3cd7e259f51cd51a14c,label_conflict,,DIDIUS JULIANUS|SEPTIMUS SEVERUS
21_SEPTIMUS SEVERUS/side_a/image30244.jpg,b12a7580557da5ef812327c81981757df0ffcd69c5f6b3cd7e259f51cd51a14c,label_conflict,,DIDIUS JULIANUS|SEPTIMUS SEVERUS
20_DIDIUS JULIANUS/side_a/image30266.jpg,2b58c1f11a5b38964a092c26faa7f8a484d40c95d00bf63cd8ad69d530a4c47d,label_conflict,,DIDIUS JULIANUS|SEPTIMUS SEVERUS
21_SEPTIMUS SEVERUS/side_a/image30266.jpg,2b58c1f11a5b38964a092c26faa7f8a484d40c95d00bf63cd8ad69d530a4c47d,label_conflict,,DIDIUS JULIANUS|SEPTIMUS SEVERUS
20_DIDIUS JULIANUS/side_a/image30289.jpg,ed9d41ba84f10e0e646cadcd7a75d09e2364b91bd62efaacc545189da0bf12fc,label_conflict,,DIDIUS JULIANUS|SEPTIMUS SEVERUS
21_SEPTIMUS SEVERUS/side_a/image30289.jpg,ed9d41ba84f10e0e646cadcd7a75d09e2364b91bd62efaacc545189da0bf12fc,label_conflict,,DIDIUS JULIANUS|SEPTIMUS SEVERUS
20_DIDIUS JULIANUS/side_a/image30290.jpg,acd8f2c028ae09768ff4e4e777ffe2e083e35c2d6a61fbeea2684a8849483bad,label_conflict,,DIDIUS JULIANUS|SEPTIMUS SEVERUS
21_SEPTIMUS SEVERUS/side_a/image30290.jpg,acd8f2c028ae09768ff4e4e777ffe2e083e35c2d6a61fbeea2684a8849483bad,label_conflict,,DIDIUS JULIANUS|SEPTIMUS SEVERUS
20_DIDIUS JULIANUS/side_a/image31140.jpg,841da8891e382bf7011692d07475656a1f8bc4858e9274688036ea2435c9f2f2,label_conflict,,DIDIUS JULIANUS|SEPTIMUS SEVERUS
21_SEPTIMUS SEVERUS/side_a/image31140.jpg,841da8891e382bf7011692d07475656a1f8bc4858e9274688036ea2435c9f2f2,label_conflict,,DIDIUS JULIANUS|SEPTIMUS SEVERUS
20_DIDIUS JULIANUS/side_a/image32288.jpg,42815e4183000d168d20e25b0d2659e2c15bae334fd8f189d06b4053b3c8dbc5,label_conflict,,DIDIUS JULIANUS|SEPTIMUS SEVERUS
21_SEPTIMUS SEVERUS/side_a/image32288.jpg,42815e4183000d168d20e25b0d2659e2c15bae334fd8f189d06b4053b3c8dbc5,label_conflict,,DIDIUS JULIANUS|SEPTIMUS SEVERUS
20_DIDIUS JULIANUS/side_a/image33262.jpg,57038e0c4cce965d1ac975165ca9a0dcde156967295fa32d7974700c8f070238,label_conflict,,DIDIUS JULIANUS|SEPTIMUS SEVERUS
21_SEPTIMUS SEVERUS/side_a/image33262.jpg,57038e0c4cce965d1ac975165ca9a0dcde156967295fa32d7974700c8f070238,label_conflict,,DIDIUS JULIANUS|SEPTIMUS SEVERUS
20_DIDIUS JULIANUS/side_a/image33309.jpg,5895df06a48db8591dd3ff13f22383855fda28ce01b6bcb2ec932766433d95ae,label_conflict,,DIDIUS JULIANUS|SEPTIMUS SEVERUS
21_SEPTIMUS SEVERUS/side_a/image33309.jpg,5895df06a48db8591dd3ff13f22383855fda28ce01b6bcb2ec932766433d95ae,label_conflict,,DIDIUS JULIANUS|SEPTIMUS SEVERUS
20_DIDIUS JULIANUS/side_a/image35148.jpg,52bde3e566abb361de2ff3cd363021b0cb732a7890a83fa6012a7da95cf5bf87,label_conflict,,DIDIUS JULIANUS|SEPTIMUS SEVERUS
21_SEPTIMUS SEVERUS/side_a/image35148.jpg,52bde3e566abb361de2ff3cd363021b0cb732a7890a83fa6012a7da95cf5bf87,label_conflict,,DIDIUS JULIANUS|SEPTIMUS SEVERUS
20_DIDIUS JULIANUS/side_a/image35304.jpg,df241afb6e8292df79a48aa7cd10a7eba60331731742507b7482f5d069703690,label_conflict,,DIDIUS JULIANUS|SEPTIMUS SEVERUS
21_SEPTIMUS SEVERUS/side_a/image35304.jpg,df241afb6e8292df79a48aa7cd10a7eba60331731742507b7482f5d069703690,label_conflict,,DIDIUS JULIANUS|SEPTIMUS SEVERUS
20_DIDIUS JULIANUS/side_a/image97184.jpg,4f52f22653dd9041f6dcef22342b9be059e85dba9ec64ce6c795777e8b53ac23,label_conflict,,DIDIUS JULIANUS|SEPTIMUS SEVERUS
21_SEPTIMUS SEVERUS/side_a/image97184.jpg,4f52f22653dd9041f6dcef22342b9be059e85dba9ec64ce6c795777e8b53ac23,label_conflict,,DIDIUS JULIANUS|SEPTIMUS SEVERUS
20_DIDIUS JULIANUS/side_a/image98093.jpg,6dff4d7d6dbe739f82be95d1d05c6ade613fc19020985277a4b1a6118f03c244,label_conflict,,DIDIUS JULIANUS|SEPTIMUS SEVERUS
21_SEPTIMUS SEVERUS/side_a/image98093.jpg,6dff4d7d6dbe739f82be95d1d05c6ade613fc19020985277a4b1a6118f03c244,label_conflict,,DIDIUS JULIANUS|SEPTIMUS SEVERUS
21_SEPTIMUS SEVERUS/side_a/Septimius Severus AD193-AD2110708.jpg,572f8457a1a03e2aced23c1fd0e61451c433035d7d4035edf22f8fd41272d3ee,duplicate,21_SEPTIMUS SEVERUS/side_a/Septimius Severus AD193-AD2110708(1).jpg,SEPTIMUS SEVERUS
21_SEPTIMUS SEVERUS/side_a/Septimius Severus AD193-AD2111456.jpg,537339d47a595b0c8282381e6aabab14421c0b577dc1f79a71b7493df72400fd,duplicate,21_SEPTIMUS SEVERUS/side_a/Septimius Severus AD193-AD2111454.jpg,SEPTIMUS SEVERUS
22_CARACALLA/side_a/caracalla AD198--AD217005 (2).jpg,26ada6699f2d93adb81cf8268b2effe7a15f4ff3353cc54eb1b248dff1725d74,duplicate,22_CARACALLA/side_a/caracalla AD198--AD2170006.jpg,CARACALLA
22_CARACALLA/side_a/caracalla AD198--AD217007 (2).jpg,499498766979a94f8209f65f7c16ffa80322301c0f7d0190308b9a53a90d436b,duplicate,22_CARACALLA/side_a/caracalla AD198--AD2170009.jpg,CARACALLA
22_CARACALLA/side_a/caracalla AD198--AD217009 (2).jpg,1aee2350c5e656f51daf93d1811796ae00024f5de2781cce3f531cbbeb0f912a,duplicate,22_CARACALLA/side_a/caracalla AD198--AD2170013.jpg,CARACALLA
22_CARACALLA/side_a/caracalla AD198--AD217010 (2).jpg,292b261e05e8a4c7df4eb119c312a63778873de5c6f76323d70dfb16dc8cd432,duplicate,22_CARACALLA/side_a/caracalla AD198--AD2170014.jpg,CARACALLA
22_CARACALLA/side_a/caracalla AD198--AD217011 (2).jpg,30a1e8d61d7dd07df88a6f273fb4ab52ec693d21f111ac9f8e30724874abd99e,duplicate,22_CARACALLA/side_a/caracalla AD198--AD2170015.jpg,CARACALLA
22_CARACALLA/side_a/caracalla AD198--AD217014 (2).jpg,797f2176cca1c61ffa1ffc452aa4dda3d016e308431b789a61f25b59133ce8fc,duplicate,22_CARACALLA/side_a/caracalla AD198--AD2170021.jpg,CARACALLA
22_CARACALLA/side_a/caracalla AD198--AD217015 (2).jpg,209e3c991da06c49251b7e62f340f254271dd32ff3334ba735fba27488a087d5,duplicate,22_CARACALLA/side_a/caracalla AD198--AD2170027.jpg,CARACALLA
22_CARACALLA/side_a/caracalla AD198--AD217016 (2).jpg,35d92448d85b41001d1d25b845a529d040c236858415537058077a39e3d8b34a,duplicate,22_CARACALLA/side_a/caracalla AD198--AD2170028.jpg,CARACALLA
22_CARACALLA/side_a/caracalla AD198--AD217018 (2).jpg,5f29cf7e69009219ac76766f1be6ead6a4baf3d178e37555a9e59dbdec6b188c,duplicate,22_CARACALLA/side_a/caracalla AD198--AD2170030.jpg,CARACALLA
22_CARACALLA/side_a/caracalla AD198--AD217020 (2).jpg,ece97e0b99405ee0f887607d63d9f359c1db4f874b9d09cf943e9896e5aa6ce6,duplicate,22_CARACALLA/side_a/caracalla AD198--AD2170032.jpg,CARACALLA
22_CARACALLA/side_a/caracalla AD198--AD217021 (2).jpg,4b3e68f68f4bbd44054ba54cd5eb65404c94db6154b12b1e9999f53ddd6e146f,duplicate,22_CARACALLA/side_a/caracalla AD198--AD2170034.jpg,CARACALLA
22_CARACALLA/side_a/caracalla AD198--AD217024 (2).jpg,3b7de82b257995531c8fc488b27d4b266e1961e495c0e577a80bc785e91c171b,duplicate,22_CARACALLA/side_a/caracalla AD198--AD2170039.jpg,CARACALLA
22_CARACALLA/side_a/caracalla AD198--AD217026 (2).jpg,a1e80cd760e866f96f314a158ad2a84fae3393709eb478d24f49f1324735937e,duplicate,22_CARACALLA/side_a/caracalla AD198--AD2170045.jpg,CARACALLA
22_CARACALLA/side_a/caracalla AD198--AD217027 (2).jpg,6328fc2c11788ad73aa58e9511e16ccc27119e96e2a75652a9e9dbc6c28fe731,duplicate,22_CARACALLA/side_a/caracalla AD198--AD2170046.jpg,CARACALLA
22_CARACALLA/side_a/caracalla AD198--AD217029 (2).jpg,a149608ecd73b3d4018cf59af8590172c9122fdb56ca67ad5e10882f5592aeca,duplicate,22_CARACALLA/side_a/caracalla AD198--AD2170048.jpg,CARACALLA
22_CARACALLA/side_a/caracalla AD198--AD217030 (2).jpg,ec97e18932472992f5773aae0d35c275f2f5fad269bfaf328946ff9e81d79841,duplicate,22_CARACALLA/side_a/caracalla AD198--AD2170050.jpg,CARACALLA
22_CARACALLA/side_a/caracalla AD198--AD217031 (2).jpg,40dbab6ac897e86a517d73af9cde95f4dd93780eceb02a506b6ac0a2380ffb1c,duplicate,22_CARACALLA/side_a/caracalla AD198--AD2170051.jpg,CARACALLA
22_CARACALLA/side_a/caracalla AD198--AD217032 (2).jpg,ca9bfbeb31b8e7fab01c392e86deecf5bfbf5a1f568c53f761f2d6bb09fd1a27,duplicate,22_CARACALLA/side_a/caracalla AD198--AD2170053.jpg,CARACALLA
22_CARACALLA/side_a/caracalla AD198--AD217036 (2).jpg,5791c453a784777102feb449aa0afc472a889f3d44ab4eeb6fc800cf5cac565f,duplicate,22_CARACALLA/side_a/caracalla AD198--AD2170058.jpg,CARACALLA
22_CARACALLA/side_a/caracalla AD198--AD217038 (2).jpg,bc3da5492a63e33ee56be159cf6c151c3af3c4713b6a5634470b61cccb0cee50,duplicate,22_CARACALLA/side_a/caracalla AD198--AD2170060.jpg,CARACALLA
22_CARACALLA/side_a/caracalla AD198--AD217039 (2).jpg,2769f3bb4b23e39984aa7deed029311bbe89ccfd243871ce839eb6580da1ece8,duplicate,22_CARACALLA/side_a/caracalla AD198--AD2170061.jpg,CARACALLA
22_CARACALLA/side_a/caracalla AD198--AD217040 (2).jpg,5da3bc8db34c61e39038c4e10708c2ac065535be1f23e2a62daa7c5e2f4060f6,duplicate,22_CARACALLA/side_a/caracalla AD198--AD2170062.jpg,CARACALLA
22_CARACALLA/side_a/caracalla AD198--AD217041 (2).jpg,b7b7bab4c7a4556bf52a6969b071172be784e00a9820337599b8d3ffe1ccd71d,duplicate,22_CARACALLA/side_a/caracalla AD198--AD2170065.jpg,CARACALLA
22_CARACALLA/side_a/caracalla AD198--AD217042 (2).jpg,116a42830f80128fc6b3fc9fd5bc0499350b5e9bcf9df2e455a506259402599d,duplicate,22_CARACALLA/side_a/caracalla AD198--AD2170066.jpg,CARACALLA
22_CARACALLA/side_a/caracalla AD198--AD217043 (2).jpg,9ec658f06e50fff999d30df6cf85bcdc18a4543e10aa89552e2fa314ce96f18c,duplicate,22_CARACALLA/side_a/caracalla AD198--AD2170067.jpg,CARACALLA
22_CARACALLA/side_a/caracalla AD198--AD217044 (2).jpg,cd8b6681583af0a6ac6db2982a8d97a8fb379737928135cae959d25cdf1e7dce,duplicate,22_CARACALLA/side_a/caracalla AD198--AD2170068.jpg,CARACALLA
22_CARACALLA/side_a/caracalla AD198--AD217045 (2).jpg,ed39d6140c601658fdd04073c3e0ac68a56b859f0c6e39f736a734904403e664,duplicate,22_CARACALLA/side_a/caracalla AD198--AD2170069.jpg,CARACALLA
22_CARACALLA/side_a/caracalla AD198--AD217046 (2).jpg,9ad7b177d1580f8ad1139af8b6e3d0511b03742ac25b8ee879e2ca1e79c2a847,duplicate,22_CARACALLA/side_a/caracalla AD198--AD2170070.jpg,CARACALLA
22_CARACALLA/side_a/caracalla AD198--AD217048 (2).jpg,f53bb6eceb33f10a37dd3e48d815ce39b2159cdaa2287a691351980de69b19b1,duplicate,22_CARACALLA/side_a/caracalla AD198--AD2170073.jpg,CARACALLA
22_CARACALLA/side_a/caracalla AD198--AD217049 (2).jpg,828dbb34b1cbae8a82b2767f9e53dd3b2f0cb5ad73cc90a591d5aef9db95f3f0,duplicate,22_CARACALLA/side_a/caracalla AD198--AD2170074.jpg,CARACALLA
22_CARACALLA/side_a/caracalla AD198--AD217051 (2).jpg,aa3aaa17415d74d5f7bdb8f75e2f7f7d9d5dea5094209bcafca7dd2bddb25d05,duplicate,22_CARACALLA/side_a/caracalla AD198--AD2170077.jpg,CARACALLA
22_CARACALLA/side_a/caracalla AD198--AD217052 (2).jpg,691f55e4bc0f0bf6f4a192d2dbaaf81217b6c0d79430fe471814c212f8b531a6,duplicate,22_CARACALLA/side_a/caracalla AD198--AD2170081.jpg,CARACALLA
22_CARACALLA/side_a/caracalla AD198--AD217055 (2).jpg,eb4b55e8de25466a889962e226c51b805539c7bd8df01ecd77d870fc0005672f,duplicate,22_CARACALLA/side_a/caracalla AD198--AD2170086.jpg,CARACALLA
22_CARACALLA/side_a/caracalla AD198--AD217056 (2).jpg,b0e12b3c02c73ed32c863207be3992fe094da4be83dae181d45ebde6fedf3390,duplicate,22_CARACALLA/side_a/caracalla AD198--AD2170094.jpg,CARACALLA
22_CARACALLA/side_a/caracalla AD198--AD217057 (2).jpg,a41d8142f749ed656b813bbb090e11f39db68040f9e7ae5f6cec555c00c82c69,duplicate,22_CARACALLA/side_a/caracalla AD198--AD2170095.jpg,CARACALLA
22_CARACALLA/side_a/caracalla AD198--AD217058 (2).jpg,8c3342988a8c3910ee45b6d12c6926f5ea8987eada77adcaafd8e19d8887f68a,duplicate,22_CARACALLA/side_a/caracalla AD198--AD2170096.jpg,CARACALLA
22_CARACALLA/side_a/caracalla AD198--AD217060 (2).jpg,ec5c56a9e88aeb7650e61a0c05abed74e57b2f9f80764829acfaf2a975fd5311,duplicate,22_CARACALLA/side_a/caracalla AD198--AD2170100.jpg,CARACALLA
22_CARACALLA/side_a/caracalla AD198--AD217061 (2).jpg,1bd118fb16c63e0f1dc1a6d2c2a632540c1b979a816486304039db169d25178b,duplicate,22_CARACALLA/side_a/caracalla AD198--AD2170101.jpg,CARACALLA
22_CARACALLA/side_a/caracalla AD198--AD217062 (2).jpg,058168f2e362ce9c2ae4dae24080be62fb617cce0c08e4c2927bc1a21893c447,duplicate,22_CARACALLA/side_a/caracalla AD198--AD2170102.jpg,CARACALLA
22_CARACALLA/side_a/caracalla AD198--AD217063 (2).jpg,1afd0e4779f744c2062ea763bdb73ab12b05d6b8f52fc1046ef5d42703207b06,duplicate,22_CARACALLA/side_a/caracalla AD198--AD2170103.jpg,CARACALLA
22_CARACALLA/side_a/caracalla AD198--AD217065 (2).jpg,b99d0b0e5439b98e83c31a9dafc2ae4842d2440bb9c223d99392c5a665bdfb92,duplicate,22_CARACALLA/side_a/caracalla AD198--AD2170105.jpg,CARACALLA
22_CARACALLA/side_a/caracalla AD198--AD217066 (2).jpg,524b566e83e3fd2ddb6b46b0816caefe3a4ab397b97bd61b27c2d86881e45988,duplicate,22_CARACALLA/side_a/caracalla AD198--AD2170106.jpg,CARACALLA
22_CARACALLA/side_a/caracalla AD198--AD217069 (2).jpg,49bff0f4ec097e8789c351b6a7d550a79f5598a771588ac40bb56d050f3193c1,duplicate,22_CARACALLA/side_a/caracalla AD198--AD2170110.jpg,CARACALLA
22_CARACALLA/side_a/caracalla AD198--AD217070 (2).jpg,df9ad3476c88d4b43928cd0d9bce2e32bbc64c5fda6ec09a3b396942012fc138,duplicate,22_CARACALLA/side_a/caracalla AD198--AD2170112.jpg,CARACALLA
22_CARACALLA/side_a/caracalla AD198--AD217071 (2).jpg,1d0e70ed726a8abd2cb03aec407a09c2286c315733bc96ec2fcd4d1fc2746fab,duplicate,22_CARACALLA/side_a/caracalla AD198--AD2170113.jpg,CARACALLA
22_CARACALLA/side_a/caracalla AD198--AD217072 (2).jpg,a54ecce7fb1b6890159160e933f32f8881f42f51ad0b27f32f392ad47029a1cc,duplicate,22_CARACALLA/side_a/caracalla AD198--AD2170116.jpg,CARACALLA
22_CARACALLA/side_a/caracalla AD198--AD217073 (2).jpg,bbe830671557882cab0eed5935983c4637f1ddee0454389fe84c6362bbc13228,duplicate,22_CARACALLA/side_a/caracalla AD198--AD2170117.jpg,CARACALLA
22_CARACALLA/side_a/caracalla AD198--AD217074 (2).jpg,45234f9a2987133d09f8032be4d97612f8cd5683c25a8f53ac1c629284913ddc,duplicate,22_CARACALLA/side_a/caracalla AD198--AD2170118.jpg,CARACALLA
22_CARACALLA/side_a/caracalla AD198--AD217075 (2).jpg,584a721773c6c9127db144cc12194118ff53738892bbc1de35b1e01d77062581,duplicate,22_CARACALLA/side_a/caracalla AD198--AD2170119.jpg,CARACALLA
22_CARACALLA/side_a/caracalla AD198--AD217076 (2).jpg,3f1dfd874e00a31d0f5dfff35244013b696458ee8b682a51491e97eec1356deb,duplicate,22_CARACALLA/side_a/caracalla AD198--AD2170121.jpg,CARACALLA
22_CARACALLA/side_a/caracalla AD198--AD217077 (2).jpg,5e8ecb3ae893bcaa9af6bd29da470f451fa33a45290a54191befcdc2fe6ab74f,duplicate,22_CARACALLA/side_a/caracalla AD198--AD2170122.jpg,CARACALLA
22_CARACALLA/side_a/caracalla AD198--AD217078 (2).jpg,95fe90c396856e9746431ab434bf7a96d4d6ffd3d2845b18720bd1505464fbc8,duplicate,22_CARACALLA/side_a/caracalla AD198--AD2170123.jpg,CARACALLA
22_CARACALLA/side_a/caracalla AD198--AD217079 (2).jpg,b61eaa10d46a1e5e03a140c4b4542dc074fe9522a024ce360c9db69ec3eac2f6,duplicate,22_CARACALLA/side_a/caracalla AD198--AD2170125.jpg,CARACALLA
22_CARACALLA/side_a/caracalla AD198--AD217080 (2).jpg,f8562991d5a82b78c62e86b1aedfb9f764e46f295d4e92e9b448f3663c471bc2,duplicate,22_CARACALLA/side_a/caracalla AD198--AD2170128.jpg,CARACALLA
22_CARACALLA/side_a/caracalla AD198--AD217081 (2).jpg,fa21d126be980099677b1aed79a04cd93088966f27184d498327eca276f81f45,duplicate,22_CARACALLA/side_a/caracalla AD198--AD2170129.jpg,CARACALLA
22_CARACALLA/side_a/caracalla AD198--AD217082 (2).jpg,2a44e75074538b2107b12c61d0ea0cd5ceaf251a90267c5fdd32c2e157640651,duplicate,22_CARACALLA/side_a/caracalla AD198--AD2170130.jpg,CARACALLA
22_CARACALLA/side_a/caracalla AD198--AD217084 (2).jpg,b236bcaa275ef6b6d35c2afcfccc384a97d8c7d5d6bad7f4cd19023fee989130,duplicate,22_CARACALLA/side_a/caracalla AD198--AD2170136.jpg,CARACALLA
22_CARACALLA/side_a/caracalla AD198--AD217085 (2).jpg,e0222ba38f7d781ae5569a4a197af8292f4e71d644c61ab0163fac567e4dba89,duplicate,22_CARACALLA/side_a/caracalla AD198--AD2170137.jpg,CARACALLA
22_CARACALLA/side_a/caracalla AD198--AD217087 (2).jpg,c9475c2216952f7d5042f92fc5d94bca42e16851e1cea712547a1899caa07cee,duplicate,22_CARACALLA/side_a/caracalla AD198--AD2170143.jpg,CARACALLA
22_CARACALLA/side_a/caracalla AD198--AD217088 (2).jpg,7c35ff52a82eb449f45a9c8703d1271e1a547b798ca90734f8b48dd8a5b45d77,duplicate,22_CARACALLA/side_a/caracalla AD198--AD2170144.jpg,CARACALLA
22_CARACALLA/side_a/caracalla AD198--AD217090 (2).jpg,f6c4429c6f2d380be321ed4fdebce270596a3a854043e4925e9e8cdb6c6aaabe,duplicate,22_CARACALLA/side_a/caracalla AD198--AD2170145.jpg,CARACALLA
22_CARACALLA/side_a/caracalla AD198--AD217091 (2).jpg,22192638593be41645a530e4e6705ddd7b7295957c47665be1fad2b8505b5673,duplicate,22_CARACALLA/side_a/caracalla AD198--AD2170146.jpg,CARACALLA
22_CARACALLA/side_a/caracalla AD198--AD217092 (2).jpg,d125593cf989e65bfd935d27d4b9aeac2a31cdc0f5a913a116763ed6fe5eaecf,duplicate,22_CARACALLA/side_a/caracalla AD198--AD2170148.jpg,CARACALLA
22_CARACALLA/side_a/caracalla AD198--AD217093 (2).jpg,65542b0ca5ad07bf941bbc684d8366c3c4dd7f7148ce88e6ce74b540832a786d,duplicate,22_CARACALLA/side_a/caracalla AD198--AD2170149.jpg,CARACALLA
22_CARACALLA/side_a/caracalla AD198--AD217095 (2).jpg,921e7b46447828794d099390082c8771794986c0b4d87245a9128a34b73dbbde,duplicate,22_CARACALLA/side_a/caracalla AD198--AD2170152.jpg,CARACALLA
22_CARACALLA/side_a/caracalla AD198--AD217096 (2).jpg,a6642a0cd70b1626b5c11b720cc9b4d0acf05548b7d81a862777662152857529,duplicate,22_CARACALLA/side_a/caracalla AD198--AD2170153.jpg,CARACALLA
22_CARACALLA/side_a/caracalla AD198--AD217097 (2).jpg,c3eaba18c0bc518ec1c9da4bf238d290ee15a12ad8d4c7e1ee02507bf8f66bd9,duplicate,22_CARACALLA/side_a/caracalla AD198--AD2170154.jpg,CARACALLA
22_CARACALLA/side_a/caracalla AD198--AD217098 (2).jpg,8ac3e10fcd500b0f3422a111bfbeec95cf14032481f224de2aa826f77a1f052c,duplicate,22_CARACALLA/side_a/caracalla AD198--AD2170156.jpg,CARACALLA
22_CARACALLA/side_a/caracalla AD198--AD217099 (2).jpg,481207842d28e020d32df2686a79277beabc8b1486bde79341be7e61f87db3c2,duplicate,22_CARACALLA/side_a/caracalla AD198--AD2170157.jpg,CARACALLA
22_CARACALLA/side_a/caracalla AD198--AD217100 (2).jpg,37690f42f2f7b9f471f81021db43043b59d49c2114b6b7f27843c9f77a704c29,duplicate,22_CARACALLA/side_a/caracalla AD198--AD2170160.jpg,CARACALLA
22_CARACALLA/side_a/caracalla AD198--AD217101 (2).jpg,9f9b00738f0955930a6d5dadd6480f83fda08f615b4b1b0556c12c99b10b48b1,duplicate,22_CARACALLA/side_a/caracalla AD198--AD2170161.jpg,CARACALLA
22_CARACALLA/side_a/caracalla AD198--AD217102 (2).jpg,e99647def519e226ad120b97bae5b6e97a94ce315f72f0df4303b9b38fff934a,duplicate,22_CARACALLA/side_a/caracalla AD198--AD2170162.jpg,CARACALLA
22_CARACALLA/side_a/caracalla AD198--AD217103 (2).jpg,2c62c2b29fa8591bd9b67929351abdd9d1c1ec581edc45d56ce84a6065de6504,duplicate,22_CARACALLA/side_a/caracalla AD198--AD2170163.jpg,CARACALLA
22_CARACALLA/side_a/caracalla AD198--AD217104 (2).jpg,5c76a8d16586c109fcc4be038cec96590e52288d1fc94740ed4e81fc2ba29b2c,duplicate,22_CARACALLA/side_a/caracalla AD198--AD2170164.jpg,CARACALLA
22_CARACALLA/side_a/caracalla AD198--AD217105 (2).jpg,c5b5294c6befe1abbb6a9656d5dd8c2150f290c6a06528fa81e3a175078b2932,duplicate,22_CARACALLA/side_a/caracalla AD198--AD2170167.jpg,CARACALLA
22_CARACALLA/side_a/caracalla AD198--AD217106 (2).jpg,faf22ff7c39f80ad3a3b2f50dbcd8296ffe8cb5d8b3200317f5be327608857fc,duplicate,22_CARACALLA/side_a/caracalla AD198--AD2170168.jpg,CARACALLA
22_CARACALLA/side_a/image23013.jpg,a24f162d978995c1697d0241466d4149274024b9044ea0b3c0a92e2a8986ea2f,duplicate,22_CARACALLA/side_a/caracalla AD198--AD217017.jpg,CARACALLA
22_CARACALLA/side_a/caracalla AD198--AD217108 (2).jpg,734cef827c21caf0f39e2eee9fb6cadd2789df811339480d901f26353f9b9dbd,duplicate,22_CARACALLA/side_a/caracalla AD198--AD2170171.jpg,CARACALLA
22_CARACALLA/side_a/caracalla AD198--AD217109 (2).jpg,7499aab599fda959cd10d972824557875f347296ae2fb5f5f25288bbc1964c28,duplicate,22_CARACALLA/side_a/caracalla AD198--AD2170174.jpg,CARACALLA
22_CARACALLA/side_a/caracalla AD198--AD217110 (2).jpg,00e659a360ae40025d2ec0d2e422f8a9a0d58f77b9ed861d29d53b546dd331ab,duplicate,22_CARACALLA/side_a/caracalla AD198--AD2170177.jpg,CARACALLA
22_CARACALLA/side_a/caracalla AD198--AD217111 (2).jpg,606c33fe8449dd76584fdab8e5e0c2c0ff43cb9bf23635ce73401ce3182f05c5,duplicate,22_CARACALLA/side_a/caracalla AD198--AD2170178.jpg,CARACALLA
22_CARACALLA/side_a/caracalla AD198--AD217112 (2).jpg,9bc98c5b04cd8a3bd83e16418b692269c12b5de87cfd3aa36a3a4b2c0e85efd5,duplicate,22_CARACALLA/side_a/caracalla AD198--AD2170179.jpg,CARACALLA
22_CARACALLA/side_a/caracalla AD198--AD217113 (2).jpg,7308b0992afd901bea137d443f27cf4928e82ca2f0087f72b42a769e0988e5af,duplicate,22_CARACALLA/side_a/caracalla AD198--AD2170180.jpg,CARACALLA
22_CARACALLA/side_a/caracalla AD198--AD217115 (2).jpg,a92ca184bd8c5fe64448b3980113dfc5501f190e1085138e723b186336a168fd,duplicate,22_CARACALLA/side_a/caracalla AD198--AD2170183.jpg,CARACALLA
22_CARACALLA/side_a/caracalla AD198--AD217116 (2).jpg,a73009d50c23393a2cbf92e61b4f0b1db5ab23251a0608f8fc446a6d407c6312,duplicate,22_CARACALLA/side_a/caracalla AD198--AD2170189.jpg,CARACALLA
22_CARACALLA/side_a/image23018.jpg,d4ac00ff7d228b7e4540781b0573f35ee77d3788a0b7e22473747ac2c0b11b6d,duplicate,22_CARACALLA/side_a/caracalla AD198--AD217019.jpg,CARACALLA
22_CARACALLA/side_a/caracalla AD198--AD217117 (2).jpg,ea3cf26d9f9d8d8e03fbd3924786518cd47e58f0b537f41858807a3887564f05,duplicate,22_CARACALLA/side_a/caracalla AD198--AD2170191.jpg,CARACALLA
22_CARACALLA/side_a/caracalla AD198--AD217119 (2).jpg,4c85247e6c9bd6dd5f962299120800760bfa50515cdef004798209716922a01b,duplicate,22_CARACALLA/side_a/caracalla AD198--AD2170193.jpg,CARACALLA
22_CARACALLA/side_a/caracalla AD198--AD217120 (2).jpg,0edb826d4d15a10ac1ca77d78c5a2ffd9dad5957d402ed5d20210ae5124f269f,duplicate,22_CARACALLA/side_a/caracalla AD198--AD2170195.jpg,CARACALLA
22_CARACALLA/side_a/caracalla AD198--AD217121 (2).jpg,d2b38e94b40dc046077d3ecda842bd485629d9e32780d88256c206d09f98ddf5,duplicate,22_CARACALLA/side_a/caracalla AD198--AD2170198.jpg,CARACALLA
22_CARACALLA/side_a/caracalla AD198--AD217122 (2).jpg,beb70e399d886278915eb5a3482ce05f13e0582e53844ef8ee8794e2d3208415,duplicate,22_CARACALLA/side_a/caracalla AD198--AD2170199.jpg,CARACALLA
22_CARACALLA/side_a/caracalla AD198--AD217123 (2).jpg,aa842959aa0cc5b1a28940945cb4a04293a9910771d94157ea44d2a11949b257,duplicate,22_CARACALLA/side_a/caracalla AD198--AD2170205.jpg,CARACALLA
22_CARACALLA/side_a/caracalla AD198--AD217124 (2).jpg,5794eb1138d01eb34e55a5360366582a7b3f2882a2c8e525c6723965cb65f4fa,duplicate,22_CARACALLA/side_a/caracalla AD198--AD2170206.jpg,CARACALLA
22_CARACALLA/side_a/caracalla AD198--AD217125 (2).jpg,66fee5a9e9ff9363e9632408a897d70344d56d5160c63a784e88a703c1e812ae,duplicate,22_CARACALLA/side_a/caracalla AD198--AD2170207.jpg,CARACALLA
22_CARACALLA/side_a/caracalla AD198--AD217126 (2).jpg,6c9c33ff159f88011e2f3f770aa5de16779877b8a867c69f8b7219a824c9bd80,duplicate,22_CARACALLA/side_a/caracalla AD198--AD2170208.jpg,CARACALLA
22_CARACALLA/side_a/caracalla AD198--AD217127 (2).jpg,4e3c41c52d7c73c97ad06bec079d694cfb16e6b3552e32033a5b3274225c5437,duplicate,22_CARACALLA/side_a/caracalla AD198--AD2170209.jpg,CARACALLA
22_CARACALLA/side_a/image23019.jpg,7d69042bb90bd8cf94ec6fd4e6f297e338a83cf47a14de562506caddca4c0ea7,duplicate,22_CARACALLA/side_a/caracalla AD198--AD217021.jpg,CARACALLA
22_CARACALLA/side_a/caracalla AD198--AD217130 (2).jpg,ba90a1c1d56968b0d64865fd0ba9f7b948a0a7ca44e5b01d05384c614f12a8d7,duplicate,22_CARACALLA/side_a/caracalla AD198--AD2170217.jpg,CARACALLA
22_CARACALLA/side_a/caracalla AD198--AD217131 (2).jpg,ac129ce656494ff9dc6104c5a16bbde14ed1378bcf725adacd51c998dea16d64,duplicate,22_CARACALLA/side_a/caracalla AD198--AD2170218.jpg,CARACALLA
22_CARACALLA/side_a/caracalla AD198--AD217132 (2).jpg,fccfc62c6b2b6a2d68e0e216905cffb0dbf719f4d674548a031e4b89ed757e3b,duplicate,22_CARACALLA/side_a/caracalla AD198--AD2170219.jpg,CARACALLA
22_CARACALLA/side_a/caracalla AD198--AD217133 (2).jpg,287caaec587e698b97eba461d70d4b9895b774d6d09cbdd3f8cf99e18c014df6,duplicate,22_CARACALLA/side_a/caracalla AD198--AD2170221.jpg,CARACALLA
22_CARACALLA/side_a/caracalla AD198--AD217134 (2).jpg,4a4d7663a9e76fd1ff5276821eed9bd8bd436e6fb32a5854b9c33710e9462d23,duplicate,22_CARACALLA/side_a/caracalla AD198--AD2170222.jpg,CARACALLA
22_CARACALLA/side_a/caracalla AD198--AD217135 (2).jpg,e829a135c56c19c290c88b8198a1d90564a2619f4a4f84d4cbc70950243a6376,duplicate,22_CARACALLA/side_a/caracalla AD198--AD2170223.jpg,CARACALLA
22_CARACALLA/side_a/caracalla AD198--AD217136 (2).jpg,829d1fcad02c0721865297d107a279434e9f55636f96b1dd25e8fc98edfe1401,duplicate,22_CARACALLA/side_a/caracalla AD198--AD2170224.jpg,CARACALLA
22_CARACALLA/side_a/caracalla AD198--AD217137 (2).jpg,34ac9c83d243db70684224a10d4c5e7f127889e9b01bf87b6828accba58ba8fe,duplicate,22_CARACALLA/side_a/caracalla AD198--AD2170225.jpg,CARACALLA
22_CARACALLA/side_a/caracalla AD198--AD217139 (2).jpg,34e1aa74fa224159c4ff80b32073b985fbe9b2f334fd4a1d036fb52e2044da0d,duplicate,22_CARACALLA/side_a/caracalla AD198--AD2170227.jpg,CARACALLA
22_CARACALLA/side_a/caracalla AD198--AD217140 (2).jpg,665490baf94548ceeef16c0799f37d3a9a6c371a1071560811e2bd0fd48c92ae,duplicate,22_CARACALLA/side_a/caracalla AD198--AD2170228.jpg,CARACALLA
22_CARACALLA/side_a/image23020.jpg,6166593bf96031a62918ed5201384e810e058ae94d93f669b7ebc55615774fe6,duplicate,22_CARACALLA/side_a/caracalla AD198--AD217023.jpg,CARACALLA
22_CARACALLA/side_a/caracalla AD198--AD217141 (2).jpg,d4c620165b392eb8aae0615208d083b8c9d21693403e8abe3ec0d8ac39cfff01,duplicate,22_CARACALLA/side_a/caracalla AD198--AD2170230.jpg,CARACALLA
22_CARACALLA/side_a/caracalla AD198--AD217142 (2).jpg,ffd03c5ee5f3e8d3c26c9b152327a0aeecadea9a4b8f87fed31b2358d09df46e,duplicate,22_CARACALLA/side_a/caracalla AD198--AD2170233.jpg,CARACALLA
22_CARACALLA/side_a/image23027.jpg,3d7d10c6fa8ab6d68516be8eec1583baeafc661ccc6104fcacb99190de772431,duplicate,22_CARACALLA/side_a/caracalla AD198--AD217025.jpg,CARACALLA
22_CARACALLA/side_a/image23028.jpg,d6f9667abc0172868134b8e54ebf979daf277a5c8f1b20c63ea311bf6df651db,duplicate,22_CARACALLA/side_a/caracalla AD198--AD217027.jpg,CARACALLA
22_CARACALLA/side_a/image23061.jpg,098112d731584161c3cffbc84c5c1e4daa866256dee9d9987499fbf3370a9a67,duplicate,22_CARACALLA/side_a/caracalla AD198--AD217029.jpg,CARACALLA
22_CARACALLA/side_a/image23091.jpg,3b8065b8913a947382958dd697bb258d0a5416798085fcb1cd8d9421cce0e6fa,duplicate,22_CARACALLA/side_a/caracalla AD198--AD217031.jpg,CARACALLA
22_CARACALLA/side_a/caracalla AD198--AD2170889.jpg,e8b52f9da4fff158b4faae399170e15298a4a62295ba247c28c47fff1733c84e,duplicate,22_CARACALLA/side_a/caracalla AD198--AD2170885.jpg,CARACALLA
22_CARACALLA/side_a/image22240.jpg,d6eb45b23ef6c439495b119a965ac3d82693e7a5dfbb8f1295b2c99679d0f5aa,duplicate,22_CARACALLA/side_a/caracalla AD198--AD217099.jpg,CARACALLA
22_CARACALLA/side_a/image00367 (2).jpg,2679741d7787cc33033b79fee713d3daca2a2931ab14d6480e7398ab7c53e430,duplicate,22_CARACALLA/side_a/image00269 (1).jpg,CARACALLA
22_CARACALLA/side_a/image00449 (3).jpg,f375de1a680b2cb5ad2d292d06176f4c2150bf4dd3739b0a7a232ef5b2d5a270,duplicate,22_CARACALLA/side_a/image00449 (2).jpg,CARACALLA
22_CARACALLA/side_a/image02481.jpg,606e00781b0ae971f7c0a1212bab2b4a358968c00c82c32588f599904e6edd0f,label_conflict,,CARACALLA|PUPIENUS
30_PUPIENUS/side_a/image02481.jpg,606e00781b0ae971f7c0a1212bab2b4a358968c00c82c32588f599904e6edd0f,label_conflict,,CARACALLA|PUPIENUS
22_CARACALLA/side_a/image04498.jpg,8fc82ea6acf08886b52441cf49855488282bb147c87ff95e95664f173e5fde0d,duplicate,22_CARACALLA/side_a/image03626.jpg,CARACALLA
22_CARACALLA/side_a/image21411.jpg,34e027b20b195fccb03df98a6ecab0e10642bbac0504b6d7cb2701758683136b,label_conflict,,CARACALLA|GETA
23_GETA/side_a/image21411.jpg,34e027b20b195fccb03df98a6ecab0e10642bbac0504b6d7cb2701758683136b,label_conflict,,CARACALLA|GETA
22_CARACALLA/side_a/image26302.jpg,56d1793c2f62be8f022aaa5dc4786630efb5554eef40f3410fa7b03e264c61ef,label_conflict,,CARACALLA|ELAGABALUS|SEVERUS ALEXANDER
25_ELAGABALUS/side_a/image26302.jpg,56d1793c2f62be8f022aaa5dc4786630efb5554eef40f3410fa7b03e264c61ef,label_conflict,,CARACALLA|ELAGABALUS|SEVERUS ALEXANDER
26_SEVERUS ALEXANDER/side_a/image26302.jpg,56d1793c2f62be8f022aaa5dc4786630efb5554eef40f3410fa7b03e264c61ef,label_conflict,,CARACALLA|ELAGABALUS|SEVERUS ALEXANDER
23_GETA/side_a/Geta AD209-AD2110014.jpg,fb1d1420966627fa30f83eec58587523c44d43aa934e4e56e7ef92748d3ad57c,duplicate,23_GETA/side_a/Geta AD209-AD2110007.jpg,GETA
23_GETA/side_a/Geta AD209-AD2110013.jpg,9b839e7bf6776c8ada45c3cbc9f59b0730ff9f116ee8354d6b503a7fe76e45be,duplicate,23_GETA/side_a/Geta AD209-AD2110008.jpg,GETA
23_GETA/side_a/image00452 (1).jpg,26e5d2799e2fb2e4de6f6ac12b7ff223ce9c3827aa9cbf6020ac7f2f8049725f,duplicate,23_GETA/side_a/Geta AD209-AD211004 (1).jpg,GETA
23_GETA/side_a/image00642.jpg,34029e910b7af99f19bff901e79e8a86b8861f402be1cc9745e34bbcdb1a0e81,duplicate,23_GETA/side_a/Geta AD209-AD211010 (1).jpg,GETA
23_GETA/side_a/image00643.jpg,e2ad3d5d815634d31fb74c9cd357be085fe0a7affa4c49390ba450ee757f639b,duplicate,23_GETA/side_a/Geta AD209-AD211012 (1).jpg,GETA
23_GETA/side_a/image00495.jpg,0cc2985ffba4c801a2e05ae866a7460a119b5bfbf5a849b580b40d1ad3bf9745,duplicate,23_GETA/side_a/Geta AD209-AD211022 (1).jpg,GETA
23_GETA/side_a/image00700.jpg,027d708fa1716d45643f7ecc82f55038182b8fe3e6f3e61185f8bfea4fb61293,duplicate,23_GETA/side_a/Geta AD209-AD211024 (1).jpg,GETA
23_GETA/side_a/image00140.jpg,b56865f1bbc456cd5005c2786f99116d5ea9224778df90a9933a3ed2c70983b7,duplicate,23_GETA/side_a/Geta AD209-AD211026 (1).jpg,GETA
23_GETA/side_a/image00379 (4).jpg,689ccc0cd85af607ef484f92b0589a9a6fd727113196a6a725d88581ba9aa602,duplicate,23_GETA/side_a/Geta AD209-AD211028 (1).jpg,GETA
23_GETA/side_a/image00329.jpg,12aecbc630dc4e1c075808a79f59f5b631d90d735ac4381b80f942af03cddaa3,duplicate,23_GETA/side_a/Geta AD209-AD211032 (1).jpg,GETA
23_GETA/side_a/image00365.jpg,f67ec1841a92793550772086ead363a0767fd3010267584c730fd3f63affb54a,duplicate,23_GETA/side_a/Geta AD209-AD211034 (1).jpg,GETA
23_GETA/side_a/image00621 (1).jpg,a6614379b09877d2fcd2c31255b5cc7d4f5373e32e6f5a9196ce698a0b8c25cf,duplicate,23_GETA/side_a/Geta AD209-AD211036.jpg,GETA
23_GETA/side_a/image00622 (2).jpg,644f5efc029ee4f5715ddec3be2c0322472bbaa7eaa71b9c412256e5324ec8f4,duplicate,23_GETA/side_a/Geta AD209-AD211038 (1).jpg,GETA
23_GETA/side_a/image00613 (1).jpg,a3e525e9f9c62846288964727039f69e7f641af0184e1cb2d4d182a03c6a12d5,duplicate,23_GETA/side_a/Geta AD209-AD21104.jpg,GETA
23_GETA/side_a/image00623 (1).jpg,a7d658f037d7ed782798e8cb48dc5d3ce414e1440e5beb7cc55316a81c372bac,duplicate,23_GETA/side_a/Geta AD209-AD211040 (1).jpg,GETA
23_GETA/side_a/image00624.jpg,22a277fef6ad14d3428883c49bb7ba08481c623f845427a3d04138e521365c09,duplicate,23_GETA/side_a/Geta AD209-AD211042 (1).jpg,GETA
23_GETA/side_a/image00625.jpg,aff94c363e9a80a3588934a72d8df9967d55216f24cb41b63a8dcf2cc6f5e7b1,duplicate,23_GETA/side_a/Geta AD209-AD211044 (1).jpg,GETA
23_GETA/side_a/image00219 (1).jpg,e66620c49e67594b2835335f2865e6d816fb94d466a15b8cf9f43f9a6a4c992d,duplicate,23_GETA/side_a/Geta AD209-AD211046 (1).jpg,GETA
23_GETA/side_a/image00522.jpg,3a5e9cef90f2dc6732f4f3b28c9818a9cc4dec649621b8dbfedb8e8b60be7f06,duplicate,23_GETA/side_a/Geta AD209-AD211056 (1).jpg,GETA
23_GETA/side_a/image00921.jpg,de147dec6b0ee9def08927f5736fe7520603da27c0ad28a963a6e34c1445a84b,duplicate,23_GETA/side_a/Geta AD209-AD211058 (1).jpg,GETA
23_GETA/side_a/image00348 (2).jpg,171a712307e060305c8c662a3b2eaa04b708914b80348c01c3823f0769bac932,duplicate,23_GETA/side_a/Geta AD209-AD211062.jpg,GETA
23_GETA/side_a/image00349.jpg,1a9ee37b295596fbe05f83221b13c5cbaa6cd65bc1614bf3bbd7816a8bbbd33b,duplicate,23_GETA/side_a/Geta AD209-AD211064.jpg,GETA
23_GETA/side_a/image00994.jpg,1a15eec5d1d08c20e3a12d7ee4e2577662ab560a6fbe40ade064b8fd5eecf939,duplicate,23_GETA/side_a/Geta AD209-AD21108.jpg,GETA
23_GETA/side_a/image23012.jpg,c8f7966222db4b1868f1e5da36adec4060d3f4c1f5aebcf978db79c54a2c66bd,duplicate,23_GETA/side_a/Geta AD209-AD211085.jpg,GETA
23_GETA/side_a/image23039.jpg,c26c0cd40868c94ef1e2d2224b45121523a0fcff526cdde80e0eb51d27bd9082,duplicate,23_GETA/side_a/Geta AD209-AD211087.jpg,GETA
23_GETA/side_a/image00279 (2).jpg,6c0b89e8c60874beac0254de4fd922aba95af6b517df6cda4e5c7ba50e01e79f,duplicate,23_GETA/side_a/Geta AD209-AD211089.jpg,GETA
23_GETA/side_a/image00605.jpg,4fb40d88be84ca3d51a07618a301c9777e1fd960129aee9607f864bf450b6a39,duplicate,23_GETA/side_a/Geta AD209-AD211091.jpg,GETA
23_GETA/side_a/image24132.jpg,f9f468b32e8fe20ead5a3cad6304806500fe41bfbf606030478c1bd8f626c9be,duplicate,23_GETA/side_a/Geta AD209-AD211095.jpg,GETA
23_GETA/side_a/image24133.jpg,f5141dad2437d1e2d649502deba7adf58647ae142bf6b5e6bc6293600489599a,duplicate,23_GETA/side_a/Geta AD209-AD211097.jpg,GETA
23_GETA/side_a/image01108.jpg,10204e4c26d65775acadb9e4fd78099c022519dee8c82559d4f2e40012e9e1d8,duplicate,23_GETA/side_a/Geta AD209-AD21112.jpg,GETA
23_GETA/side_a/image00413 (1).jpg,a1961d1f444aa250f76c5b6f9d249217fbf0466fcae0e6b03bd4dca01acbf0c7,duplicate,23_GETA/side_a/Geta AD209-AD21134.jpg,GETA
23_GETA/side_a/image00346 (4).jpg,55ac2a0cd2126956d8607fd15c495512bf6c8171f99792462175d0e7031c26f0,duplicate,23_GETA/side_a/Geta AD209-AD21142.jpg,GETA
23_GETA/side_a/image00395 (3).jpg,12be6b1526be9f6f414703bba1e870c6bf038ebfe16498c63610beec7fb13d44,duplicate,23_GETA/side_a/image00292 (1).jpg,GETA
23_GETA/side_a/image97389.jpg,cf829a03da1bab10fb8e8d0dc15a499ce011a6c3a41b179c1b2fe0b2f1671139,duplicate,23_GETA/side_a/image35314.jpg,GETA
24_MACRINUS/side_a/macrinus AD217-AD218045 (1).jpg,683464c6704f0126603f8810a3b4b484b59eaea099f9fcd19886d999e6c6bf2a,duplicate,24_MACRINUS/side_a/image00062.jpg,MACRINUS
24_MACRINUS/side_a/macrinus AD217-AD218047 (1).jpg,76c546b47f448003945e23618bb75be845aa0a40ad05047d20117d13db31b34c,duplicate,24_MACRINUS/side_a/image00063.jpg,MACRINUS
24_MACRINUS/side_a/macrinus AD217-AD218031 (1).jpg,dcb6bff853e668c63e585760bb94dbef7345bcf07d3a3495c2a58309edcfca52,duplicate,24_MACRINUS/side_a/image00090.jpg,MACRINUS
24_MACRINUS/side_a/macrinus AD217-AD218079 (1).jpg,c342bb27b42c1b98f37da5eb816668d392de51582f135f8d1afe30a8c713fde8,duplicate,24_MACRINUS/side_a/image00103.jpg,MACRINUS
24_MACRINUS/side_a/image00260 (2).jpg,d40dfb05bb8e9954e36133167fb4608199eaf75d7df2d4293a4c3fc37feb4a5c,duplicate,24_MACRINUS/side_a/image00189.jpg,MACRINUS
24_MACRINUS/side_a/image00342.jpg,f093fd346ddf4c4733fcb953395b4e3eeafca3bf051ae439883008c9ec0e54d6,duplicate,24_MACRINUS/side_a/image00342(1).jpg,MACRINUS
24_MACRINUS/side_a/macrinus AD217-AD218033 (1).jpg,5c8a34d3212fa078106004a72cd72aba8efbd6d44542b836063445beeec31975,duplicate,24_MACRINUS/side_a/image00350 (2).jpg,MACRINUS
24_MACRINUS/side_a/macrinus AD217-AD218035 (1).jpg,ebb48bf02b849db18f9d2a9cf56f87ccf5a7fa0eba6e9562573e2364b3a3ba46,duplicate,24_MACRINUS/side_a/image00351 (3).jpg,MACRINUS
24_MACRINUS/side_a/macrinus AD217-AD218037 (1).jpg,624b3c56b102df701994ae7545fb8f2188b75b27d65fcbd0ddb346ad16de0bf2,duplicate,24_MACRINUS/side_a/image00352.jpg,MACRINUS
24_MACRINUS/side_a/image00800.jpg,cf5fde127be065e586bf05b1ed86e7c5070c3ffd4da6869f50a030c56727c232,label_conflict,,ELAGABALUS|MACRINUS
25_ELAGABALUS/side_a/image00800.jpg,cf5fde127be065e586bf05b1ed86e7c5070c3ffd4da6869f50a030c56727c232,label_conflict,,ELAGABALUS|MACRINUS
24_MACRINUS/side_a/macrinus AD217-AD218023 (1).jpg,2337c9f5c02ba27b36ae7b3f2d68d380f68f89f26d91b044affcc76d4c9003f6,duplicate,24_MACRINUS/side_a/image24134.jpg,MACRINUS
24_MACRINUS/side_a/macrinus AD217-AD218025 (1).jpg,7cf1445db4f715f7045d94b9911634579398cb76dcdaa65ed5cafdadaa18cdd5,duplicate,24_MACRINUS/side_a/image24135.jpg,MACRINUS
25_ELAGABALUS/side_a/elagabulus AD218-AD2221 (1).jpg,ee1814f9c6c2554b39d3fb242020f31453a2e259572914a04c361d32070fd351,duplicate,25_ELAGABALUS/side_a/elagabulus AD218-AD22201.jpg,ELAGABALUS
25_ELAGABALUS/side_a/image00083.jpg,f4e293dd6975445097ffcda1a21eea734a54c509b9b29bccc6c214d0997893ed,duplicate,25_ELAGABALUS/side_a/elagabulus AD218-AD222021.jpg,ELAGABALUS
25_ELAGABALUS/side_a/elagabulus AD218-AD2222.jpg,2a4878bd890b0c0fd4b40e73e17db13593076bdcff4829e7ab1dc31df72be9ee,duplicate,25_ELAGABALUS/side_a/elagabulus AD218-AD22204.jpg,ELAGABALUS
25_ELAGABALUS/side_a/elagabulus AD218-AD2223.jpg,8388a27fe5c7d0e884c603cc50cea206f949ef5a32f43d6258d950fbc0f66273,duplicate,25_ELAGABALUS/side_a/elagabulus AD218-AD22208.jpg,ELAGABALUS
25_ELAGABALUS/side_a/image00355 (3).jpg,1ac8cad9945c30ed67deb1a48eddf3de3cdd05d813ca6288309ef444d4118a30,duplicate,25_ELAGABALUS/side_a/elagabulus AD218-AD222081.jpg,ELAGABALUS
25_ELAGABALUS/side_a/image00356 (1).jpg,71c015cd19540b5d571cb7e17b4d79b6893aad54910ea5094ca73580d0371774,duplicate,25_ELAGABALUS/side_a/elagabulus AD218-AD222083.jpg,ELAGABALUS
25_ELAGABALUS/side_a/image00357.jpg,44304f33d38f1a5840cbf54638d36ea34ff3ea8c2f509a29471c4f56ad96d98c,duplicate,25_ELAGABALUS/side_a/elagabulus AD218-AD222085.jpg,ELAGABALUS
25_ELAGABALUS/side_a/image00358 (1).jpg,b678ea2bdc6f6ce2884d7d7680bad856a956e6434fba6a73e78724336113a258,duplicate,25_ELAGABALUS/side_a/elagabulus AD218-AD222087.jpg,ELAGABALUS
25_ELAGABALUS/side_a/image00359 (1).jpg,23b6015ce836978e73be5f4fb607f4d71ff108a6fde2fc83a7532fd04a680d65,duplicate,25_ELAGABALUS/side_a/elagabulus AD218-AD222089.jpg,ELAGABALUS
25_ELAGABALUS/side_a/image00360 (1).jpg,583cd560548c13cdecfcef933d12a03554ebc547581cc347057ea0472e47bd74,duplicate,25_ELAGABALUS/side_a/elagabulus AD218-AD222091.jpg,ELAGABALUS
25_ELAGABALUS/side_a/image00361 (1).jpg,c5186803ff6e81dbe0d476355c8857f5fef39a3093da5b89ca95a5e7d33a548c,duplicate,25_ELAGABALUS/side_a/elagabulus AD218-AD222093.jpg,ELAGABALUS
25_ELAGABALUS/side_a/elagabulus AD218-AD222244.jpg,d8dab8c248872048e18638cbd441e1f8e40ab16e5f585c9a63254feead0db60c,duplicate,25_ELAGABALUS/side_a/elagabulus AD218-AD2221.jpg,ELAGABALUS
25_ELAGABALUS/side_a/elagabulus AD218-AD2224.jpg,cef9be0237ce8bb24af09e6f312be2bf57068b1cc5031a567768775216ecb0fd,duplicate,25_ELAGABALUS/side_a/elagabulus AD218-AD22210.jpg,ELAGABALUS
25_ELAGABALUS/side_a/elagabulus AD218-AD2225.jpg,cafce83bb559ab8d6eff632cbf44523849b1e25a271ffd96a760689cf64258a2,duplicate,25_ELAGABALUS/side_a/elagabulus AD218-AD22212.jpg,ELAGABALUS
25_ELAGABALUS/side_a/elagabulus AD218-AD2226.jpg,5544d512b59fe98d96114b35c73f5ba9de6ad685de7ead8966843ec07ced11d6,duplicate,25_ELAGABALUS/side_a/elagabulus AD218-AD22213.jpg,ELAGABALUS
25_ELAGABALUS/side_a/image00103.jpg,54f2f6f91747402c72f52dfebf05c97fa20ba0f02076e4ed58a3a106fabea21c,duplicate,25_ELAGABALUS/side_a/elagabulus AD218-AD222199.jpg,ELAGABALUS
25_ELAGABALUS/side_a/image01477.jpg,bd0673a9251ff5e64bdbe1e964e43b5d0284cdac490783087e1b2fea070eaeb0,label_conflict,,CLAUDIUS GOTHICUS|ELAGABALUS|GALLIENUS|GORDIAN III|VALERIAN
32_GORDIAN III/side_a/image01477.jpg,bd0673a9251ff5e64bdbe1e964e43b5d0284cdac490783087e1b2fea070eaeb0,label_conflict,,CLAUDIUS GOTHICUS|ELAGABALUS|GALLIENUS|GORDIAN III|VALERIAN
38_VALERIAN/side_a/image01477.jpg,bd0673a9251ff5e64bdbe1e964e43b5d0284cdac490783087e1b2fea070eaeb0,label_conflict,,CLAUDIUS GOTHICUS|ELAGABALUS|GALLIENUS|GORDIAN III|VALERIAN
39_GALLIENUS/side_a/image01477.jpg,bd0673a9251ff5e64bdbe1e964e43b5d0284cdac490783087e1b2fea070eaeb0,label_conflict,,CLAUDIUS GOTHICUS|ELAGABALUS|GALLIENUS|GORDIAN III|VALERIAN
40_CLAUDIUS GOTHICUS/side_a/image01477.jpg,bd0673a9251ff5e64bdbe1e964e43b5d0284cdac490783087e1b2fea070eaeb0,label_conflict,,CLAUDIUS GOTHICUS|ELAGABALUS|GALLIENUS|GORDIAN III|VALERIAN
25_ELAGABALUS/side_a/image25085.jpg,0d3b179e285737f5e2e4c74c44b94e39634e4e91e495d35ec8725803254d9af7,label_conflict,,BALBINUS|ELAGABALUS
31_BALBINUS/side_a/image25085.jpg,0d3b179e285737f5e2e4c74c44b94e39634e4e91e495d35ec8725803254d9af7,label_conflict,,BALBINUS|ELAGABALUS
25_ELAGABALUS/side_a/image25977.jpg,810bf75ca10102df9f671eda72bd1c2f42967d584cd84ab450e892cd567a96eb,label_conflict,,ELAGABALUS|SEVERUS ALEXANDER
26_SEVERUS ALEXANDER/side_a/image25977.jpg,810bf75ca10102df9f671eda72bd1c2f42967d584cd84ab450e892cd567a96eb,label_conflict,,ELAGABALUS|SEVERUS ALEXANDER
25_ELAGABALUS/side_a/image31058.jpg,7704b95996548411aa32d600045b1608203079355efd4c65e88926f087180494,label_conflict,,BALBINUS|ELAGABALUS
31_BALBINUS/side_a/image31058.jpg,7704b95996548411aa32d600045b1608203079355efd4c65e88926f087180494,label_conflict,,BALBINUS|ELAGABALUS
26_SEVERUS ALEXANDER/side_a/Alexander Severus 01001 (3).jpg,21086c05e167588403933a2594d74ec1fc1f66893a311887d945dd1bf390734a,duplicate,26_SEVERUS ALEXANDER/side_a/Alexander Severus 01001 (2).jpg,SEVERUS ALEXANDER
26_SEVERUS ALEXANDER/side_a/Alexander Severus 01393.jpg,21086c05e167588403933a2594d74ec1fc1f66893a311887d945dd1bf390734a,duplicate,26_SEVERUS ALEXANDER/side_a/Alexander Severus 01001 (2).jpg,SEVERUS ALEXANDER
26_SEVERUS ALEXANDER/side_a/image00449.jpg,1f54b5b1823f33e5145705bb45662d245e42018ea1ab89674889a411cebcd26d,duplicate,26_SEVERUS ALEXANDER/side_a/Alexander Severus 01001.jpg,SEVERUS ALEXANDER
26_SEVERUS ALEXANDER/side_a/Alexander Severus 01003 (2).jpg,622930e95d753a2c11efce3bdfee9967409e288503a8484682da792b75e46de7,duplicate,26_SEVERUS ALEXANDER/side_a/Alexander Severus 01003 (1).jpg,SEVERUS ALEXANDER
26_SEVERUS ALEXANDER/side_a/Alexander Severus 01395.jpg,622930e95d753a2c11efce3bdfee9967409e288503a8484682da792b75e46de7,duplicate,26_SEVERUS ALEXANDER/side_a/Alexander Severus 01003 (1).jpg,SEVERUS ALEXANDER
26_SEVERUS ALEXANDER/side_a/Alexander Severus 01005 (3).jpg,a7e8788bb971e8e1b02691b9d1fdce446a5ee32332e7a2fffc716552c63a7ecb,duplicate,26_SEVERUS ALEXANDER/side_a/Alexander Severus 01005 (2).jpg,SEVERUS ALEXANDER
26_SEVERUS ALEXANDER/side_a/image10135.jpg,c19aa0e823d405fe6b0f91095fe462d07558b267f84d925390c9d7158c6da17c,duplicate,26_SEVERUS ALEXANDER/side_a/Alexander Severus 01005.jpg,SEVERUS ALEXANDER
26_SEVERUS ALEXANDER/side_a/image10136.jpg,5d12273a3abe8a4f655a33bd6759bff2f38c63b8cd1918773a6445e9a58137b0,duplicate,26_SEVERUS ALEXANDER/side_a/Alexander Severus 01007.jpg,SEVERUS ALEXANDER
26_SEVERUS ALEXANDER/side_a/Alexander Severus 01011 (3).jpg,92b51ddd77dcc7cdcf04d05fbebc82edfcab04a529d2f65e03cb8f242713662b,duplicate,26_SEVERUS ALEXANDER/side_a/Alexander Severus 01011 (2).jpg,SEVERUS ALEXANDER
26_SEVERUS ALEXANDER/side_a/image00819.jpg,d72a36ac4b0f06e7cbd9cd3e05f686c864f8a392bd19be2c4dc02c5f93a13c55,duplicate,26_SEVERUS ALEXANDER/side_a/Alexander Severus 01011.jpg,SEVERUS ALEXANDER
26_SEVERUS ALEXANDER/side_a/Alexander Severus 01013 (3).jpg,49cd9bcc55e67b1c8847e7c648c722b6e1febddc66acb9fcbbeafa4356bdd181,duplicate,26_SEVERUS ALEXANDER/side_a/Alexander Severus 01013 (2).jpg,SEVERUS ALEXANDER
26_SEVERUS ALEXANDER/side_a/Alexander Severus 01017 (3).jpg,05751c4aa145fb235565661df5036e1e362671020836dba86ab08cc3018330f0,duplicate,26_SEVERUS ALEXANDER/side_a/Alexander Severus 01017 (2).jpg,SEVERUS ALEXANDER
26_SEVERUS ALEXANDER/side_a/image07649.jpg,440b6e716cdc708c17200e1b7a6db2513a4c72f9ad0165fd9647c5710ba7fe99,duplicate,26_SEVERUS ALEXANDER/side_a/Alexander Severus 01019.jpg,SEVERUS ALEXANDER
26_SEVERUS ALEXANDER/side_a/image07650.jpg,74f8f155ec97b5ce79b11ff4dd734a180a986f1ca5dec0995b53b37dd3135277,duplicate,26_SEVERUS ALEXANDER/side_a/Alexander Severus 01021.jpg,SEVERUS ALEXANDER
26_SEVERUS ALEXANDER/side_a/Alexander Severus 01023 (3).jpg,0284e1785faf091e24fae54aaeb05df97dbcb250103ee6949f765be1bf0463ed,duplicate,26_SEVERUS ALEXANDER/side_a/Alexander Severus 01023 (2).jpg,SEVERUS ALEXANDER
26_SEVERUS ALEXANDER/side_a/Alexander Severus 01029 (3).jpg,e90bd0d3e8ca067c334749da1d3601db0a80768667d1416bb56b9385969f7a24,duplicate,26_SEVERUS ALEXANDER/side_a/Alexander Severus 01029 (2).jpg,SEVERUS ALEXANDER
26_SEVERUS ALEXANDER/side_a/Alexander Severus 01031 (3).jpg,4edd3c5f3c6e3fbfa4df176215d310f3471ebe9be44d6b9f485dacb1a9213571,duplicate,26_SEVERUS ALEXANDER/side_a/Alexander Severus 01031 (2).jpg,SEVERUS ALEXANDER
26_SEVERUS ALEXANDER/side_a/Alexander Severus 01033 (3).jpg,cce22c69f015a40cf76c44711d6bcc3d3bc3ffe25f0fd1577105c9194a2fc580,duplicate,26_SEVERUS ALEXANDER/side_a/Alexander Severus 01033 (2).jpg,SEVERUS ALEXANDER
26_SEVERUS ALEXANDER/side_a/Alexander Severus 01047.jpg,66b719658d1e45ad0111bff9368ac71be53bc6fb147071d9dcf64fa6c45b305c,duplicate,26_SEVERUS ALEXANDER/side_a/Alexander Severus 01039.jpg,SEVERUS ALEXANDER
26_SEVERUS ALEXANDER/side_a/Alexander Severus 01055.jpg,66b719658d1e45ad0111bff9368ac71be53bc6fb147071d9dcf64fa6c45b305c,duplicate,26_SEVERUS ALEXANDER/side_a/Alexander Severus 01039.jpg,SEVERUS ALEXANDER
26_SEVERUS ALEXANDER/side_a/Alexander Severus 01041 (3).jpg,820474f566a36d63d12a0c3ba748552cb6f647487ef076914cd466ded4ed3041,duplicate,26_SEVERUS ALEXANDER/side_a/Alexander Severus 01041 (2).jpg,SEVERUS ALEXANDER
26_SEVERUS ALEXANDER/side_a/Alexander Severus 01043 (3).jpg,2ed25a227b574b64eaa097451e84f019a2c96cec59103886266d095ff8174a33,duplicate,26_SEVERUS ALEXANDER/side_a/Alexander Severus 01043 (2).jpg,SEVERUS ALEXANDER
26_SEVERUS ALEXANDER/side_a/Alexander Severus 01049 (3).jpg,6a5613c6d7e0a5735eeee1de079df6f7ef1e7e91eb1ce27f3e88ec0e24e08afb,duplicate,26_SEVERUS ALEXANDER/side_a/Alexander Severus 01049 (2).jpg,SEVERUS ALEXANDER
26_SEVERUS ALEXANDER/side_a/Alexander Severus 01051 (3).jpg,094a9f553fd9d9027a7ddc52378757ed2103ca5ad21beac29c636e6c83d607c1,duplicate,26_SEVERUS ALEXANDER/side_a/Alexander Severus 01051 (2).jpg,SEVERUS ALEXANDER
26_SEVERUS ALEXANDER/side_a/Alexander Severus 01055 (3).jpg,ca54763c4036fd091c5163edee8124f2fd4b7e3c642c0fc4939ecfa23716dbfd,duplicate,26_SEVERUS ALEXANDER/side_a/Alexander Severus 01055 (2).jpg,SEVERUS ALEXANDER
26_SEVERUS ALEXANDER/side_a/Alexander Severus 01059 (2).jpg,75704cdb3001c0623e1f150f8e37180b6ce81bffae3d053406fd15d2e3fa6b24,duplicate,26_SEVERUS ALEXANDER/side_a/Alexander Severus 01059 (1).jpg,SEVERUS ALEXANDER
26_SEVERUS ALEXANDER/side_a/image03370.jpg,ce2893e6f2f8623387ac5409a6821adb93d50ced4426ab8107a85b76fe5b4b24,duplicate,26_SEVERUS ALEXANDER/side_a/Alexander Severus 01059.jpg,SEVERUS ALEXANDER
26_SEVERUS ALEXANDER/side_a/Alexander Severus 01061 (3).jpg,ff4380b048b7750ff3f42434f724828910b153d33a84674629660af2b1069622,duplicate,26_SEVERUS ALEXANDER/side_a/Alexander Severus 01061 (2).jpg,SEVERUS ALEXANDER
26_SEVERUS ALEXANDER/side_a/Alexander Severus 01063 (3).jpg,1907b0808683f294753b780a897efbaa485770c6248add316ea985998cdf7c6a,duplicate,26_SEVERUS ALEXANDER/side_a/Alexander Severus 01063 (2).jpg,SEVERUS ALEXANDER
26_SEVERUS ALEXANDER/side_a/Alexander Severus 01065 (3).jpg,8b4ca6486ccc72c3f085294ee7aaa45b4a3724e3ecb55fa98ade354c75deb93a,duplicate,26_SEVERUS ALEXANDER/side_a/Alexander Severus 01065 (2).jpg,SEVERUS ALEXANDER
26_SEVERUS ALEXANDER/side_a/Alexander Severus 01067 (3).jpg,60c741f21d9b11ed1db1d45843947094e7c0c8d45b7c6db08bea68b7cdae4ec9,duplicate,26_SEVERUS ALEXANDER/side_a/Alexander Severus 01067 (2).jpg,SEVERUS ALEXANDER
26_SEVERUS ALEXANDER/side_a/Alexander Severus 01069 (2).jpg,18156fac22d42947b61d30b49f2aa53b22b825227b81383c6c8998362d802e63,duplicate,26_SEVERUS ALEXANDER/side_a/Alexander Severus 01069 (1).jpg,SEVERUS ALEXANDER
26_SEVERUS ALEXANDER/side_a/Alexander Severus 01073 (3).jpg,2d712ce2f686bcdf4ee9d4245213681a32b620b3c405adc23a980208b02fa5cf,duplicate,26_SEVERUS ALEXANDER/side_a/Alexander Severus 01073 (2).jpg,SEVERUS ALEXANDER
26_SEVERUS ALEXANDER/side_a/Alexander Severus 01075 (3).jpg,0bfbff3ce93dbe3824b9ee840177127905239961f1b89a83ec4aa5dabcae45dd,duplicate,26_SEVERUS ALEXANDER/side_a/Alexander Severus 01075 (2).jpg,SEVERUS ALEXANDER
26_SEVERUS ALEXANDER/side_a/Alexander Severus 01079 (3).jpg,a092cc68000ffd74dfddb47cf6c7f890bc9c26fe2d3bf20db8b30a9c160dc6d0,duplicate,26_SEVERUS ALEXANDER/side_a/Alexander Severus 01079 (2).jpg,SEVERUS ALEXANDER
26_SEVERUS ALEXANDER/side_a/Alexander Severus 01081 (3).jpg,446115ddd1b2ff43e689de8040cc62b209543847cba474f4df059df5a520db79,duplicate,26_SEVERUS ALEXANDER/side_a/Alexander Severus 01081 (2).jpg,SEVERUS ALEXANDER
26_SEVERUS ALEXANDER/side_a/Alexander Severus 01083 (3).jpg,fe775bc8c1dfc61646d6d94a53091c2c51d7f6036a23255446302b9f2ed710e9,duplicate,26_SEVERUS ALEXANDER/side_a/Alexander Severus 01083 (2).jpg,SEVERUS ALEXANDER
26_SEVERUS ALEXANDER/side_a/Alexander Severus 01087 (3).jpg,81b5c9b7d4e1a3402fcfa51f34d973f05dafb05edc7b8727925660661c7e6136,duplicate,26_SEVERUS ALEXANDER/side_a/Alexander Severus 01087 (2).jpg,SEVERUS ALEXANDER
26_SEVERUS ALEXANDER/side_a/Alexander Severus 01089 (3).jpg,ef6efd6d79918f37477ad02c3f62ca0dfe4514b2eadd4007d58cbad03233d0b2,duplicate,26_SEVERUS ALEXANDER/side_a/Alexander Severus 01089 (2).jpg,SEVERUS ALEXANDER
26_SEVERUS ALEXANDER/side_a/Alexander Severus 01091 (3).jpg,6b4c75cc1b046848c0e50b43c1420acb2c7eef93fc196751aa9eae5f6bdac4e0,duplicate,26_SEVERUS ALEXANDER/side_a/Alexander Severus 01091 (2).jpg,SEVERUS ALEXANDER
26_SEVERUS ALEXANDER/side_a/Alexander Severus 01093 (3).jpg,50fa833e979e0ef0460a7544cde7af270663b08f760875b33cfddc6c1339dcf5,duplicate,26_SEVERUS ALEXANDER/side_a/Alexander Severus 01093 (2).jpg,SEVERUS ALEXANDER
26_SEVERUS ALEXANDER/side_a/Alexander Severus 01095 (3).jpg,8c0add70e20e947602702a12fd72b88bbae8bf84e63e30920888e3e02ac65ae4,duplicate,26_SEVERUS ALEXANDER/side_a/Alexander Severus 01095 (2).jpg,SEVERUS ALEXANDER
26_SEVERUS ALEXANDER/side_a/Alexander Severus 01099 (3).jpg,2f6ebac3fcd6be172f1997d44d11102992abe40dd4b2753dc9bdb4d270773639,duplicate,26_SEVERUS ALEXANDER/side_a/Alexander Severus 01099 (2).jpg,SEVERUS ALEXANDER
26_SEVERUS ALEXANDER/side_a/Alexander Severus 01101 (3).jpg,58c0737dc9e51d188c95515f38f8e700acaba4c50022be0109d2c1df6e47715e,duplicate,26_SEVERUS ALEXANDER/side_a/Alexander Severus 01101 (2).jpg,SEVERUS ALEXANDER
26_SEVERUS ALEXANDER/side_a/Alexander Severus 01102 (3).jpg,6856295c7af4f65d4e3da1e66576d69cb5a6ab64350a952a781a9de34109b145,duplicate,26_SEVERUS ALEXANDER/side_a/Alexander Severus 01102 (2).jpg,SEVERUS ALEXANDER
26_SEVERUS ALEXANDER/side_a/Alexander Severus 01105 (3).jpg,1d6d43cedb24f17ba95e5c2cb0961097492439ad06c63c719c44f599415915bd,duplicate,26_SEVERUS ALEXANDER/side_a/Alexander Severus 01105 (2).jpg,SEVERUS ALEXANDER
26_SEVERUS ALEXANDER/side_a/Alexander Severus 01109 (3).jpg,826bc8fe4c0169ac1667cce528813d21408f05cab4638d6ea53a39b7b566b105,duplicate,26_SEVERUS ALEXANDER/side_a/Alexander Severus 01109 (2).jpg,SEVERUS ALEXANDER
26_SEVERUS ALEXANDER/side_a/Alexander Severus 01117 (3).jpg,a3f579b21b308440740bf85e8af008e50ea7215dad8749d11c5af5b7b8293be0,duplicate,26_SEVERUS ALEXANDER/side_a/Alexander Severus 01117 (2).jpg,SEVERUS ALEXANDER
26_SEVERUS ALEXANDER/side_a/Alexander Severus 01118 (2).jpg,4df2d1a94b0735d25f8970944c0c9f695ba8c62270d46a0e0076db73d7a06ec6,duplicate,26_SEVERUS ALEXANDER/side_a/Alexander Severus 01118 (1).jpg,SEVERUS ALEXANDER
26_SEVERUS ALEXANDER/side_a/Alexander Severus 01137.jpg,fe63ddcb07776883732b3dde0f74d85526d388cac67310413e43101baccc8a8e,duplicate,26_SEVERUS ALEXANDER/side_a/Alexander Severus 01119.jpg,SEVERUS ALEXANDER
26_SEVERUS ALEXANDER/side_a/Alexander Severus 01138.jpg,65572a1c23d463528b6d1a62f5c02a65da6f59624108c2246461a0d81ba6ad9f,duplicate,26_SEVERUS ALEXANDER/side_a/Alexander Severus 01120.jpg,SEVERUS ALEXANDER
26_SEVERUS ALEXANDER/side_a/Alexander Severus 01121 (3).jpg,3e6edb14cd87c932e4c2fc7427ca6693fa11393ca0cee8c8a8cc16c830f25150,duplicate,26_SEVERUS ALEXANDER/side_a/Alexander Severus 01121 (2).jpg,SEVERUS ALEXANDER
26_SEVERUS ALEXANDER/side_a/image00308 (2).jpg,cf91527649a0e7345a7e47bdcc778a89117a6be496672346e5fde9f8592ccc63,duplicate,26_SEVERUS ALEXANDER/side_a/Alexander Severus 01121.jpg,SEVERUS ALEXANDER
26_SEVERUS ALEXANDER/side_a/Alexander Severus 01127 (2).jpg,cf5a9bb25942fb7d203963e80fe7f43215226edba3c9de1f02237fed0a0d8add,duplicate,26_SEVERUS ALEXANDER/side_a/Alexander Severus 01127 (1).jpg,SEVERUS ALEXANDER
26_SEVERUS ALEXANDER/side_a/Alexander Severus 01129 (3).jpg,37b60d4a6af2546c8f4895c7a2926c2c653cb077d1040885fada2df7c6cc6c32,duplicate,26_SEVERUS ALEXANDER/side_a/Alexander Severus 01129 (2).jpg,SEVERUS ALEXANDER
26_SEVERUS ALEXANDER/side_a/Alexander Severus 01131 (3).jpg,9ea5b9e429ac730dae077885ae3bea100361659b0b727c5dc0b97ebcb35ad3c8,duplicate,26_SEVERUS ALEXANDER/side_a/Alexander Severus 01131 (2).jpg,SEVERUS ALEXANDER
26_SEVERUS ALEXANDER/side_a/Alexander Severus 01132 (3).jpg,f026c808451b93d7673d5d995aab3450c822e2bb0655758d9e38f1be7a3c68f6,duplicate,26_SEVERUS ALEXANDER/side_a/Alexander Severus 01132 (2).jpg,SEVERUS ALEXANDER
26_SEVERUS ALEXANDER/side_a/Alexander Severus 01133 (2).jpg,50faaefdbc6ee09dd70cdaae22fbc4877f46c71ad2e6b0f179b2b4b2fe182dbc,duplicate,26_SEVERUS ALEXANDER/side_a/Alexander Severus 01133 (1).jpg,SEVERUS ALEXANDER
26_SEVERUS ALEXANDER/side_a/Alexander Severus 01143.jpg,45717dfe1b8b57bc10cd2bb039e274aff32771c47b9ca3a812c8c2cb4bd0d620,duplicate,26_SEVERUS ALEXANDER/side_a/Alexander Severus 01133.jpg,SEVERUS ALEXANDER
26_SEVERUS ALEXANDER/side_a/Alexander Severus 01135 (3).jpg,03b1b0d917105d24140f0002f148163c65c1981b11649699deed47d359c43393,duplicate,26_SEVERUS ALEXANDER/side_a/Alexander Severus 01135 (2).jpg,SEVERUS ALEXANDER
26_SEVERUS ALEXANDER/side_a/Alexander Severus 01136 (3).jpg,940c0cb401efc4e671e18ba585e7ef323a74d6f3a4bf9e89a671d87605260462,duplicate,26_SEVERUS ALEXANDER/side_a/Alexander Severus 01136 (2).jpg,SEVERUS ALEXANDER
26_SEVERUS ALEXANDER/side_a/Alexander Severus 01145 (3).jpg,8c5c29f1e1eba448292ff1d68e07aeb787be5f786516436e4fa7f8d8e1fc619d,duplicate,26_SEVERUS ALEXANDER/side_a/Alexander Severus 01145 (2).jpg,SEVERUS ALEXANDER
26_SEVERUS ALEXANDER/side_a/Alexander Severus 01147 (3).jpg,4adad001e64bda31d7a783782367e337eebdba5c29577b1ffceadc9d3c23f833,duplicate,26_SEVERUS ALEXANDER/side_a/Alexander Severus 01147 (2).jpg,SEVERUS ALEXANDER
26_SEVERUS ALEXANDER/side_a/Alexander Severus 01151 (3).jpg,2fbc4f2a633876e19b4ecdd38e77bd852b6aad7fa8999686f711331eb2badb1d,duplicate,26_SEVERUS ALEXANDER/side_a/Alexander Severus 01151 (2).jpg,SEVERUS ALEXANDER
26_SEVERUS ALEXANDER/side_a/Alexander Severus 01153 (3).jpg,93c2e5a45cae39ca11c983594089882cd62a8d76f5e0eaaa60b75a789b698f7c,duplicate,26_SEVERUS ALEXANDER/side_a/Alexander Severus 01153 (2).jpg,SEVERUS ALEXANDER
26_SEVERUS ALEXANDER/side_a/Alexander Severus 01154 (3).jpg,887515cccf4cc137fa63db4757b6c4f54978338d24dadaf1d673a4b66a16cddb,duplicate,26_SEVERUS ALEXANDER/side_a/Alexander Severus 01154 (2).jpg,SEVERUS ALEXANDER
26_SEVERUS ALEXANDER/side_a/Alexander Severus 01155 (3).jpg,dfbcd9450a583df55f3634671d0f47cb2519c4936f10ad5925ddd84eb02c7480,duplicate,26_SEVERUS ALEXANDER/side_a/Alexander Severus 01155 (2).jpg,SEVERUS ALEXANDER
26_SEVERUS ALEXANDER/side_a/Alexander Severus 01157 (3).jpg,5ce0511e6b2d2f3df324e6b2445b37883d578754acbfa7a371454943ca97da52,duplicate,26_SEVERUS ALEXANDER/side_a/Alexander Severus 01157 (2).jpg,SEVERUS ALEXANDER
26_SEVERUS ALEXANDER/side_a/Alexander Severus 01159 (3).jpg,c7af30f25def02f9de5608ff4d8bf38c18acd96d2030d8db2f51c2e240bcb6ce,duplicate,26_SEVERUS ALEXANDER/side_a/Alexander Severus 01159 (2).jpg,SEVERUS ALEXANDER
26_SEVERUS ALEXANDER/side_a/Alexander Severus 01181.jpg,8c52d769337530b441db3ae7ac8fa15e8db25838bc3577984bcfc01a653317ba,duplicate,26_SEVERUS ALEXANDER/side_a/Alexander Severus 01161.jpg,SEVERUS ALEXANDER
26_SEVERUS ALEXANDER/side_a/Alexander Severus 01182.jpg,092940cae5c91f4fa5ae3dec8306a076046ad0a7730e199f5bc00fa771ef7905,duplicate,26_SEVERUS ALEXANDER/side_a/Alexander Severus 01162.jpg,SEVERUS ALEXANDER
26_SEVERUS ALEXANDER/side_a/Alexander Severus 01165 (3).jpg,0106fb654a908097dcbf256c1d7e4c3628fdd5ebf81b3506099133b933047c4b,duplicate,26_SEVERUS ALEXANDER/side_a/Alexander Severus 01165 (2).jpg,SEVERUS ALEXANDER
26_SEVERUS ALEXANDER/side_a/Alexander Severus 01167 (3).jpg,42692f5d398e62322f2fc99d8f43ca7b2da50e330ab02d1bfc339137f91c8975,duplicate,26_SEVERUS ALEXANDER/side_a/Alexander Severus 01167 (2).jpg,SEVERUS ALEXANDER
26_SEVERUS ALEXANDER/side_a/Alexander Severus 01169 (3).jpg,a3ec271f7adcf55105581bb96126b097c389ea9f277c967e4e653041349ec3f5,duplicate,26_SEVERUS ALEXANDER/side_a/Alexander Severus 01169 (2).jpg,SEVERUS ALEXANDER
26_SEVERUS ALEXANDER/side_a/Alexander Severus 01171 (3).jpg,201034d9bd17270d5b0933ed9ef4ce17dec5ecea2f00f7c1a672068669c07731,duplicate,26_SEVERUS ALEXANDER/side_a/Alexander Severus 01171 (2).jpg,SEVERUS ALEXANDER
26_SEVERUS ALEXANDER/side_a/Alexander Severus 01175 (3).jpg,b999ff8f370ddfaf7cf1f726897bb4e91d88ede59827fb759ae79aa8b457043a,duplicate,26_SEVERUS ALEXANDER/side_a/Alexander Severus 01175 (2).jpg,SEVERUS ALEXANDER
26_SEVERUS ALEXANDER/side_a/Alexander Severus 01177 (3).jpg,6e270aa9ca7b30a998cf889b11f2a2dc7b9b3bdcd0f73f4e75dbe2816b42d220,duplicate,26_SEVERUS ALEXANDER/side_a/Alexander Severus 01177 (2).jpg,SEVERUS ALEXANDER
26_SEVERUS ALEXANDER/side_a/Alexander Severus 01179 (3).jpg,42b5516bdef06f435e3330cebc68da4c8be022d3eb34614a564a733605302462,duplicate,26_SEVERUS ALEXANDER/side_a/Alexander Severus 01179 (2).jpg,SEVERUS ALEXANDER
26_SEVERUS ALEXANDER/side_a/Alexander Severus 01182 (3).jpg,438d1c8ea0d412f69ee8d22464dfdfb8613012c1e4a3bd183c2658e13230ad3f,duplicate,26_SEVERUS ALEXANDER/side_a/Alexander Severus 01182 (2).jpg,SEVERUS ALEXANDER
26_SEVERUS ALEXANDER/side_a/Alexander Severus 01185 (3).jpg,8b71b32458d39dd119efc2730f7f4b332626b9af77c974a6fe67251a37cd1d08,duplicate,26_SEVERUS ALEXANDER/side_a/Alexander Severus 01185 (2).jpg,SEVERUS ALEXANDER
26_SEVERUS ALEXANDER/side_a/Alexander Severus 01186 (3).jpg,59685cf158f55f9f0c735a82dc3d254ab353cf7e38c8259b615cd35ffb2d63bc,duplicate,26_SEVERUS ALEXANDER/side_a/Alexander Severus 01186 (2).jpg,SEVERUS ALEXANDER
26_SEVERUS ALEXANDER/side_a/Alexander Severus 01188 (2).jpg,e20de0bbaf3c1ebf0d73ed4576e041cf0727c93ccb401ba095784a087827e877,duplicate,26_SEVERUS ALEXANDER/side_a/Alexander Severus 01188 (1).jpg,SEVERUS ALEXANDER
26_SEVERUS ALEXANDER/side_a/Alexander Severus 01190 (3).jpg,9867a5fde0877dbc59905a57427816918500297036ef45cf94d484a2e0d89b44,duplicate,26_SEVERUS ALEXANDER/side_a/Alexander Severus 01190 (2).jpg,SEVERUS ALEXANDER
26_SEVERUS ALEXANDER/side_a/Alexander Severus 01192 (3).jpg,aca004a298ebadd374a288aa2ad15f32b66b28d96023400613aafc9d40023210,duplicate,26_SEVERUS ALEXANDER/side_a/Alexander Severus 01192 (2).jpg,SEVERUS ALEXANDER
26_SEVERUS ALEXANDER/side_a/Alexander Severus 01194 (3).jpg,6a1fe070e801d5b0cc163c457391150ac66f24d501f673dc7cc007704c7bdfe3,duplicate,26_SEVERUS ALEXANDER/side_a/Alexander Severus 01194 (2).jpg,SEVERUS ALEXANDER
26_SEVERUS ALEXANDER/side_a/Alexander Severus 01196 (3).jpg,e2afd8a24998bf981d72470dd3815b97e0dde55c7e642c982c23faedd3b33bfc,duplicate,26_SEVERUS ALEXANDER/side_a/Alexander Severus 01196 (2).jpg,SEVERUS ALEXANDER
26_SEVERUS ALEXANDER/side_a/Alexander Severus 01200 (2).jpg,31d4fba6aec7e7d5d4f1c9bce73abeb63d68d40eb07d64845a9c3c1384bac030,duplicate,26_SEVERUS ALEXANDER/side_a/Alexander Severus 01200 (1).jpg,SEVERUS ALEXANDER
26_SEVERUS ALEXANDER/side_a/Alexander Severus 01201 (2).jpg,7c8288b2510b4d915722827118fd3310fe56be7c00d5eaaebad105c420b121e3,duplicate,26_SEVERUS ALEXANDER/side_a/Alexander Severus 01201 (1).jpg,SEVERUS ALEXANDER
26_SEVERUS ALEXANDER/side_a/Alexander Severus 01203 (2).jpg,10ec1aaba21323614c6df53756b0bfaff01bbd414045bc0d5f430052358fccaa,duplicate,26_SEVERUS ALEXANDER/side_a/Alexander Severus 01203 (1).jpg,SEVERUS ALEXANDER
26_SEVERUS ALEXANDER/side_a/Alexander Severus 01205 (2).jpg,e221c5e82aaccddca83885de469197bef5c31d08cad9cb27b0f26f6b60b93e39,duplicate,26_SEVERUS ALEXANDER/side_a/Alexander Severus 01205 (1).jpg,SEVERUS ALEXANDER
26_SEVERUS ALEXANDER/side_a/Alexander Severus 01206.jpg,80241ccbdf4abfd1372935e55431a88603dd1ad0cd85707e7c6671ce5166d6d1,duplicate,26_SEVERUS ALEXANDER/side_a/Alexander Severus 01206 (1).jpg,SEVERUS ALEXANDER
26_SEVERUS ALEXANDER/side_a/Alexander Severus 01207 (2).jpg,86f63ef1278e7141e4aa89b988331822b1489974e43d50475d2f0bc89b220d2e,duplicate,26_SEVERUS ALEXANDER/side_a/Alexander Severus 01207 (1).jpg,SEVERUS ALEXANDER
26_SEVERUS ALEXANDER/side_a/Alexander Severus 01209 (2).jpg,d0f8f6c5c245ae692036a57a61b56377f0b9466789620c213a443d47ada32a80,duplicate,26_SEVERUS ALEXANDER/side_a/Alexander Severus 01209 (1).jpg,SEVERUS ALEXANDER
26_SEVERUS ALEXANDER/side_a/Alexander Severus 01211 (2).jpg,209c48498da0cf0583ddebb1a903a21352de6c6d912bfd73b6b810beef3e5411,duplicate,26_SEVERUS ALEXANDER/side_a/Alexander Severus 01211 (1).jpg,SEVERUS ALEXANDER
26_SEVERUS ALEXANDER/side_a/Alexander Severus 01213 (2).jpg,a9b22da8f4fbf46263a9cd800b79ad09cec619791565dcd948d6b3685ef57e23,duplicate,26_SEVERUS ALEXANDER/side_a/Alexander Severus 01213 (1).jpg,SEVERUS ALEXANDER
26_SEVERUS ALEXANDER/side_a/Alexander Severus 01214 (2).jpg,623f2c07e510d2d24bbd6b916e53dbc0020d4f657e7bda90af35f7e4a0da1a32,duplicate,26_SEVERUS ALEXANDER/side_a/Alexander Severus 01214 (1).jpg,SEVERUS ALEXANDER
26_SEVERUS ALEXANDER/side_a/Alexander Severus 01215 (2).jpg,486e8e5817ad0aba31fd63e3cda4c28c60b56c9af7904daa10ffb58eafb10a91,duplicate,26_SEVERUS ALEXANDER/side_a/Alexander Severus 01215 (1).jpg,SEVERUS ALEXANDER
26_SEVERUS ALEXANDER/side_a/Alexander Severus 01217 (2).jpg,f8f280eceb4e49887b18ee53dbb1bc85257f81c39a51cbf6df6cd58ac30830bd,duplicate,26_SEVERUS ALEXANDER/side_a/Alexander Severus 01217 (1).jpg,SEVERUS ALEXANDER
26_SEVERUS ALEXANDER/side_a/Alexander Severus 01219 (2).jpg,de34763474b2ed05b0af2e93b55f8d0be4f26d02909ebef817639a727f3561b7,duplicate,26_SEVERUS ALEXANDER/side_a/Alexander Severus 01219 (1).jpg,SEVERUS ALEXANDER
26_SEVERUS ALEXANDER/side_a/Alexander Severus 01221 (2).jpg,93ab0384247daa382b6f28a8cb20504755a32d4c60c5993c573ff4ad2161a5b5,duplicate,26_SEVERUS ALEXANDER/side_a/Alexander Severus 01221 (1).jpg,SEVERUS ALEXANDER
26_SEVERUS ALEXANDER/side_a/Alexander Severus 01223 (2).jpg,12bfac9ae8bff2004fb6a66e199de7e5f0cb80e8beed31489b558b34c42894ec,duplicate,26_SEVERUS ALEXANDER/side_a/Alexander Severus 01223 (1).jpg,SEVERUS ALEXANDER
26_SEVERUS ALEXANDER/side_a/Alexander Severus 01225 (2).jpg,16dcf53bf8755b7e0a40c02a23cca8e667c0f981a533731d20b9540ce4de5f2b,duplicate,26_SEVERUS ALEXANDER/side_a/Alexander Severus 01225 (1).jpg,SEVERUS ALEXANDER
26_SEVERUS ALEXANDER/side_a/Alexander Severus 01227 (2).jpg,0b57edb7b0ec909d2b1cbd9e0ecc7c6d2aae1292cefb1a6c33e8184a9b197d01,duplicate,26_SEVERUS ALEXANDER/side_a/Alexander Severus 01227 (1).jpg,SEVERUS ALEXANDER
26_SEVERUS ALEXANDER/side_a/Alexander Severus 01229 (2).jpg,67813204512c2bba85cfe52807574a71df1f96532812792858aa2121a0654c4d,duplicate,26_SEVERUS ALEXANDER/side_a/Alexander Severus 01229 (1).jpg,SEVERUS ALEXANDER
26_SEVERUS ALEXANDER/side_a/Alexander Severus 01233 (2).jpg,386d13441afea14e06ce69c58415bfeeb516c9c5051c0023c8d0162325d4583d,duplicate,26_SEVERUS ALEXANDER/side_a/Alexander Severus 01233 (1).jpg,SEVERUS ALEXANDER
26_SEVERUS ALEXANDER/side_a/Alexander Severus 01235 (2).jpg,c41658418a773f3cf88ca86992048c0cebb50da2289aa00c1a1449dd8917d542,duplicate,26_SEVERUS ALEXANDER/side_a/Alexander Severus 01235 (1).jpg,SEVERUS ALEXANDER
26_SEVERUS ALEXANDER/side_a/Alexander Severus 01239 (2).jpg,f5574aa68fa5a7c2d4eab1de0c7a99614242f8556d5bd5d98f34bb220d16f10b,duplicate,26_SEVERUS ALEXANDER/side_a/Alexander Severus 01239 (1).jpg,SEVERUS ALEXANDER
26_SEVERUS ALEXANDER/side_a/Alexander Severus 01241 (2).jpg,3935fbd9c132a361500fb306684fbf1e72f32eaa0bfdf88a7e821cc0f9492011,duplicate,26_SEVERUS ALEXANDER/side_a/Alexander Severus 01241 (1).jpg,SEVERUS ALEXANDER
26_SEVERUS ALEXANDER/side_a/Alexander Severus 01243 (2).jpg,3bf1e89c2315c795adc07412dec7d6b5b72a700cd2f826dea430ecb0a8457a7d,duplicate,26_SEVERUS ALEXANDER/side_a/Alexander Severus 01243 (1).jpg,SEVERUS ALEXANDER
26_SEVERUS ALEXANDER/side_a/Alexander Severus 01245 (2).jpg,3159c768c00b41663335f1474172000ed0c207ad946f079e419f81b4db65f4cc,duplicate,26_SEVERUS ALEXANDER/side_a/Alexander Severus 01245 (1).jpg,SEVERUS ALEXANDER
26_SEVERUS ALEXANDER/side_a/Alexander Severus 01249 (2).jpg,8ae8aeb38f041c8574a6230ae9d515c22650d5eae93c827917782ff45f55a03b,duplicate,26_SEVERUS ALEXANDER/side_a/Alexander Severus 01249 (1).jpg,SEVERUS ALEXANDER
26_SEVERUS ALEXANDER/side_a/Alexander Severus 01250 (2).jpg,2563a1cd4cccd1cd293b2afc82ece81af3357883fe94edae1ef88b229586821f,duplicate,26_SEVERUS ALEXANDER/side_a/Alexander Severus 01250 (1).jpg,SEVERUS ALEXANDER
26_SEVERUS ALEXANDER/side_a/Alexander Severus 01254.jpg,6de461784b0f79fd3fe780bc2bd8d04c40ca48a0b5c1b6ddb3d71261cd564a63,duplicate,26_SEVERUS ALEXANDER/side_a/Alexander Severus 01254 (1).jpg,SEVERUS ALEXANDER
26_SEVERUS ALEXANDER/side_a/Alexander Severus 01258.jpg,46918d3a2eb9f41d6993ec5730b56041b61a76cc3dce22983f6408d215322e1f,duplicate,26_SEVERUS ALEXANDER/side_a/Alexander Severus 01258 (1).jpg,SEVERUS ALEXANDER
26_SEVERUS ALEXANDER/side_a/Alexander Severus 01262.jpg,516c28b836aa2a3c005ae21620aa3722e092863fdfac941ea8c2f5d139d116ca,duplicate,26_SEVERUS ALEXANDER/side_a/Alexander Severus 01262 (1).jpg,SEVERUS ALEXANDER
26_SEVERUS ALEXANDER/side_a/Alexander Severus 01263 (2).jpg,5f720c2360d396c75fa5966eab6e13be267321ca735d0821f322fc34d81a5e53,duplicate,26_SEVERUS ALEXANDER/side_a/Alexander Severus 01263 (1).jpg,SEVERUS ALEXANDER
26_SEVERUS ALEXANDER/side_a/Alexander Severus 01270.jpg,d7c1071e9993f38ff93e0b1172fda26190bc2c7ab8ff1e963106f250baf23e59,duplicate,26_SEVERUS ALEXANDER/side_a/Alexander Severus 01270 (1).jpg,SEVERUS ALEXANDER
26_SEVERUS ALEXANDER/side_a/Alexander Severus 01272.jpg,4378d7e6bac1de07ac239145a0913022ea758e06387f5d3b55c8c7e32fd80937,duplicate,26_SEVERUS ALEXANDER/side_a/Alexander Severus 01272 (1).jpg,SEVERUS ALEXANDER
26_SEVERUS ALEXANDER/side_a/Alexander Severus 01273 (2).jpg,e41203037b3b8028ee13f9c83c20e55142d20f35436e146afdbe1f98bb19a69e,duplicate,26_SEVERUS ALEXANDER/side_a/Alexander Severus 01273 (1).jpg,SEVERUS ALEXANDER
26_SEVERUS ALEXANDER/side_a/Alexander Severus 01278.jpg,39d48feda4cca6d0aa57e336ab7668e84c5c4ef27af38bded6d93879eb44f05e,duplicate,26_SEVERUS ALEXANDER/side_a/Alexander Severus 01278 (1).jpg,SEVERUS ALEXANDER
26_SEVERUS ALEXANDER/side_a/Alexander Severus 01281 (2).jpg,0cc92845e32d32e08ad9b7ab33e9db3d0ccccc904b68272a45a8a77ab771d3cb,duplicate,26_SEVERUS ALEXANDER/side_a/Alexander Severus 01281 (1).jpg,SEVERUS ALEXANDER
26_SEVERUS ALEXANDER/side_a/Alexander Severus 01283 (2).jpg,f1df2bc33adea6d39eea094dd7c28fc083429a051cec788cbfcd64f506a6f258,duplicate,26_SEVERUS ALEXANDER/side_a/Alexander Severus 01283 (1).jpg,SEVERUS ALEXANDER
26_SEVERUS ALEXANDER/side_a/Alexander Severus 01284.jpg,9d223fb7bae91ea5408a3d868905d14291fbc30d5bb8ad63f48356aa88aabdb5,duplicate,26_SEVERUS ALEXANDER/side_a/Alexander Severus 01284 (1).jpg,SEVERUS ALEXANDER
26_SEVERUS ALEXANDER/side_a/Alexander Severus 01285 (2).jpg,f3aee422c6dca133bf2ffa7ee6b67053ea2eaac0c90d2d2f852087f2d59489bb,duplicate,26_SEVERUS ALEXANDER/side_a/Alexander Severus 01285 (1).jpg,SEVERUS ALEXANDER
26_SEVERUS ALEXANDER/side_a/Alexander Severus 01286.jpg,dfa3f94e9b38efd32df8ce2c35c8c3a3be7e4b23abec35e5a635fea7f51b6a9b,duplicate,26_SEVERUS ALEXANDER/side_a/Alexander Severus 01286 (1).jpg,SEVERUS ALEXANDER
26_SEVERUS ALEXANDER/side_a/Alexander Severus 01288.jpg,509bcfba986b33e1d36bcb82657f370c9574a02026475c523ef4eda49bccff4a,duplicate,26_SEVERUS ALEXANDER/side_a/Alexander Severus 01288 (1).jpg,SEVERUS ALEXANDER
26_SEVERUS ALEXANDER/side_a/Alexander Severus 01291 (2).jpg,8a067554d8db74f61f973f2529ad4d9d1b4590bc449d943b898bd1c83d1dee35,duplicate,26_SEVERUS ALEXANDER/side_a/Alexander Severus 01291 (1).jpg,SEVERUS ALEXANDER
26_SEVERUS ALEXANDER/side_a/Alexander Severus 01293 (2).jpg,5eeaa3c51b6102b92031e0b93a1f9d417800436c7e193838d70b94c04894d49e,duplicate,26_SEVERUS ALEXANDER/side_a/Alexander Severus 01293 (1).jpg,SEVERUS ALEXANDER
26_SEVERUS ALEXANDER/side_a/Alexander Severus 01295 (2).jpg,8d97cb2db885da049c3eb6ae59f0fc679143c73feae71237ab1967735a2484ce,duplicate,26_SEVERUS ALEXANDER/side_a/Alexander Severus 01295 (1).jpg,SEVERUS ALEXANDER
26_SEVERUS ALEXANDER/side_a/Alexander Severus 01301 (2).jpg,8cd1e79e25d8f80969dc43ef94f7e8f2914b008a7f933427ba6de5f88a8bcdc1,duplicate,26_SEVERUS ALEXANDER/side_a/Alexander Severus 01301 (1).jpg,SEVERUS ALEXANDER
26_SEVERUS ALEXANDER/side_a/Alexander Severus 01303 (2).jpg,b43d8e6839fbe961311a346a88997cf3d02624492a74971d9e9ab52793df36fd,duplicate,26_SEVERUS ALEXANDER/side_a/Alexander Severus 01303 (1).jpg,SEVERUS ALEXANDER
26_SEVERUS ALEXANDER/side_a/Alexander Severus 01305 (2).jpg,ddd25d3a99cd69960d7e219c858ec99cb78bf9cff1b672371cc6daff7175d13a,duplicate,26_SEVERUS ALEXANDER/side_a/Alexander Severus 01305 (1).jpg,SEVERUS ALEXANDER
26_SEVERUS ALEXANDER/side_a/Alexander Severus 01307 (2).jpg,b6f4d0325ebe8716149a5154d5760ed70e1252319be3f291f6482096ab14098f,duplicate,26_SEVERUS ALEXANDER/side_a/Alexander Severus 01307 (1).jpg,SEVERUS ALEXANDER
26_SEVERUS ALEXANDER/side_a/Alexander Severus 01309 (2).jpg,d858698f5c7abad55259549e75fa2b509bb5a471a32f3ff3acaf2ac94c26c6ec,duplicate,26_SEVERUS ALEXANDER/side_a/Alexander Severus 01309 (1).jpg,SEVERUS ALEXANDER
26_SEVERUS ALEXANDER/side_a/Alexander Severus 01311 (2).jpg,bb4a9a2a1b8663a09ae96a3bd92793a24378b6861b9d338ce7f7207b9d8a7ada,duplicate,26_SEVERUS ALEXANDER/side_a/Alexander Severus 01311 (1).jpg,SEVERUS ALEXANDER
26_SEVERUS ALEXANDER/side_a/Alexander Severus 01315 (2).jpg,0590ac7f253c81d83e4748fb2d43a44374259fdb390eb9e28636eddebfc96cbc,duplicate,26_SEVERUS ALEXANDER/side_a/Alexander Severus 01315 (1).jpg,SEVERUS ALEXANDER
26_SEVERUS ALEXANDER/side_a/Alexander Severus 01317 (2).jpg,229b60946f97dada21ef7cfbea1a9fa1d5c99e77f4a6674e6878cbf2dc69be4a,duplicate,26_SEVERUS ALEXANDER/side_a/Alexander Severus 01317 (1).jpg,SEVERUS ALEXANDER
26_SEVERUS ALEXANDER/side_a/Alexander Severus 01319 (2).jpg,55dfb1de05b4f071b09c5c348858d2b68db4ecd2394543dfc3f14bdc4fa64f63,duplicate,26_SEVERUS ALEXANDER/side_a/Alexander Severus 01319 (1).jpg,SEVERUS ALEXANDER
26_SEVERUS ALEXANDER/side_a/Alexander Severus 01321 (2).jpg,ad52c5fceee1160e349120e02837263d328c581cfd015ca60f54190be88b38cf,duplicate,26_SEVERUS ALEXANDER/side_a/Alexander Severus 01321 (1).jpg,SEVERUS ALEXANDER
26_SEVERUS ALEXANDER/side_a/Alexander Severus 01323 (2).jpg,79fd4e4cbfefe9b3bfd9eebcdc7e3c30c6cde161b035dc1f2b82055f393495ad,duplicate,26_SEVERUS ALEXANDER/side_a/Alexander Severus 01323 (1).jpg,SEVERUS ALEXANDER
26_SEVERUS ALEXANDER/side_a/Alexander Severus 01324.jpg,11ab0da69835558d7c495cc78f251e1b17a19ce740b7f24165a75b8f6ba99205,duplicate,26_SEVERUS ALEXANDER/side_a/Alexander Severus 01324 (1).jpg,SEVERUS ALEXANDER
26_SEVERUS ALEXANDER/side_a/Alexander Severus 01326.jpg,1502cce97e362cc7ec680b3dd2a925704bce61c576225c189534eedc822da68c,duplicate,26_SEVERUS ALEXANDER/side_a/Alexander Severus 01326 (1).jpg,SEVERUS ALEXANDER
26_SEVERUS ALEXANDER/side_a/Alexander Severus 01328.jpg,d633c62426dcc54e8cc95be083d0a445562a34f5e2527ef9c1a7bb0fd9a16b4d,duplicate,26_SEVERUS ALEXANDER/side_a/Alexander Severus 01328 (1).jpg,SEVERUS ALEXANDER
26_SEVERUS ALEXANDER/side_a/Alexander Severus 01331 (2).jpg,efd54faa42f68717382eb361da9dfe29fef3f3e89949d9dda64ea5ee4bdc77a0,duplicate,26_SEVERUS ALEXANDER/side_a/Alexander Severus 01331 (1).jpg,SEVERUS ALEXANDER
26_SEVERUS ALEXANDER/side_a/Alexander Severus 01334.jpg,0fc67aed0fd5126a4aa3ed2435c152ac29df3f577da119fb36212ac84d50d29a,duplicate,26_SEVERUS ALEXANDER/side_a/Alexander Severus 01334 (1).jpg,SEVERUS ALEXANDER
26_SEVERUS ALEXANDER/side_a/Alexander Severus 01336 (2).jpg,0725222acdc6ea09848100d701ce2ffdc27929b891b221da88a22c5e0490d0aa,duplicate,26_SEVERUS ALEXANDER/side_a/Alexander Severus 01336 (1).jpg,SEVERUS ALEXANDER
26_SEVERUS ALEXANDER/side_a/Alexander Severus 01338.jpg,15482946b3d03c88c9b1bfbaf2a1ecd532c4d74f3b3272d464c1679d864bd0db,duplicate,26_SEVERUS ALEXANDER/side_a/Alexander Severus 01338 (1).jpg,SEVERUS ALEXANDER
26_SEVERUS ALEXANDER/side_a/Alexander Severus 01340.jpg,2e686e08bf4ccf090714de570859409fde0fbf2479dafdc2eec4cf6e31d7e454,duplicate,26_SEVERUS ALEXANDER/side_a/Alexander Severus 01340 (1).jpg,SEVERUS ALEXANDER
26_SEVERUS ALEXANDER/side_a/Alexander Severus 01342.jpg,35da82eed6cbf9b840912261ded42c50b2ed0097ac452f8122982f846f714e0a,duplicate,26_SEVERUS ALEXANDER/side_a/Alexander Severus 01342 (1).jpg,SEVERUS ALEXANDER
26_SEVERUS ALEXANDER/side_a/Alexander Severus 01344.jpg,396f1098c5201d727c7494cb7d49a4f8bf29c4388db371a2e4c14c117cccff72,duplicate,26_SEVERUS ALEXANDER/side_a/Alexander Severus 01344 (1).jpg,SEVERUS ALEXANDER
26_SEVERUS ALEXANDER/side_a/Alexander Severus 01346.jpg,3115ffc18874a1de898aa791c78a6c0a82b34bc163e2a65f4c3de1ddf6154e63,duplicate,26_SEVERUS ALEXANDER/side_a/Alexander Severus 01346 (1).jpg,SEVERUS ALEXANDER
26_SEVERUS ALEXANDER/side_a/Alexander Severus 01348.jpg,36ba9195175b5ccd1cdae5625cc9e42755b81da98fd48790bf3292a4010e89b2,duplicate,26_SEVERUS ALEXANDER/side_a/Alexander Severus 01348 (1).jpg,SEVERUS ALEXANDER
26_SEVERUS ALEXANDER/side_a/Alexander Severus 01350.jpg,19c422cb30090acde6160ab05ed25d3be723173eb3ddd6922472fd2f49e231fd,duplicate,26_SEVERUS ALEXANDER/side_a/Alexander Severus 01350 (1).jpg,SEVERUS ALEXANDER
26_SEVERUS ALEXANDER/side_a/Alexander Severus 01351 (2).jpg,6515ed9e03981a3c8eeef4fd445e0b9e32aa5c008c61e0d975f68aa8f9242a30,duplicate,26_SEVERUS ALEXANDER/side_a/Alexander Severus 01351 (1).jpg,SEVERUS ALEXANDER
26_SEVERUS ALEXANDER/side_a/Alexander Severus 01353.jpg,ef72f179cb416cfd8a5e55d5af72ce9e714d41a204e4f4559bd1cfb564ede262,duplicate,26_SEVERUS ALEXANDER/side_a/Alexander Severus 01353 (1).jpg,SEVERUS ALEXANDER
26_SEVERUS ALEXANDER/side_a/Alexander Severus 01355 (2).jpg,0e922672c028289a80a140aa868a92c1a33cbba39cb156af5401758e98d88c81,duplicate,26_SEVERUS ALEXANDER/side_a/Alexander Severus 01355 (1).jpg,SEVERUS ALEXANDER
26_SEVERUS ALEXANDER/side_a/Alexander Severus 01358.jpg,180f6c4053942370a03d19bb9ee447a88f8b7794ad802617d039aebd951b5fc6,duplicate,26_SEVERUS ALEXANDER/side_a/Alexander Severus 01358 (1).jpg,SEVERUS ALEXANDER
26_SEVERUS ALEXANDER/side_a/Alexander Severus 01360.jpg,5475f245b0b1aee6ec06dacc6ab56d921f5304933bff57fcaf32ecde0bd2cf20,duplicate,26_SEVERUS ALEXANDER/side_a/Alexander Severus 01360 (1).jpg,SEVERUS ALEXANDER
26_SEVERUS ALEXANDER/side_a/Alexander Severus 01362.jpg,404615fc70deccc097db297e92f997e31a7855a763c628a7f7374bd4647c4e17,duplicate,26_SEVERUS ALEXANDER/side_a/Alexander Severus 01362 (1).jpg,SEVERUS ALEXANDER
26_SEVERUS ALEXANDER/side_a/Alexander Severus 01364.jpg,8335ccda44eb50393a2328255df07e8a080fc573fe4c8ccf5760767218cfb870,duplicate,26_SEVERUS ALEXANDER/side_a/Alexander Severus 01364 (1).jpg,SEVERUS ALEXANDER
26_SEVERUS ALEXANDER/side_a/Alexander Severus 01366.jpg,78b1896245975a564a80f8415d6fdc6755ab167afedf935d5f6d5532f145c34e,duplicate,26_SEVERUS ALEXANDER/side_a/Alexander Severus 01366 (1).jpg,SEVERUS ALEXANDER
26_SEVERUS ALEXANDER/side_a/Alexander Severus 01368.jpg,291f2cf009bc7b92901141de30dc7e431a499034efffd772fe40d717b4839db0,duplicate,26_SEVERUS ALEXANDER/side_a/Alexander Severus 01368 (1).jpg,SEVERUS ALEXANDER
26_SEVERUS ALEXANDER/side_a/Alexander Severus 01371 (2).jpg,7367a5874ee8190701cf63338ad932a70225681fe7bcd88cdb26ba6901e2512b,duplicate,26_SEVERUS ALEXANDER/side_a/Alexander Severus 01371 (1).jpg,SEVERUS ALEXANDER
26_SEVERUS ALEXANDER/side_a/Alexander Severus 01373 (2).jpg,a21919fb4dd6a45ba86e1b7cb385537deeb4667eed8fc1e6eb0ca5feb6894e4c,duplicate,26_SEVERUS ALEXANDER/side_a/Alexander Severus 01373 (1).jpg,SEVERUS ALEXANDER
26_SEVERUS ALEXANDER/side_a/Alexander Severus 01375 (2).jpg,e70f37f805fb8df8e850ab4fed3f5f14f71e7381b2fe4fe6624c553a5cb323b1,duplicate,26_SEVERUS ALEXANDER/side_a/Alexander Severus 01375 (1).jpg,SEVERUS ALEXANDER
26_SEVERUS ALEXANDER/side_a/Alexander Severus 01379 (2).jpg,a8cd8364d8de055f5f8b6db168695b61b5260e38e946e81d91078c33638ebaa8,duplicate,26_SEVERUS ALEXANDER/side_a/Alexander Severus 01379 (1).jpg,SEVERUS ALEXANDER
26_SEVERUS ALEXANDER/side_a/Alexander Severus 01381 (2).jpg,127340b5748d71f11a69365ab3ef1caf1a81aeea83a018b64bf9bf69ff058bfd,duplicate,26_SEVERUS ALEXANDER/side_a/Alexander Severus 01381 (1).jpg,SEVERUS ALEXANDER
26_SEVERUS ALEXANDER/side_a/Alexander Severus 01383 (2).jpg,5395cddeca84e59f1c6f52aa9663a4d958c6f7ab541182b116d4baea44faec44,duplicate,26_SEVERUS ALEXANDER/side_a/Alexander Severus 01383 (1).jpg,SEVERUS ALEXANDER
26_SEVERUS ALEXANDER/side_a/Alexander Severus 01385 (2).jpg,9be6674ea4c597b5e6faac21e16e829a50a788a1dd2d3c420767c8148bded40c,duplicate,26_SEVERUS ALEXANDER/side_a/Alexander Severus 01385 (1).jpg,SEVERUS ALEXANDER
26_SEVERUS ALEXANDER/side_a/Alexander Severus 01389 (2).jpg,0a7f93f49f99ef1bdaca09f0b8c9689bcf35cdf189249ff87ce6fb12e3857dbc,duplicate,26_SEVERUS ALEXANDER/side_a/Alexander Severus 01389 (1).jpg,SEVERUS ALEXANDER
26_SEVERUS ALEXANDER/side_a/Alexander Severus 01391 (2).jpg,d378c5aa3defbc756d8e965e09f0e8d90bf65a9db7c8fd5e00a605fddf39395a,duplicate,26_SEVERUS ALEXANDER/side_a/Alexander Severus 01391 (1).jpg,SEVERUS ALEXANDER
26_SEVERUS ALEXANDER/side_a/Alexander Severus 01393 (2).jpg,4db066fb898d42dfca80962fa4834911f8cd39cffc471916575a67f28f0098a9,duplicate,26_SEVERUS ALEXANDER/side_a/Alexander Severus 01393 (1).jpg,SEVERUS ALEXANDER
26_SEVERUS ALEXANDER/side_a/Alexander Severus 01395 (2).jpg,8aa9c5087b401cbe12433fb433acd0742cc175f0ff93eb10e224eb84474ce60e,duplicate,26_SEVERUS ALEXANDER/side_a/Alexander Severus 01395 (1).jpg,SEVERUS ALEXANDER
26_SEVERUS ALEXANDER/side_a/Alexander Severus 01399.jpg,8a7dcf8320b36e220126de7c46b873e5aa2903fbffc03e93b202a8328c28711a,duplicate,26_SEVERUS ALEXANDER/side_a/Alexander Severus 01399 (1).jpg,SEVERUS ALEXANDER
26_SEVERUS ALEXANDER/side_a/Alexander Severus 01401.jpg,de5511585772c9dc489b65642003424c672b47f1428e6a8ffe90bea9a525b96f,duplicate,26_SEVERUS ALEXANDER/side_a/Alexander Severus 01401 (1).jpg,SEVERUS ALEXANDER
26_SEVERUS ALEXANDER/side_a/Alexander Severus 01402.jpg,0d1134f1b12b25a57d87ae24640c8cdf563f5dbefc8e899a8e404cdceb5a6022,duplicate,26_SEVERUS ALEXANDER/side_a/Alexander Severus 01402 (1).jpg,SEVERUS ALEXANDER
26_SEVERUS ALEXANDER/side_a/Alexander Severus 01403.jpg,bcfcf7785018d837c098df7c654fdb33d5a773b96bd5615c291e25cdc415f42a,duplicate,26_SEVERUS ALEXANDER/side_a/Alexander Severus 01403 (1).jpg,SEVERUS ALEXANDER
26_SEVERUS ALEXANDER/side_a/Alexander Severus 01408.jpg,5f9e3b0abea8159235e6407396946e961b1becc68a73c08d24289e3f5d4753a9,duplicate,26_SEVERUS ALEXANDER/side_a/Alexander Severus 01408 (1).jpg,SEVERUS ALEXANDER
26_SEVERUS ALEXANDER/side_a/Alexander Severus 01410.jpg,888d0127433bd43a7625e6e58a14a6181e63bf2c617768609adff2a40ed1b0f9,duplicate,26_SEVERUS ALEXANDER/side_a/Alexander Severus 01410 (1).jpg,SEVERUS ALEXANDER
26_SEVERUS ALEXANDER/side_a/Alexander Severus 01412.jpg,385b2786b90680042464e21b45ee1a694f7dfdb642b3e66b4c4d4c15e2391973,duplicate,26_SEVERUS ALEXANDER/side_a/Alexander Severus 01412 (1).jpg,SEVERUS ALEXANDER
26_SEVERUS ALEXANDER/side_a/Alexander Severus 01414.jpg,3b8c5bf86cb24c9002c3dc0f2af804f8b55c580d2f75c9049636231b1a2a9e4d,duplicate,26_SEVERUS ALEXANDER/side_a/Alexander Severus 01414 (1).jpg,SEVERUS ALEXANDER
26_SEVERUS ALEXANDER/side_a/Alexander Severus 01420.jpg,4f3d56b715037c93f0f37c6d3b49a4884a82b1f783fdf478a55e0a2163e1f342,duplicate,26_SEVERUS ALEXANDER/side_a/Alexander Severus 01420 (1).jpg,SEVERUS ALEXANDER
26_SEVERUS ALEXANDER/side_a/Alexander Severus 01422.jpg,304b95725d5fb7c1977385a9ca6e3af937c0e3603b8eec51e367d21556b00a1a,duplicate,26_SEVERUS ALEXANDER/side_a/Alexander Severus 01422 (1).jpg,SEVERUS ALEXANDER
26_SEVERUS ALEXANDER/side_a/Alexander Severus 01426.jpg,ac6873569bd822a356913392dee76c4cf704f3ab66f3a9ffd55bd2d9237d0d81,duplicate,26_SEVERUS ALEXANDER/side_a/Alexander Severus 01426 (1).jpg,SEVERUS ALEXANDER
26_SEVERUS ALEXANDER/side_a/Alexander Severus 01428.jpg,a187bbb44aec0b1edf61343277694257d99cc5dbb59f73fbad08c1a42e0c2d6a,duplicate,26_SEVERUS ALEXANDER/side_a/Alexander Severus 01428 (1).jpg,SEVERUS ALEXANDER
26_SEVERUS ALEXANDER/side_a/Alexander Severus 01430.jpg,82d96dc52563f7f20eace7d13ad05b35632fb07b864a9042455dbb008e46b3ee,duplicate,26_SEVERUS ALEXANDER/side_a/Alexander Severus 01430 (1).jpg,SEVERUS ALEXANDER
26_SEVERUS ALEXANDER/side_a/Alexander Severus 01432.jpg,6c331b930145fc8a23a55b12ae8afd168514790fe7937984b36394293d500ac0,duplicate,26_SEVERUS ALEXANDER/side_a/Alexander Severus 01432 (1).jpg,SEVERUS ALEXANDER
26_SEVERUS ALEXANDER/side_a/Alexander Severus 01434.jpg,a3900f619d88602b962e7ed9f53882315a92f8964f3be11e8dd67fc23ce2db8b,duplicate,26_SEVERUS ALEXANDER/side_a/Alexander Severus 01434 (1).jpg,SEVERUS ALEXANDER
26_SEVERUS ALEXANDER/side_a/Alexander Severus 01440.jpg,1e9474cea1187a9758afa42ac67520daa6f9dd4958d9bf7b035465b9e9b5bb40,duplicate,26_SEVERUS ALEXANDER/side_a/Alexander Severus 01440 (1).jpg,SEVERUS ALEXANDER
26_SEVERUS ALEXANDER/side_a/Alexander Severus 01442.jpg,eb04910fe71117ec163377d4f47b9b5b6fb68b275b61dd3952986e626dd64021,duplicate,26_SEVERUS ALEXANDER/side_a/Alexander Severus 01442 (1).jpg,SEVERUS ALEXANDER
26_SEVERUS ALEXANDER/side_a/Alexander Severus 01444.jpg,74117684ce3d4128e66a552a125b5235a3d629b3db56f1ce177a5b5e65ac6dde,duplicate,26_SEVERUS ALEXANDER/side_a/Alexander Severus 01444 (1).jpg,SEVERUS ALEXANDER
26_SEVERUS ALEXANDER/side_a/Alexander Severus 01449.jpg,8fc7f6b495116c32343d9aab8e4390060efe956788d8001dfc416809db040592,duplicate,26_SEVERUS ALEXANDER/side_a/Alexander Severus 01449 (1).jpg,SEVERUS ALEXANDER
26_SEVERUS ALEXANDER/side_a/Alexander Severus 01452.jpg,ff55706e98e37513804b3d6d211cf0fe29ada778482fead00badfca3eea4e304,duplicate,26_SEVERUS ALEXANDER/side_a/Alexander Severus 01452 (1).jpg,SEVERUS ALEXANDER
26_SEVERUS ALEXANDER/side_a/Alexander Severus 01454.jpg,70c19a4453ecdce44cce22af10bd3573e10804eccc87dc1532605d4122787144,duplicate,26_SEVERUS ALEXANDER/side_a/Alexander Severus 01454 (1).jpg,SEVERUS ALEXANDER
26_SEVERUS ALEXANDER/side_a/Alexander Severus 01486.jpg,dcc72cf629c4aedcfea7bad492d8959772a0758c19ab17c9c625ff0610922063,duplicate,26_SEVERUS ALEXANDER/side_a/Alexander Severus 01486 (1).jpg,SEVERUS ALEXANDER
26_SEVERUS ALEXANDER/side_a/Alexander Severus 01488.jpg,7f5ac19c877c35c3ab25f42c78b3df9696f03db36f8e17e943f35788f34d7fb3,duplicate,26_SEVERUS ALEXANDER/side_a/Alexander Severus 01488 (1).jpg,SEVERUS ALEXANDER
26_SEVERUS ALEXANDER/side_a/Alexander Severus 01490.jpg,9efe864496c0f4b079781a3a6539497e8bc05921f4053183ebe7d5d0d5467e6f,duplicate,26_SEVERUS ALEXANDER/side_a/Alexander Severus 01490 (1).jpg,SEVERUS ALEXANDER
26_SEVERUS ALEXANDER/side_a/Alexander Severus 01494.jpg,59c3e5291e6fb05a41ddcfe3cd92405549e5a50b48f7ab8d4a78596f26fcf286,duplicate,26_SEVERUS ALEXANDER/side_a/Alexander Severus 01494 (1).jpg,SEVERUS ALEXANDER
26_SEVERUS ALEXANDER/side_a/image00200 (1).jpg,ffe752bfa7a292cd4b5a2d2240e781d4e01ed15c4221c1e9c929c1f1de1a560c,duplicate,26_SEVERUS ALEXANDER/side_a/image00101.jpg,SEVERUS ALEXANDER
26_SEVERUS ALEXANDER/side_a/image00282 (2).jpg,ffe752bfa7a292cd4b5a2d2240e781d4e01ed15c4221c1e9c929c1f1de1a560c,duplicate,26_SEVERUS ALEXANDER/side_a/image00101.jpg,SEVERUS ALEXANDER
26_SEVERUS ALEXANDER/side_a/image00319 (3).jpg,ffe752bfa7a292cd4b5a2d2240e781d4e01ed15c4221c1e9c929c1f1de1a560c,duplicate,26_SEVERUS ALEXANDER/side_a/image00101.jpg,SEVERUS ALEXANDER
26_SEVERUS ALEXANDER/side_a/image00267.jpg,16c85fd7581ca2fac2467934338c11d48c01cc4e0bc8f4b82a133059b1e506c0,duplicate,26_SEVERUS ALEXANDER/side_a/image00210 (2).jpg,SEVERUS ALEXANDER
26_SEVERUS ALEXANDER/side_a/image00324.jpg,16c85fd7581ca2fac2467934338c11d48c01cc4e0bc8f4b82a133059b1e506c0,duplicate,26_SEVERUS ALEXANDER/side_a/image00210 (2).jpg,SEVERUS ALEXANDER
26_SEVERUS ALEXANDER/side_a/image00274 (1).jpg,c45a2173823aced123e7f9c72d9a34a1f0ed63474cfcf0f547e9948762735746,duplicate,26_SEVERUS ALEXANDER/side_a/image00274 (1)(1).jpg,SEVERUS ALEXANDER
26_SEVERUS ALEXANDER/side_a/image00764.jpg,f35da45fa0f210db0de93ea9802f29b6276523d9191d2e7496a02c1cf96d623b,duplicate,26_SEVERUS ALEXANDER/side_a/image00302 (1).jpg,SEVERUS ALEXANDER
26_SEVERUS ALEXANDER/side_a/image00319 (1)(2).jpg,bdbd4b64f1a71fa9451f2050a654c3c6e65201830e3442cea6846b59ee76401f,duplicate,26_SEVERUS ALEXANDER/side_a/image00319 (1)(1).jpg,SEVERUS ALEXANDER
26_SEVERUS ALEXANDER/side_a/image00319 (1).jpg,bdbd4b64f1a71fa9451f2050a654c3c6e65201830e3442cea6846b59ee76401f,duplicate,26_SEVERUS ALEXANDER/side_a/image00319 (1)(1).jpg,SEVERUS ALEXANDER
28_GORDIAN I/side_a/image00123.jpg,a5847c2abe1109647b5c176467596e16836b2e4a0585fc4e5fb9584f78c0570f,label_conflict,,GORDIAN I|GORDIAN II
29_GORDIAN II/side_a/image00123.jpg,a5847c2abe1109647b5c176467596e16836b2e4a0585fc4e5fb9584f78c0570f,label_conflict,,GORDIAN I|GORDIAN II
28_GORDIAN I/side_a/image00224.jpg,e693626787bc368cd878f5ea6902fd4938a3f23e9d2ebe6122602da626f94c74,label_conflict,,GORDIAN I|GORDIAN II
29_GORDIAN II/side_a/image00224.jpg,e693626787bc368cd878f5ea6902fd4938a3f23e9d2ebe6122602da626f94c74,label_conflict,,GORDIAN I|GORDIAN II
28_GORDIAN I/side_a/image00228.jpg,051f18a5e7015cee67670bc40851463fc07f6700e8d0a45c923a7ff6d802d0e3,label_conflict,,GORDIAN I|GORDIAN II
29_GORDIAN II/side_a/image00228.jpg,051f18a5e7015cee67670bc40851463fc07f6700e8d0a45c923a7ff6d802d0e3,label_conflict,,GORDIAN I|GORDIAN II
28_GORDIAN I/side_a/image00233.jpg,18e775f4639bbca3fce2f7c406495777fac767e61290939f9d884a01ba3d94bd,label_conflict,,GORDIAN I|GORDIAN II
29_GORDIAN II/side_a/image00233.jpg,18e775f4639bbca3fce2f7c406495777fac767e61290939f9d884a01ba3d94bd,label_conflict,,GORDIAN I|GORDIAN II
28_GORDIAN I/side_a/image00248.jpg,0b9ff27d0bc3632c24b7202cc04c30c534048ecb209fd1b495f75085aeceb424,label_conflict,,GORDIAN I|GORDIAN II
29_GORDIAN II/side_a/image00248.jpg,0b9ff27d0bc3632c24b7202cc04c30c534048ecb209fd1b495f75085aeceb424,label_conflict,,GORDIAN I|GORDIAN II
28_GORDIAN I/side_a/image00249.jpg,94214fd9e7b0375178d0f24f9fa4bcaa6bff961cf1a57ebde6b03d5dfa061017,label_conflict,,GORDIAN I|GORDIAN II
29_GORDIAN II/side_a/image00249.jpg,94214fd9e7b0375178d0f24f9fa4bcaa6bff961cf1a57ebde6b03d5dfa061017,label_conflict,,GORDIAN I|GORDIAN II
28_GORDIAN I/side_a/image00261.jpg,3d9d87d6e3f07b60e2fb976dba5bcc65ba1f2b3ab425ad7d033331f6bfb6a660,label_conflict,,GORDIAN I|GORDIAN II
29_GORDIAN II/side_a/image00261.jpg,3d9d87d6e3f07b60e2fb976dba5bcc65ba1f2b3ab425ad7d033331f6bfb6a660,label_conflict,,GORDIAN I|GORDIAN II
28_GORDIAN I/side_a/image00267 (1).jpg,b123750862547fc0793c353729f5366a94803d384db9386867fc02bf6f1a9c13,label_conflict,,GORDIAN I|GORDIAN II
29_GORDIAN II/side_a/image00267 (1).jpg,b123750862547fc0793c353729f5366a94803d384db9386867fc02bf6f1a9c13,label_conflict,,GORDIAN I|GORDIAN II
28_GORDIAN I/side_a/image00267.jpg,431de75a6e289bd65a0147f3c12244354a6a18fe014b98ad6b6dc58ca2a069b0,label_conflict,,GORDIAN I|GORDIAN II
29_GORDIAN II/side_a/image00267.jpg,431de75a6e289bd65a0147f3c12244354a6a18fe014b98ad6b6dc58ca2a069b0,label_conflict,,GORDIAN I|GORDIAN II
28_GORDIAN I/side_a/image00268.jpg,d944a2998e8655bc2c423e2f91a28fc518e6e15b1a2212de3fb4ca50d9b9c1aa,label_conflict,,GORDIAN I|GORDIAN II
29_GORDIAN II/side_a/image00268.jpg,d944a2998e8655bc2c423e2f91a28fc518e6e15b1a2212de3fb4ca50d9b9c1aa,label_conflict,,GORDIAN I|GORDIAN II
28_GORDIAN I/side_a/image00278.jpg,f049afee5d552c5044556cac2f2b523a5078c58a9fd42c0aba848951dde5a9a2,label_conflict,,GORDIAN I|GORDIAN II
29_GORDIAN II/side_a/image00278.jpg,f049afee5d552c5044556cac2f2b523a5078c58a9fd42c0aba848951dde5a9a2,label_conflict,,GORDIAN I|GORDIAN II
28_GORDIAN I/side_a/image00297.jpg,a71b32058ed21c08710cd33183ce8c43fcd4551532243fd553804c9d3fac58ba,label_conflict,,GORDIAN I|GORDIAN II
29_GORDIAN II/side_a/image00297.jpg,a71b32058ed21c08710cd33183ce8c43fcd4551532243fd553804c9d3fac58ba,label_conflict,,GORDIAN I|GORDIAN II
28_GORDIAN I/side_a/image00307.jpg,28e366c57faeca34cd33482a912d5e874107b3642fcd1f7084163eafd0195531,label_conflict,,GORDIAN I|GORDIAN II
29_GORDIAN II/side_a/image00307.jpg,28e366c57faeca34cd33482a912d5e874107b3642fcd1f7084163eafd0195531,label_conflict,,GORDIAN I|GORDIAN II
28_GORDIAN I/side_a/image00310.jpg,4c71af3b68c40c29c1577ed32d956ff24f64b02734b455b5d838a43ade824a11,label_conflict,,GORDIAN I|GORDIAN II
29_GORDIAN II/side_a/image00310.jpg,4c71af3b68c40c29c1577ed32d956ff24f64b02734b455b5d838a43ade824a11,label_conflict,,GORDIAN I|GORDIAN II
28_GORDIAN I/side_a/image00317.jpg,3ab41df25145d2c21715f32adc08dc14c5dbc6209dff0a9bcf39e8ccb87e3f95,label_conflict,,GORDIAN I|GORDIAN II
29_GORDIAN II/side_a/image00317.jpg,3ab41df25145d2c21715f32adc08dc14c5dbc6209dff0a9bcf39e8ccb87e3f95,label_conflict,,GORDIAN I|GORDIAN II
28_GORDIAN I/side_a/image00323.jpg,930ba4b62b97542876e18bc77bd82a794613171a2ba1bc8d6308397510e4bfbd,label_conflict,,GORDIAN I|GORDIAN II
29_GORDIAN II/side_a/image00323.jpg,930ba4b62b97542876e18bc77bd82a794613171a2ba1bc8d6308397510e4bfbd,label_conflict,,GORDIAN I|GORDIAN II
28_GORDIAN I/side_a/image00324.jpg,e84a2decc4d0ab751970e342afac13114feb2c1b82471485130aeea21024e66a,label_conflict,,GORDIAN I|GORDIAN II
29_GORDIAN II/side_a/image00324.jpg,e84a2decc4d0ab751970e342afac13114feb2c1b82471485130aeea21024e66a,label_conflict,,GORDIAN I|GORDIAN II
28_GORDIAN I/side_a/image00327.jpg,ed49c4a9495a93832d490898e97d8d56938ae31bcca398c2f6f03063b0cdf168,label_conflict,,GORDIAN I|GORDIAN II
29_GORDIAN II/side_a/image00327.jpg,ed49c4a9495a93832d490898e97d8d56938ae31bcca398c2f6f03063b0cdf168,label_conflict,,GORDIAN I|GORDIAN II
28_GORDIAN I/side_a/image00337.jpg,e3baeefd8fa5eba62bc447464e6b447deb7f694f35acc5bdad5893acf3fc6326,label_conflict,,GORDIAN I|GORDIAN II
29_GORDIAN II/side_a/image00337.jpg,e3baeefd8fa5eba62bc447464e6b447deb7f694f35acc5bdad5893acf3fc6326,label_conflict,,GORDIAN I|GORDIAN II
28_GORDIAN I/side_a/image00341.jpg,dc8af1f12c00dbe9b84202427c56b7ff84a8a9760f15a0292153421b61c3444c,label_conflict,,GORDIAN I|GORDIAN II
29_GORDIAN II/side_a/image00341.jpg,dc8af1f12c00dbe9b84202427c56b7ff84a8a9760f15a0292153421b61c3444c,label_conflict,,GORDIAN I|GORDIAN II
28_GORDIAN I/side_a/image00369.jpg,8be8afd5bcfe864c730a07d7ecd72b0ab2d10ebdc1347b4447effa3191f7c224,label_conflict,,GORDIAN I|GORDIAN II
29_GORDIAN II/side_a/image00369.jpg,8be8afd5bcfe864c730a07d7ecd72b0ab2d10ebdc1347b4447effa3191f7c224,label_conflict,,GORDIAN I|GORDIAN II
28_GORDIAN I/side_a/image00370.jpg,dd606b4791cc2d512fa79d814788747487fe69d87e923dbf7e4a125aae7e38ce,label_conflict,,GORDIAN I|GORDIAN II
29_GORDIAN II/side_a/image00370.jpg,dd606b4791cc2d512fa79d814788747487fe69d87e923dbf7e4a125aae7e38ce,label_conflict,,GORDIAN I|GORDIAN II
28_GORDIAN I/side_a/image00377.jpg,3206dba6ddcad2944439547751a5642e8e7462989f832427b8896a08ac84487f,label_conflict,,GORDIAN I|GORDIAN II
29_GORDIAN II/side_a/image00377.jpg,3206dba6ddcad2944439547751a5642e8e7462989f832427b8896a08ac84487f,label_conflict,,GORDIAN I|GORDIAN II
28_GORDIAN I/side_a/image00378.jpg,9fbfd349c05501d63058e426f1102b657deafc26ca7f8998d6d95c6626dd5ca1,label_conflict,,GORDIAN I|GORDIAN II
29_GORDIAN II/side_a/image00378.jpg,9fbfd349c05501d63058e426f1102b657deafc26ca7f8998d6d95c6626dd5ca1,label_conflict,,GORDIAN I|GORDIAN II
28_GORDIAN I/side_a/image00383.jpg,c352cac14c20734cb4284c8852a24dce799f59f05b34e78486643858284d8715,label_conflict,,GORDIAN I|GORDIAN II
29_GORDIAN II/side_a/image00383.jpg,c352cac14c20734cb4284c8852a24dce799f59f05b34e78486643858284d8715,label_conflict,,GORDIAN I|GORDIAN II
28_GORDIAN I/side_a/image00386.jpg,4abc358bce837999a2eb435b48dbaa34b08f187daf2a3aeb431828e9b706873f,label_conflict,,GORDIAN I|GORDIAN II
29_GORDIAN II/side_a/image00386.jpg,4abc358bce837999a2eb435b48dbaa34b08f187daf2a3aeb431828e9b706873f,label_conflict,,GORDIAN I|GORDIAN II
28_GORDIAN I/side_a/image00391.jpg,4ebd3408c9c657cb07df80967d0983e1d5db062887aae1054f4989616b3fbe80,label_conflict,,GORDIAN I|GORDIAN II
29_GORDIAN II/side_a/image00391.jpg,4ebd3408c9c657cb07df80967d0983e1d5db062887aae1054f4989616b3fbe80,label_conflict,,GORDIAN I|GORDIAN II
28_GORDIAN I/side_a/image00394.jpg,c7f1cc049995c646193b1c541970651d87ae49d71ad7c540219378e34f837c06,label_conflict,,GORDIAN I|GORDIAN II
29_GORDIAN II/side_a/image00394.jpg,c7f1cc049995c646193b1c541970651d87ae49d71ad7c540219378e34f837c06,label_conflict,,GORDIAN I|GORDIAN II
28_GORDIAN I/side_a/image00407.jpg,736c22cece2b68797439ebd6cfee7ff92d88b307773afa3856ff5271e4b11dc1,label_conflict,,GORDIAN I|GORDIAN II
29_GORDIAN II/side_a/image00407.jpg,736c22cece2b68797439ebd6cfee7ff92d88b307773afa3856ff5271e4b11dc1,label_conflict,,GORDIAN I|GORDIAN II
28_GORDIAN I/side_a/image00408.jpg,15b32702c861a27f872e4d635fc5e859cf4cdc9ce8ee301564988abbf61c042e,label_conflict,,GORDIAN I|GORDIAN II
29_GORDIAN II/side_a/image00408.jpg,15b32702c861a27f872e4d635fc5e859cf4cdc9ce8ee301564988abbf61c042e,label_conflict,,GORDIAN I|GORDIAN II
28_GORDIAN I/side_a/image00423.jpg,a3e56a6f01df0bb3d0d8e66bd4f3f60f1b4f9cc775346a441d3d827845986f6d,label_conflict,,GORDIAN I|GORDIAN II
29_GORDIAN II/side_a/image00423.jpg,a3e56a6f01df0bb3d0d8e66bd4f3f60f1b4f9cc775346a441d3d827845986f6d,label_conflict,,GORDIAN I|GORDIAN II
28_GORDIAN I/side_a/image00424 (1).jpg,95f0c3450800f2037d27ea170dc48ed41b34045181a0c6b52659fe406bf51d88,label_conflict,,GORDIAN I|GORDIAN II
29_GORDIAN II/side_a/image00424 (1).jpg,95f0c3450800f2037d27ea170dc48ed41b34045181a0c6b52659fe406bf51d88,label_conflict,,GORDIAN I|GORDIAN II
28_GORDIAN I/side_a/image00424.jpg,7ad7bb41dee20064f911fdbc5150c0d905bfbb308b48e861e29ed76da866ca56,label_conflict,,GORDIAN I|GORDIAN II
29_GORDIAN II/side_a/image00424.jpg,7ad7bb41dee20064f911fdbc5150c0d905bfbb308b48e861e29ed76da866ca56,label_conflict,,GORDIAN I|GORDIAN II
28_GORDIAN I/side_a/image00425.jpg,5dc929d4e264d5d4994714004d262b78b15668f9ad13f4677191bb123e3b758c,label_conflict,,GORDIAN I|GORDIAN II
29_GORDIAN II/side_a/image00425.jpg,5dc929d4e264d5d4994714004d262b78b15668f9ad13f4677191bb123e3b758c,label_conflict,,GORDIAN I|GORDIAN II
28_GORDIAN I/side_a/image00431.jpg,d981f6f044125a4e66c5f0b1fcf28c1d16d4cc26edb57edac8ec863ec797aa0d,label_conflict,,GORDIAN I|GORDIAN II
29_GORDIAN II/side_a/image00431.jpg,d981f6f044125a4e66c5f0b1fcf28c1d16d4cc26edb57edac8ec863ec797aa0d,label_conflict,,GORDIAN I|GORDIAN II
28_GORDIAN I/side_a/image00432.jpg,a1b0e0ad25473085d6175a6b98a523a698f9c158d48c86a274ba5e140650ee5d,label_conflict,,GORDIAN I|GORDIAN II
29_GORDIAN II/side_a/image00432.jpg,a1b0e0ad25473085d6175a6b98a523a698f9c158d48c86a274ba5e140650ee5d,label_conflict,,GORDIAN I|GORDIAN II
28_GORDIAN I/side_a/image00433 (1).jpg,d59cc023259fd342ac1fb84eaec63711dd3d3c26d9aed7cce9ea6bdd4eb352a0,label_conflict,,GORDIAN I|GORDIAN II
29_GORDIAN II/side_a/image00433 (1).jpg,d59cc023259fd342ac1fb84eaec63711dd3d3c26d9aed7cce9ea6bdd4eb352a0,label_conflict,,GORDIAN I|GORDIAN II
28_GORDIAN I/side_a/image00433.jpg,7a99c1fdfcbe256958669002d96e322accfb730b6099a0d658cff5c3d8867360,label_conflict,,GORDIAN I|GORDIAN II
29_GORDIAN II/side_a/image00433.jpg,7a99c1fdfcbe256958669002d96e322accfb730b6099a0d658cff5c3d8867360,label_conflict,,GORDIAN I|GORDIAN II
28_GORDIAN I/side_a/image00438.jpg,1f106bffc8d33da197fd13e28e4b5f4ace057f101c7fbfb24a8446e3bd025011,label_conflict,,GORDIAN I|GORDIAN II
29_GORDIAN II/side_a/image00438.jpg,1f106bffc8d33da197fd13e28e4b5f4ace057f101c7fbfb24a8446e3bd025011,label_conflict,,GORDIAN I|GORDIAN II
28_GORDIAN I/side_a/image00453.jpg,9c0870320beb6a6c6b807a6a165f23e339c788cd8ea8c708a42be3ed9f8a8ade,label_conflict,,GORDIAN I|GORDIAN II
29_GORDIAN II/side_a/image00453.jpg,9c0870320beb6a6c6b807a6a165f23e339c788cd8ea8c708a42be3ed9f8a8ade,label_conflict,,GORDIAN I|GORDIAN II
28_GORDIAN I/side_a/image00455.jpg,b3ac7f595cd4755b4fc1c28f8ac934f503a9c94a10c3f7622afeb0b8236fb36c,label_conflict,,GORDIAN I|GORDIAN II
29_GORDIAN II/side_a/image00455.jpg,b3ac7f595cd4755b4fc1c28f8ac934f503a9c94a10c3f7622afeb0b8236fb36c,label_conflict,,GORDIAN I|GORDIAN II
28_GORDIAN I/side_a/image00458.jpg,00670ae0c7843eb819160e2458a0aacca8aaf79d065095e4c9718ba186586e93,label_conflict,,GORDIAN I|GORDIAN II
29_GORDIAN II/side_a/image00458.jpg,00670ae0c7843eb819160e2458a0aacca8aaf79d065095e4c9718ba186586e93,label_conflict,,GORDIAN I|GORDIAN II
28_GORDIAN I/side_a/image00459.jpg,5a2248939b251884c94a3354ae02e72e4440bb9a460536f47f91ec827275bfe6,label_conflict,,GORDIAN I|GORDIAN II
29_GORDIAN II/side_a/image00459.jpg,5a2248939b251884c94a3354ae02e72e4440bb9a460536f47f91ec827275bfe6,label_conflict,,GORDIAN I|GORDIAN II
28_GORDIAN I/side_a/image00475 (1).jpg,223cd50a193c475f6ee75a895e45f558f13d738131d0c152835eee32616e61b5,label_conflict,,GORDIAN I|GORDIAN II
29_GORDIAN II/side_a/image00475 (1).jpg,223cd50a193c475f6ee75a895e45f558f13d738131d0c152835eee32616e61b5,label_conflict,,GORDIAN I|GORDIAN II
28_GORDIAN I/side_a/image00475.jpg,a5e947afab831f9b6f4eed535d627eb0f79835cab352c332ce43b11fac825e77,label_conflict,,GORDIAN I|GORDIAN II
29_GORDIAN II/side_a/image00475.jpg,a5e947afab831f9b6f4eed535d627eb0f79835cab352c332ce43b11fac825e77,label_conflict,,GORDIAN I|GORDIAN II
28_GORDIAN I/side_a/image00481.jpg,af5d9f04652100fd22fca113ac2c84afd17d42852fb2944c6addeaf7ea636635,label_conflict,,GORDIAN I|GORDIAN II
29_GORDIAN II/side_a/image00481.jpg,af5d9f04652100fd22fca113ac2c84afd17d42852fb2944c6addeaf7ea636635,label_conflict,,GORDIAN I|GORDIAN II
28_GORDIAN I/side_a/image00485.jpg,c3071ec0e0582e0ea55a823211a6b8ebdacd8e390b709528af35cbb076c5adfb,label_conflict,,GORDIAN I|GORDIAN II
29_GORDIAN II/side_a/image00485.jpg,c3071ec0e0582e0ea55a823211a6b8ebdacd8e390b709528af35cbb076c5adfb,label_conflict,,GORDIAN I|GORDIAN II
28_GORDIAN I/side_a/image00510 (1).jpg,6b9dddd8ee6020016f7d6ae7e2619657c4d74e3df47d458bf15a1e0d24aadb77,label_conflict,,GORDIAN I|GORDIAN II
29_GORDIAN II/side_a/image00510 (1).jpg,6b9dddd8ee6020016f7d6ae7e2619657c4d74e3df47d458bf15a1e0d24aadb77,label_conflict,,GORDIAN I|GORDIAN II
28_GORDIAN I/side_a/image00510.jpg,19d66aa48db7062e0cf10861b8d54d41fbcef5cf3c7dcbaf1d57bd3a38c126d2,label_conflict,,GORDIAN I|GORDIAN II
29_GORDIAN II/side_a/image00510.jpg,19d66aa48db7062e0cf10861b8d54d41fbcef5cf3c7dcbaf1d57bd3a38c126d2,label_conflict,,GORDIAN I|GORDIAN II
28_GORDIAN I/side_a/image00512.jpg,f3585c18532a5369b9f6c7dc7783f640410265076444e45f50fc3e510fc899f1,label_conflict,,GORDIAN I|GORDIAN II
29_GORDIAN II/side_a/image00512.jpg,f3585c18532a5369b9f6c7dc7783f640410265076444e45f50fc3e510fc899f1,label_conflict,,GORDIAN I|GORDIAN II
28_GORDIAN I/side_a/image00519.jpg,cc011fe71fd913a86854a42f40c818be7064f2d175012d040d0737b1d2455ffb,label_conflict,,GORDIAN I|GORDIAN II
29_GORDIAN II/side_a/image00519.jpg,cc011fe71fd913a86854a42f40c818be7064f2d175012d040d0737b1d2455ffb,label_conflict,,GORDIAN I|GORDIAN II
28_GORDIAN I/side_a/image00521.jpg,4bf521ee2829c7f30efe9e83564eb7ed3f7bc48a04c72c39b8d0e8b405703f12,label_conflict,,GORDIAN I|GORDIAN II
29_GORDIAN II/side_a/image00521.jpg,4bf521ee2829c7f30efe9e83564eb7ed3f7bc48a04c72c39b8d0e8b405703f12,label_conflict,,GORDIAN I|GORDIAN II
28_GORDIAN I/side_a/image00523.jpg,705f17c98fd1110552db9550f3871b00277af740af7f8bac4cc8e4ae16a6dc87,label_conflict,,GORDIAN I|GORDIAN II
29_GORDIAN II/side_a/image00523.jpg,705f17c98fd1110552db9550f3871b00277af740af7f8bac4cc8e4ae16a6dc87,label_conflict,,GORDIAN I|GORDIAN II
28_GORDIAN I/side_a/image00533.jpg,d5d8a80bcfc9c56611725cbe941cdaca5199d897848437a296ef33c2324ff776,label_conflict,,GORDIAN I|GORDIAN II
29_GORDIAN II/side_a/image00533.jpg,d5d8a80bcfc9c56611725cbe941cdaca5199d897848437a296ef33c2324ff776,label_conflict,,GORDIAN I|GORDIAN II
28_GORDIAN I/side_a/image00548.jpg,23132533b3d2bd7d25b5539a68fb698130b95d43646c39ee577154d96f01be0c,label_conflict,,GORDIAN I|GORDIAN II
29_GORDIAN II/side_a/image00548.jpg,23132533b3d2bd7d25b5539a68fb698130b95d43646c39ee577154d96f01be0c,label_conflict,,GORDIAN I|GORDIAN II
28_GORDIAN I/side_a/image00549 (1).jpg,7d58cd135d7fb17d1bdebef67d89b1d193de1702f882178bcbd0546ff65f80a8,label_conflict,,GORDIAN I|GORDIAN II
29_GORDIAN II/side_a/image00549 (1).jpg,7d58cd135d7fb17d1bdebef67d89b1d193de1702f882178bcbd0546ff65f80a8,label_conflict,,GORDIAN I|GORDIAN II
28_GORDIAN I/side_a/image00549.jpg,43504cc13dc9230fc4629a8d24bf6d550f2f883b307a7642cd4b4a3cecd9a901,label_conflict,,GORDIAN I|GORDIAN II
29_GORDIAN II/side_a/image00549.jpg,43504cc13dc9230fc4629a8d24bf6d550f2f883b307a7642cd4b4a3cecd9a901,label_conflict,,GORDIAN I|GORDIAN II
28_GORDIAN I/side_a/image00550 (1).jpg,fecdcbebf1721edecdbb94e175058275cd6572f6fa9c2b17990fe3135bc6d1af,label_conflict,,GORDIAN I|GORDIAN II
29_GORDIAN II/side_a/image00550 (1).jpg,fecdcbebf1721edecdbb94e175058275cd6572f6fa9c2b17990fe3135bc6d1af,label_conflict,,GORDIAN I|GORDIAN II
28_GORDIAN I/side_a/image00550.jpg,79fc0c3b36490bdf3f053bedb48234a0fa8bcd310194ce4b06b3a4459de35db3,label_conflict,,GORDIAN I|GORDIAN II
29_GORDIAN II/side_a/image00550.jpg,79fc0c3b36490bdf3f053bedb48234a0fa8bcd310194ce4b06b3a4459de35db3,label_conflict,,GORDIAN I|GORDIAN II
28_GORDIAN I/side_a/image00557.jpg,66220e52be2104a005cbee2f5e533d862d15aac349a1d5a1fb77748693706890,label_conflict,,GORDIAN I|GORDIAN II
29_GORDIAN II/side_a/image00557.jpg,66220e52be2104a005cbee2f5e533d862d15aac349a1d5a1fb77748693706890,label_conflict,,GORDIAN I|GORDIAN II
28_GORDIAN I/side_a/image00558.jpg,b89b83c3e6c77ebf26645b42a53f4ee952f7de497a016dd88663bfab1eef173e,label_conflict,,GORDIAN I|GORDIAN II
29_GORDIAN II/side_a/image00558.jpg,b89b83c3e6c77ebf26645b42a53f4ee952f7de497a016dd88663bfab1eef173e,label_conflict,,GORDIAN I|GORDIAN II
28_GORDIAN I/side_a/image00582.jpg,207e6036dd4c66eec3f193693db15ef2c7b863dcdfcd82623e944f335454bd26,label_conflict,,GORDIAN I|GORDIAN II
29_GORDIAN II/side_a/image00582.jpg,207e6036dd4c66eec3f193693db15ef2c7b863dcdfcd82623e944f335454bd26,label_conflict,,GORDIAN I|GORDIAN II
28_GORDIAN I/side_a/image00594.jpg,90ac65725fda40422d951210b3c5ca9d8045c1d8ba68af1d0ed1d69e3ddaa486,label_conflict,,GORDIAN I|GORDIAN II
29_GORDIAN II/side_a/image00594.jpg,90ac65725fda40422d951210b3c5ca9d8045c1d8ba68af1d0ed1d69e3ddaa486,label_conflict,,GORDIAN I|GORDIAN II
28_GORDIAN I/side_a/image00601.jpg,b50cb5705e030207bc7b55e100d09b39ddc62863296b0dc3b526f13ca9145705,label_conflict,,GORDIAN I|GORDIAN II
29_GORDIAN II/side_a/image00601.jpg,b50cb5705e030207bc7b55e100d09b39ddc62863296b0dc3b526f13ca9145705,label_conflict,,GORDIAN I|GORDIAN II
28_GORDIAN I/side_a/image00606.jpg,1df94209b42995cd852afc03c565f6341a6768a68958cc5479675eb8fea7ab55,label_conflict,,GORDIAN I|GORDIAN II
29_GORDIAN II/side_a/image00606.jpg,1df94209b42995cd852afc03c565f6341a6768a68958cc5479675eb8fea7ab55,label_conflict,,GORDIAN I|GORDIAN II
28_GORDIAN I/side_a/image00607.jpg,8e894c3dda71ba31e56dc20bc3b2fb03971855e0df40768974423b9f7138119f,label_conflict,,GORDIAN I|GORDIAN II
29_GORDIAN II/side_a/image00607.jpg,8e894c3dda71ba31e56dc20bc3b2fb03971855e0df40768974423b9f7138119f,label_conflict,,GORDIAN I|GORDIAN II
28_GORDIAN I/side_a/image00608.jpg,6f4703e5664cdac3c93091c78c211e442f487831131141f3013c72d22ca82a67,label_conflict,,GORDIAN I|GORDIAN II
29_GORDIAN II/side_a/image00608.jpg,6f4703e5664cdac3c93091c78c211e442f487831131141f3013c72d22ca82a67,label_conflict,,GORDIAN I|GORDIAN II
28_GORDIAN I/side_a/image00613.jpg,f0b70331a8a0b7f6c0ad6e9296d5bb6149871ca5ff6b39fe2ac093836ac81c7b,label_conflict,,GORDIAN I|GORDIAN II
29_GORDIAN II/side_a/image00613.jpg,f0b70331a8a0b7f6c0ad6e9296d5bb6149871ca5ff6b39fe2ac093836ac81c7b,label_conflict,,GORDIAN I|GORDIAN II
28_GORDIAN I/side_a/image00627.jpg,83c9ae5acaeb1415b44a4c40990141bc72f23a62bf8e29270b4d29aeca5acadf,label_conflict,,GORDIAN I|GORDIAN II
29_GORDIAN II/side_a/image00627.jpg,83c9ae5acaeb1415b44a4c40990141bc72f23a62bf8e29270b4d29aeca5acadf,label_conflict,,GORDIAN I|GORDIAN II
28_GORDIAN I/side_a/image00637.jpg,f22ce07ffc4679e41c0dc961b0dbf5010ff1405aebd56890a3c004355e724501,label_conflict,,GORDIAN I|GORDIAN II
29_GORDIAN II/side_a/image00637.jpg,f22ce07ffc4679e41c0dc961b0dbf5010ff1405aebd56890a3c004355e724501,label_conflict,,GORDIAN I|GORDIAN II
28_GORDIAN I/side_a/image00638.jpg,128722c6b6e4643e53885df7b04280c5fa6935ead866c34ed859994099f8b3ac,label_conflict,,GORDIAN I|GORDIAN II
29_GORDIAN II/side_a/image00638.jpg,128722c6b6e4643e53885df7b04280c5fa6935ead866c34ed859994099f8b3ac,label_conflict,,GORDIAN I|GORDIAN II
28_GORDIAN I/side_a/image00639.jpg,0fecd80c5f888c74fcf3c55adc1abfa6b5232ecbd71a11b29d9794eb417320a5,label_conflict,,GORDIAN I|GORDIAN II
29_GORDIAN II/side_a/image00639.jpg,0fecd80c5f888c74fcf3c55adc1abfa6b5232ecbd71a11b29d9794eb417320a5,label_conflict,,GORDIAN I|GORDIAN II
28_GORDIAN I/side_a/image00640.jpg,8ae37d67dfce137020589c54d40ebd37f54e0bc8ae1b70701dff22d75367f29e,label_conflict,,GORDIAN I|GORDIAN II
29_GORDIAN II/side_a/image00640.jpg,8ae37d67dfce137020589c54d40ebd37f54e0bc8ae1b70701dff22d75367f29e,label_conflict,,GORDIAN I|GORDIAN II
28_GORDIAN I/side_a/image00642.jpg,35ef9ff574ef259a81eb87d58c7fba0a59471d4455f4e513faca1773dee1d44d,label_conflict,,GORDIAN I|GORDIAN II
29_GORDIAN II/side_a/image00642.jpg,35ef9ff574ef259a81eb87d58c7fba0a59471d4455f4e513faca1773dee1d44d,label_conflict,,GORDIAN I|GORDIAN II
28_GORDIAN I/side_a/image00649.jpg,235da5f9e018585233037e5f81d068488c12054f921ba2fbe54ee6c3a5e330ef,label_conflict,,GORDIAN I|GORDIAN II
29_GORDIAN II/side_a/image00649.jpg,235da5f9e018585233037e5f81d068488c12054f921ba2fbe54ee6c3a5e330ef,label_conflict,,GORDIAN I|GORDIAN II
28_GORDIAN I/side_a/image00658.jpg,d606b830a91e1a717faa6ec6ea579ec285295d7c41a5448e83bdbda9ec54b579,label_conflict,,GORDIAN I|GORDIAN II
29_GORDIAN II/side_a/image00658.jpg,d606b830a91e1a717faa6ec6ea579ec285295d7c41a5448e83bdbda9ec54b579,label_conflict,,GORDIAN I|GORDIAN II
28_GORDIAN I/side_a/image00659.jpg,8bb71af7ab68eccc61d8a865b882cc3a2c4d469380c7467ce1d4a328c054a1df,label_conflict,,GORDIAN I|GORDIAN II
29_GORDIAN II/side_a/image00659.jpg,8bb71af7ab68eccc61d8a865b882cc3a2c4d469380c7467ce1d4a328c054a1df,label_conflict,,GORDIAN I|GORDIAN II
28_GORDIAN I/side_a/image00677.jpg,2908425a51b4d31785defc3b7100b9bb43d40fbdadc455cfe9227aee9725ba5f,label_conflict,,GORDIAN I|GORDIAN II
29_GORDIAN II/side_a/image00677.jpg,2908425a51b4d31785defc3b7100b9bb43d40fbdadc455cfe9227aee9725ba5f,label_conflict,,GORDIAN I|GORDIAN II
28_GORDIAN I/side_a/image00686.jpg,38becd95d986d4c27056c06883895244bf3b08fb1f7a417b055acff14fc86e1c,label_conflict,,GORDIAN I|GORDIAN II
29_GORDIAN II/side_a/image00686.jpg,38becd95d986d4c27056c06883895244bf3b08fb1f7a417b055acff14fc86e1c,label_conflict,,GORDIAN I|GORDIAN II
28_GORDIAN I/side_a/image00688.jpg,038af2499e8f4c8376530cfe169a8bb0430c6e5adeae7d3765eb78c721ef45d2,label_conflict,,GORDIAN I|GORDIAN II
29_GORDIAN II/side_a/image00688.jpg,038af2499e8f4c8376530cfe169a8bb0430c6e5adeae7d3765eb78c721ef45d2,label_conflict,,GORDIAN I|GORDIAN II
28_GORDIAN I/side_a/image00690.jpg,59978f4313e6e4ebbf05740986ce70473a2cfca4cdde71db05caaf8287ae0646,label_conflict,,GORDIAN I|GORDIAN II
29_GORDIAN II/side_a/image00690.jpg,59978f4313e6e4ebbf05740986ce70473a2cfca4cdde71db05caaf8287ae0646,label_conflict,,GORDIAN I|GORDIAN II
28_GORDIAN I/side_a/image00696.jpg,3c19e502c57fa911e2e8a759555d516ccb6ca6612d34ba81d2607a6d7f87f0cb,label_conflict,,GORDIAN I|GORDIAN II
29_GORDIAN II/side_a/image00696.jpg,3c19e502c57fa911e2e8a759555d516ccb6ca6612d34ba81d2607a6d7f87f0cb,label_conflict,,GORDIAN I|GORDIAN II
28_GORDIAN I/side_a/image00697.jpg,a20672aaa0d0ca76e3da846b83489cd169657849a801efdfa7c82068ba2a6f1d,label_conflict,,GORDIAN I|GORDIAN II
29_GORDIAN II/side_a/image00697.jpg,a20672aaa0d0ca76e3da846b83489cd169657849a801efdfa7c82068ba2a6f1d,label_conflict,,GORDIAN I|GORDIAN II
28_GORDIAN I/side_a/image00719.jpg,9e54a78af3dd73e26bc7e3d11cff2c78e5edbc16f5ace421069c4376936390fe,label_conflict,,GORDIAN I|GORDIAN II
29_GORDIAN II/side_a/image00719.jpg,9e54a78af3dd73e26bc7e3d11cff2c78e5edbc16f5ace421069c4376936390fe,label_conflict,,GORDIAN I|GORDIAN II
28_GORDIAN I/side_a/image00720.jpg,20497faba400713ce37c0157109c33ec884e842e1e220c9124d02251e70bbef2,label_conflict,,GORDIAN I|GORDIAN II
29_GORDIAN II/side_a/image00720.jpg,20497faba400713ce37c0157109c33ec884e842e1e220c9124d02251e70bbef2,label_conflict,,GORDIAN I|GORDIAN II
28_GORDIAN I/side_a/image00721.jpg,361340239d2607061b313852845281787902f97cda52f25a9530db2b72021536,label_conflict,,GORDIAN I|GORDIAN II
29_GORDIAN II/side_a/image00721.jpg,361340239d2607061b313852845281787902f97cda52f25a9530db2b72021536,label_conflict,,GORDIAN I|GORDIAN II
28_GORDIAN I/side_a/image00732.jpg,0b986bfb4d5a34383303b4c2326e821c64d361b158c2d9fea5897b77a9c270e7,label_conflict,,GORDIAN I|GORDIAN II
29_GORDIAN II/side_a/image00732.jpg,0b986bfb4d5a34383303b4c2326e821c64d361b158c2d9fea5897b77a9c270e7,label_conflict,,GORDIAN I|GORDIAN II
28_GORDIAN I/side_a/image00736.jpg,eea452abec27c619bb2d5ccf99b1b31623cfaf06eaf0b48c193f65765b257678,label_conflict,,GORDIAN I|GORDIAN II
29_GORDIAN II/side_a/image00736.jpg,eea452abec27c619bb2d5ccf99b1b31623cfaf06eaf0b48c193f65765b257678,label_conflict,,GORDIAN I|GORDIAN II
28_GORDIAN I/side_a/image00743 (1).jpg,3fe8c9a7508cf7534e562d6f67a4d51b40906c98b4db66c1053dda96a285fa9b,label_conflict,,GORDIAN I|GORDIAN II
29_GORDIAN II/side_a/image00743 (1).jpg,3fe8c9a7508cf7534e562d6f67a4d51b40906c98b4db66c1053dda96a285fa9b,label_conflict,,GORDIAN I|GORDIAN II
28_GORDIAN I/side_a/image00743.jpg,1a0e15f6cebd2595bfe38bc906e1e4efc6d40f3a2ccfb98f8d9f21402c97b21e,label_conflict,,GORDIAN I|GORDIAN II
29_GORDIAN II/side_a/image00743.jpg,1a0e15f6cebd2595bfe38bc906e1e4efc6d40f3a2ccfb98f8d9f21402c97b21e,label_conflict,,GORDIAN I|GORDIAN II
28_GORDIAN I/side_a/image00761.jpg,42cca38b87084f5b4c4be6aba19a6a8ac2610be4748687725fae49d57e0b3b60,label_conflict,,GORDIAN I|GORDIAN II
29_GORDIAN II/side_a/image00761.jpg,42cca38b87084f5b4c4be6aba19a6a8ac2610be4748687725fae49d57e0b3b60,label_conflict,,GORDIAN I|GORDIAN II
28_GORDIAN I/side_a/image00767.jpg,913f730f9dce81329e795f51bf93913352aad4816dd446095f52c85d95f08ed6,label_conflict,,GORDIAN I|GORDIAN II
29_GORDIAN II/side_a/image00767.jpg,913f730f9dce81329e795f51bf93913352aad4816dd446095f52c85d95f08ed6,label_conflict,,GORDIAN I|GORDIAN II
28_GORDIAN I/side_a/image00780.jpg,c4dae2ec20effecbdb27a8ea6d19bb9af00d54172b5b2bcb737dd3355d525768,label_conflict,,GORDIAN I|GORDIAN II
29_GORDIAN II/side_a/image00780.jpg,c4dae2ec20effecbdb27a8ea6d19bb9af00d54172b5b2bcb737dd3355d525768,label_conflict,,GORDIAN I|GORDIAN II
28_GORDIAN I/side_a/image00795.jpg,64a420b6d331e17de32a359188d1521c1c7b16957fa869c9983ec71493414efb,label_conflict,,GORDIAN I|GORDIAN II
29_GORDIAN II/side_a/image00795.jpg,64a420b6d331e17de32a359188d1521c1c7b16957fa869c9983ec71493414efb,label_conflict,,GORDIAN I|GORDIAN II
28_GORDIAN I/side_a/image00797.jpg,70fd18da59e2b18028821b6c96d2a3c885432ce3ebda4622ba6ae37524605245,label_conflict,,GORDIAN I|GORDIAN II
29_GORDIAN II/side_a/image00797.jpg,70fd18da59e2b18028821b6c96d2a3c885432ce3ebda4622ba6ae37524605245,label_conflict,,GORDIAN I|GORDIAN II
28_GORDIAN I/side_a/image00817.jpg,703dc07b2f1674adb7c878b8099276c83cf8ec08dedf9f9de6086b6f68b95bd2,label_conflict,,GORDIAN I|GORDIAN II
29_GORDIAN II/side_a/image00817.jpg,703dc07b2f1674adb7c878b8099276c83cf8ec08dedf9f9de6086b6f68b95bd2,label_conflict,,GORDIAN I|GORDIAN II
28_GORDIAN I/side_a/image00819.jpg,5f5eb647dc026fef8f7a3236d97f6482dadb8e541078fd6791781b958ac6d449,label_conflict,,GORDIAN I|GORDIAN II
29_GORDIAN II/side_a/image00819.jpg,5f5eb647dc026fef8f7a3236d97f6482dadb8e541078fd6791781b958ac6d449,label_conflict,,GORDIAN I|GORDIAN II
28_GORDIAN I/side_a/image00830 (1).jpg,d8785abc2b19bf46e29173b9cd0ad217116741eb2132fc69dd13e9b1082e9a68,label_conflict,,GORDIAN I|GORDIAN II
29_GORDIAN II/side_a/image00830 (1).jpg,d8785abc2b19bf46e29173b9cd0ad217116741eb2132fc69dd13e9b1082e9a68,label_conflict,,GORDIAN I|GORDIAN II
28_GORDIAN I/side_a/image00830.jpg,9932837a4d1592cfbf0767044eb26382bfbacca1e52b9e3c66c9edce879f863a,label_conflict,,GORDIAN I|GORDIAN II
29_GORDIAN II/side_a/image00830.jpg,9932837a4d1592cfbf0767044eb26382bfbacca1e52b9e3c66c9edce879f863a,label_conflict,,GORDIAN I|GORDIAN II
28_GORDIAN I/side_a/image00831.jpg,3a2b59bdfee53ac815870c9240d3de549bfd580b4790fa99b402db3886227e5b,label_conflict,,GORDIAN I|GORDIAN II
29_GORDIAN II/side_a/image00831.jpg,3a2b59bdfee53ac815870c9240d3de549bfd580b4790fa99b402db3886227e5b,label_conflict,,GORDIAN I|GORDIAN II
28_GORDIAN I/side_a/image00832.jpg,b3c6903d67a843cb256ac9ad0dc137dc4c8b233a2da75716f4f72bead423c2ac,label_conflict,,GORDIAN I|GORDIAN II
29_GORDIAN II/side_a/image00832.jpg,b3c6903d67a843cb256ac9ad0dc137dc4c8b233a2da75716f4f72bead423c2ac,label_conflict,,GORDIAN I|GORDIAN II
28_GORDIAN I/side_a/image00851.jpg,6b86fb08b8de20f6b62c31c56a61ce12d05f128949f3a75950a7df775c04555a,label_conflict,,GORDIAN I|GORDIAN II
29_GORDIAN II/side_a/image00851.jpg,6b86fb08b8de20f6b62c31c56a61ce12d05f128949f3a75950a7df775c04555a,label_conflict,,GORDIAN I|GORDIAN II
28_GORDIAN I/side_a/image00862.jpg,12a8990fd6827b88eb7686c19b84fb7eb279c4925e93222b34a796d397c27ab0,label_conflict,,GORDIAN I|GORDIAN II
29_GORDIAN II/side_a/image00862.jpg,12a8990fd6827b88eb7686c19b84fb7eb279c4925e93222b34a796d397c27ab0,label_conflict,,GORDIAN I|GORDIAN II
28_GORDIAN I/side_a/image00885.jpg,b0eee2fae1677465c3352dfd3f7bbfe6e572eb94463c350c192976d5e2ed239d,label_conflict,,GORDIAN I|GORDIAN II
29_GORDIAN II/side_a/image00885.jpg,b0eee2fae1677465c3352dfd3f7bbfe6e572eb94463c350c192976d5e2ed239d,label_conflict,,GORDIAN I|GORDIAN II
28_GORDIAN I/side_a/image00907.jpg,9547688f0dbad5656fb7ac18dd06d67dd2a70c921a297bb814aad68c8b75c31d,label_conflict,,GORDIAN I|GORDIAN II
29_GORDIAN II/side_a/image00907.jpg,9547688f0dbad5656fb7ac18dd06d67dd2a70c921a297bb814aad68c8b75c31d,label_conflict,,GORDIAN I|GORDIAN II
28_GORDIAN I/side_a/image00913.jpg,a3e3951db0d7993805f611e3f1bce88e681439cb22025513f7ca9db4fe98f28c,label_conflict,,GORDIAN I|GORDIAN II
29_GORDIAN II/side_a/image00913.jpg,a3e3951db0d7993805f611e3f1bce88e681439cb22025513f7ca9db4fe98f28c,label_conflict,,GORDIAN I|GORDIAN II
28_GORDIAN I/side_a/image00937.jpg,04849b3ac76705e828da6b93dc7c02e83e5d1685498110fb3e4c6144cd4a4700,label_conflict,,GORDIAN I|GORDIAN II
29_GORDIAN II/side_a/image00937.jpg,04849b3ac76705e828da6b93dc7c02e83e5d1685498110fb3e4c6144cd4a4700,label_conflict,,GORDIAN I|GORDIAN II
28_GORDIAN I/side_a/image00946.jpg,18d2d6ec44d32b4f207afa7036ee5b399af37f102f0d232a9f0ce549f89334cf,label_conflict,,GORDIAN I|GORDIAN II
29_GORDIAN II/side_a/image00946.jpg,18d2d6ec44d32b4f207afa7036ee5b399af37f102f0d232a9f0ce549f89334cf,label_conflict,,GORDIAN I|GORDIAN II
28_GORDIAN I/side_a/image00959.jpg,48cbdb0d5d3019ccfc746d9f0841f3e8dfac76e55d87ecd8d7ee2a37ee180b02,label_conflict,,GORDIAN I|GORDIAN II
29_GORDIAN II/side_a/image00959.jpg,48cbdb0d5d3019ccfc746d9f0841f3e8dfac76e55d87ecd8d7ee2a37ee180b02,label_conflict,,GORDIAN I|GORDIAN II
28_GORDIAN I/side_a/image01013.jpg,3c7511df1bc19ca5c799a8d9270c61580d4c92bc99bbd60db306af8a6ff4902a,label_conflict,,GORDIAN I|GORDIAN II
29_GORDIAN II/side_a/image01013.jpg,3c7511df1bc19ca5c799a8d9270c61580d4c92bc99bbd60db306af8a6ff4902a,label_conflict,,GORDIAN I|GORDIAN II
28_GORDIAN I/side_a/image01050.jpg,8726390cb6a2a8a9c007458020da8790a361a2236531338c045068f765735a5e,label_conflict,,GORDIAN I|GORDIAN II
29_GORDIAN II/side_a/image01050.jpg,8726390cb6a2a8a9c007458020da8790a361a2236531338c045068f765735a5e,label_conflict,,GORDIAN I|GORDIAN II
28_GORDIAN I/side_a/image01053.jpg,07e7a706a57ead9182b8d44b4f1260fa6dc0f7790db65ba922a0f207afca5120,label_conflict,,GORDIAN I|GORDIAN II
29_GORDIAN II/side_a/image01053.jpg,07e7a706a57ead9182b8d44b4f1260fa6dc0f7790db65ba922a0f207afca5120,label_conflict,,GORDIAN I|GORDIAN II
28_GORDIAN I/side_a/image01054.jpg,e1fd1ec1dfae7e2c3eeca7db10ec1dc9e00b230ba388b0702f97c48713e7e780,label_conflict,,GORDIAN I|GORDIAN II
29_GORDIAN II/side_a/image01054.jpg,e1fd1ec1dfae7e2c3eeca7db10ec1dc9e00b230ba388b0702f97c48713e7e780,label_conflict,,GORDIAN I|GORDIAN II
28_GORDIAN I/side_a/image01056.jpg,79b9e30c1d20253ca1fcecd136346ff819e16c6f608a0c03168f30d41ebcd444,label_conflict,,GORDIAN I|GORDIAN II
29_GORDIAN II/side_a/image01056.jpg,79b9e30c1d20253ca1fcecd136346ff819e16c6f608a0c03168f30d41ebcd444,label_conflict,,GORDIAN I|GORDIAN II
28_GORDIAN I/side_a/image01057.jpg,1456ae88451fa63d7d69c9bb46f351a4c946f5185581e9966561daac9d270014,label_conflict,,GORDIAN I|GORDIAN II
29_GORDIAN II/side_a/image01057.jpg,1456ae88451fa63d7d69c9bb46f351a4c946f5185581e9966561daac9d270014,label_conflict,,GORDIAN I|GORDIAN II
28_GORDIAN I/side_a/image01058.jpg,7c7e29e751614bba66690bed5365f1e71e73794372b96be8ec568a27577ba19a,label_conflict,,GORDIAN I|GORDIAN II
29_GORDIAN II/side_a/image01058.jpg,7c7e29e751614bba66690bed5365f1e71e73794372b96be8ec568a27577ba19a,label_conflict,,GORDIAN I|GORDIAN II
28_GORDIAN I/side_a/image01062.jpg,592d7a07d6855ab712dce4952caa7f9302c9e6e3fbee15a0e07a2dd2ab0e87f8,label_conflict,,GORDIAN I|GORDIAN II
29_GORDIAN II/side_a/image01062.jpg,592d7a07d6855ab712dce4952caa7f9302c9e6e3fbee15a0e07a2dd2ab0e87f8,label_conflict,,GORDIAN I|GORDIAN II
28_GORDIAN I/side_a/image01114.jpg,58d4d58e9c50b9c3023c517ca503a039c27405fd9eddfd652296edc05d0fe66a,label_conflict,,GORDIAN I|GORDIAN II
29_GORDIAN II/side_a/image01114.jpg,58d4d58e9c50b9c3023c517ca503a039c27405fd9eddfd652296edc05d0fe66a,label_conflict,,GORDIAN I|GORDIAN II
28_GORDIAN I/side_a/image01115.jpg,b38e143d090c73d9643a13a68ee3a6d9b0a37bec5fa2d2f77aa27bb027a1a72d,label_conflict,,GORDIAN I|GORDIAN II
29_GORDIAN II/side_a/image01115.jpg,b38e143d090c73d9643a13a68ee3a6d9b0a37bec5fa2d2f77aa27bb027a1a72d,label_conflict,,GORDIAN I|GORDIAN II
28_GORDIAN I/side_a/image01124.jpg,5ca4073b27c5330e9e53629d790535d4fa75118fac3fbdfd22030ad427533c19,label_conflict,,GORDIAN I|GORDIAN II
29_GORDIAN II/side_a/image01124.jpg,5ca4073b27c5330e9e53629d790535d4fa75118fac3fbdfd22030ad427533c19,label_conflict,,GORDIAN I|GORDIAN II
28_GORDIAN I/side_a/image01129.jpg,0115abf0f7e153017ba95dd6a49380860e03b0e5ec6fca25176fb9d96f678102,label_conflict,,GORDIAN I|GORDIAN II
29_GORDIAN II/side_a/image01129.jpg,0115abf0f7e153017ba95dd6a49380860e03b0e5ec6fca25176fb9d96f678102,label_conflict,,GORDIAN I|GORDIAN II
28_GORDIAN I/side_a/image01130.jpg,f7a42bd4a4e372310a9880493f5aef6acdfd0c2f8235f169dae04d0389b1b017,label_conflict,,GORDIAN I|GORDIAN II
29_GORDIAN II/side_a/image01130.jpg,f7a42bd4a4e372310a9880493f5aef6acdfd0c2f8235f169dae04d0389b1b017,label_conflict,,GORDIAN I|GORDIAN II
28_GORDIAN I/side_a/image01132.jpg,a9d20a63d70f36d0becd7b2423bd5aec8d6c3da1f25cfd436876635bd3d800ea,label_conflict,,GORDIAN I|GORDIAN II
29_GORDIAN II/side_a/image01132.jpg,a9d20a63d70f36d0becd7b2423bd5aec8d6c3da1f25cfd436876635bd3d800ea,label_conflict,,GORDIAN I|GORDIAN II
28_GORDIAN I/side_a/image01172.jpg,1eba388210a90b5af1a194d120790519e35952f71b31c2a076b830c4536e5090,label_conflict,,GORDIAN I|GORDIAN II
29_GORDIAN II/side_a/image01172.jpg,1eba388210a90b5af1a194d120790519e35952f71b31c2a076b830c4536e5090,label_conflict,,GORDIAN I|GORDIAN II
28_GORDIAN I/side_a/image01173.jpg,7004692d42997f0716cb4838402f940f77d62f94781e1dee28ab253d02d822ae,label_conflict,,GORDIAN I|GORDIAN II
29_GORDIAN II/side_a/image01173.jpg,7004692d42997f0716cb4838402f940f77d62f94781e1dee28ab253d02d822ae,label_conflict,,GORDIAN I|GORDIAN II
28_GORDIAN I/side_a/image01185.jpg,1d1223c4abd1932b95bb82e06ca75ad3471cbcc9198858248f6dba09c07409aa,label_conflict,,GORDIAN I|GORDIAN II
29_GORDIAN II/side_a/image01185.jpg,1d1223c4abd1932b95bb82e06ca75ad3471cbcc9198858248f6dba09c07409aa,label_conflict,,GORDIAN I|GORDIAN II
28_GORDIAN I/side_a/image01186 (1).jpg,c9e2810e8d1828fc5050476ba36b381697156dc87d6ae3f2a8ae64e7013866a5,label_conflict,,GORDIAN I|GORDIAN II
29_GORDIAN II/side_a/image01186 (1).jpg,c9e2810e8d1828fc5050476ba36b381697156dc87d6ae3f2a8ae64e7013866a5,label_conflict,,GORDIAN I|GORDIAN II
28_GORDIAN I/side_a/image01186.jpg,fafac422aaa51140a0a739b6086c609136f39311726da635ff26d6c77ec904ac,label_conflict,,GORDIAN I|GORDIAN II
29_GORDIAN II/side_a/image01186.jpg,fafac422aaa51140a0a739b6086c609136f39311726da635ff26d6c77ec904ac,label_conflict,,GORDIAN I|GORDIAN II
28_GORDIAN I/side_a/image01210.jpg,f4ab091c40b5544e45ae26f55513a017581d3ab7becff1a7139ebccf2f481e06,label_conflict,,GORDIAN I|GORDIAN II
29_GORDIAN II/side_a/image01210.jpg,f4ab091c40b5544e45ae26f55513a017581d3ab7becff1a7139ebccf2f481e06,label_conflict,,GORDIAN I|GORDIAN II
28_GORDIAN I/side_a/image01222.jpg,7eb8273b2111e1b5e084af7eff4e2453a2b0581886689abb4b02f905721dc81c,label_conflict,,GORDIAN I|GORDIAN II
29_GORDIAN II/side_a/image01222.jpg,7eb8273b2111e1b5e084af7eff4e2453a2b0581886689abb4b02f905721dc81c,label_conflict,,GORDIAN I|GORDIAN II
28_GORDIAN I/side_a/image01275.jpg,0278c46ea587387127225461f5c61f8f85177368b8540593372b0c3ff9019e21,label_conflict,,GORDIAN I|GORDIAN II
29_GORDIAN II/side_a/image01275.jpg,0278c46ea587387127225461f5c61f8f85177368b8540593372b0c3ff9019e21,label_conflict,,GORDIAN I|GORDIAN II
28_GORDIAN I/side_a/image01545.jpg,f8d2e2c804c4ee8f247078a6b21bb5b52e8e8ca5ecbba590cf4d5f73aa121f7e,label_conflict,,GORDIAN I|GORDIAN II
29_GORDIAN II/side_a/image01545.jpg,f8d2e2c804c4ee8f247078a6b21bb5b52e8e8ca5ecbba590cf4d5f73aa121f7e,label_conflict,,GORDIAN I|GORDIAN II
28_GORDIAN I/side_a/image01569.jpg,4a39b1d54946d238bed6265385edad2d4e08eee8c6a2a369cb11e377afa17e78,label_conflict,,GORDIAN I|GORDIAN II
29_GORDIAN II/side_a/image01569.jpg,4a39b1d54946d238bed6265385edad2d4e08eee8c6a2a369cb11e377afa17e78,label_conflict,,GORDIAN I|GORDIAN II
28_GORDIAN I/side_a/image01570.jpg,e39885f8e6600b91273d7b9f176135ff53aa476ddb136158b7e06209194b3c9e,label_conflict,,GORDIAN I|GORDIAN II
29_GORDIAN II/side_a/image01570.jpg,e39885f8e6600b91273d7b9f176135ff53aa476ddb136158b7e06209194b3c9e,label_conflict,,GORDIAN I|GORDIAN II
28_GORDIAN I/side_a/image01571.jpg,4c6a8f3864555183587a402305ffbf62c31b08ab3d99070807e7547e39909b5c,label_conflict,,GORDIAN I|GORDIAN II
29_GORDIAN II/side_a/image01571.jpg,4c6a8f3864555183587a402305ffbf62c31b08ab3d99070807e7547e39909b5c,label_conflict,,GORDIAN I|GORDIAN II
28_GORDIAN I/side_a/image01631.jpg,3ef077490c57a9a3b5e87cc51d54e84c6081841e9154fb0e9a7188682ca30309,label_conflict,,GORDIAN I|GORDIAN II
29_GORDIAN II/side_a/image01631.jpg,3ef077490c57a9a3b5e87cc51d54e84c6081841e9154fb0e9a7188682ca30309,label_conflict,,GORDIAN I|GORDIAN II
28_GORDIAN I/side_a/image01632.jpg,727a555227dcd08ea1b8490592f89e89b8fecc34f59150e7b08209282502a846,label_conflict,,GORDIAN I|GORDIAN II
29_GORDIAN II/side_a/image01632.jpg,727a555227dcd08ea1b8490592f89e89b8fecc34f59150e7b08209282502a846,label_conflict,,GORDIAN I|GORDIAN II
28_GORDIAN I/side_a/image01788.jpg,d23e54753e78d26dd95814b3792d0f82a179d3a3f4397e97cd6d3834ea89f7e4,label_conflict,,GORDIAN I|GORDIAN II
29_GORDIAN II/side_a/image01788.jpg,d23e54753e78d26dd95814b3792d0f82a179d3a3f4397e97cd6d3834ea89f7e4,label_conflict,,GORDIAN I|GORDIAN II
28_GORDIAN I/side_a/image01817.jpg,65c2ad61af5cb67c375c37b0966e7297b089c44f3c898d8c42770e8d06cdbc0e,label_conflict,,GORDIAN I|GORDIAN II
29_GORDIAN II/side_a/image01817.jpg,65c2ad61af5cb67c375c37b0966e7297b089c44f3c898d8c42770e8d06cdbc0e,label_conflict,,GORDIAN I|GORDIAN II
28_GORDIAN I/side_a/image01940.jpg,c26a5118c83f09fd83fdf84c2fe24216e9d6136970662bcaf257d95e79b521c4,label_conflict,,GORDIAN I|GORDIAN II
29_GORDIAN II/side_a/image01940.jpg,c26a5118c83f09fd83fdf84c2fe24216e9d6136970662bcaf257d95e79b521c4,label_conflict,,GORDIAN I|GORDIAN II
28_GORDIAN I/side_a/image02165.jpg,6b376a03af54626658a4dcb310d2c8499350dc9a0f2b8345f342f87501e0a8aa,label_conflict,,GORDIAN I|GORDIAN II
29_GORDIAN II/side_a/image02165.jpg,6b376a03af54626658a4dcb310d2c8499350dc9a0f2b8345f342f87501e0a8aa,label_conflict,,GORDIAN I|GORDIAN II
28_GORDIAN I/side_a/image02369.jpg,9869d05b848a02b801d18428fc74b9594b5a353b78185c272271ee2feabab6de,label_conflict,,GORDIAN I|GORDIAN II
29_GORDIAN II/side_a/image02369.jpg,9869d05b848a02b801d18428fc74b9594b5a353b78185c272271ee2feabab6de,label_conflict,,GORDIAN I|GORDIAN II
28_GORDIAN I/side_a/image03364.jpg,6a2f71e5ad5103c5ef9867ceb7fb4124f47e3032e93c6a62adff9a6ad9d2944d,label_conflict,,GORDIAN I|GORDIAN II
29_GORDIAN II/side_a/image03364.jpg,6a2f71e5ad5103c5ef9867ceb7fb4124f47e3032e93c6a62adff9a6ad9d2944d,label_conflict,,GORDIAN I|GORDIAN II
28_GORDIAN I/side_a/image21416.jpg,1a3227a377b6c866217f1fe8c3eb56f3b425f517e733127a6ace68039f187380,label_conflict,,GORDIAN I|GORDIAN II
29_GORDIAN II/side_a/image21416.jpg,1a3227a377b6c866217f1fe8c3eb56f3b425f517e733127a6ace68039f187380,label_conflict,,GORDIAN I|GORDIAN II
28_GORDIAN I/side_a/image23307.jpg,ad1599ea0c96166a5e3dbc490e6115553a5f88636e038d5a70ce21cd146d920e,label_conflict,,GORDIAN I|GORDIAN II
29_GORDIAN II/side_a/image23307.jpg,ad1599ea0c96166a5e3dbc490e6115553a5f88636e038d5a70ce21cd146d920e,label_conflict,,GORDIAN I|GORDIAN II
28_GORDIAN I/side_a/image23985.jpg,8e4bd48bdca1ecd92aa64b02e10a241ae6da7857530fe9f3f3d302fc7a08dfee,label_conflict,,GORDIAN I|GORDIAN II
29_GORDIAN II/side_a/image23985.jpg,8e4bd48bdca1ecd92aa64b02e10a241ae6da7857530fe9f3f3d302fc7a08dfee,label_conflict,,GORDIAN I|GORDIAN II
30_PUPIENUS/side_a/image00073.jpg,ee38c2280d704a29c60a8232b77cdd44db44a18b93ff48ccf1dd4779fa0b19f0,label_conflict,,BALBINUS|PUPIENUS
31_BALBINUS/side_a/image00073.jpg,ee38c2280d704a29c60a8232b77cdd44db44a18b93ff48ccf1dd4779fa0b19f0,label_conflict,,BALBINUS|PUPIENUS
30_PUPIENUS/side_a/image00385.jpg,56c19263f7276ad70f2c18ccafc39d3651c83dfbd93ab632e04a8693c45b8be2,duplicate,30_PUPIENUS/side_a/image00104.jpg,PUPIENUS
30_PUPIENUS/side_a/image00162.jpg,8990af57e730191300de20f41c063c404abb9cef9227a6d9afa4dc37b96e80d0,label_conflict,,BALBINUS|PUPIENUS
31_BALBINUS/side_a/image00162.jpg,8990af57e730191300de20f41c063c404abb9cef9227a6d9afa4dc37b96e80d0,label_conflict,,BALBINUS|PUPIENUS
30_PUPIENUS/side_a/image00287.jpg,0d4e1bd2c278748ffd3636c324f964d2f5df90d8421e1995a03f07d7bef5fc2c,label_conflict,,BALBINUS|PUPIENUS
31_BALBINUS/side_a/image00287.jpg,0d4e1bd2c278748ffd3636c324f964d2f5df90d8421e1995a03f07d7bef5fc2c,label_conflict,,BALBINUS|PUPIENUS
30_PUPIENUS/side_a/image00514 (1).jpg,530324d7bc64c2cc1232c2938f12d7fc68cc7d8deafafd6a0550dcde9bef64f5,label_conflict,,BALBINUS|PUPIENUS
31_BALBINUS/side_a/image00514.jpg,530324d7bc64c2cc1232c2938f12d7fc68cc7d8deafafd6a0550dcde9bef64f5,label_conflict,,BALBINUS|PUPIENUS
30_PUPIENUS/side_a/image00517.jpg,710d6d7351d423afba0d195db5403f49b33448dbed8ff9fc97844a747b09efde,label_conflict,,BALBINUS|PUPIENUS
31_BALBINUS/side_a/image00517.jpg,710d6d7351d423afba0d195db5403f49b33448dbed8ff9fc97844a747b09efde,label_conflict,,BALBINUS|PUPIENUS
30_PUPIENUS/side_a/image00589.jpg,40e78a5c8bb844028ee281cb32148d7520925797ba0090f695afce40478e3f50,label_conflict,,BALBINUS|PUPIENUS
31_BALBINUS/side_a/image00589.jpg,40e78a5c8bb844028ee281cb32148d7520925797ba0090f695afce40478e3f50,label_conflict,,BALBINUS|PUPIENUS
30_PUPIENUS/side_a/image00591.jpg,5b358a2516c2504d0d885cf2e47dd4fe5849d3ad1d45e667133036f0e226b7b4,label_conflict,,BALBINUS|PUPIENUS
31_BALBINUS/side_a/image00591.jpg,5b358a2516c2504d0d885cf2e47dd4fe5849d3ad1d45e667133036f0e226b7b4,label_conflict,,BALBINUS|PUPIENUS
30_PUPIENUS/side_a/image01059 (1).jpg,da0a2563783a7e576289400c0c4b8dd5db330622f1387a45e51623bc43dd4f59,duplicate,30_PUPIENUS/side_a/image00733.jpg,PUPIENUS
30_PUPIENUS/side_a/image00774.jpg,db874c154f1b3c74623e3adda8e5c0e56f9a23bd2dd05d07fc2dd3b46d44f239,label_conflict,,BALBINUS|PUPIENUS
31_BALBINUS/side_a/image00774.jpg,db874c154f1b3c74623e3adda8e5c0e56f9a23bd2dd05d07fc2dd3b46d44f239,label_conflict,,BALBINUS|PUPIENUS
30_PUPIENUS/side_a/image01156.jpg,83909682564f949c29460e2ee396c12dedc5b6ba86b3eaa59fea6a524ec6f5df,label_conflict,,BALBINUS|PUPIENUS
31_BALBINUS/side_a/image01156.jpg,83909682564f949c29460e2ee396c12dedc5b6ba86b3eaa59fea6a524ec6f5df,label_conflict,,BALBINUS|PUPIENUS
30_PUPIENUS/side_a/image01247.jpg,2799cf5bf09b7b165c2d80b952a49cb0408e6a983f12698b93b63168af78e917,label_conflict,,BALBINUS|PUPIENUS
31_BALBINUS/side_a/image01247 (1).jpg,2799cf5bf09b7b165c2d80b952a49cb0408e6a983f12698b93b63168af78e917,label_conflict,,BALBINUS|PUPIENUS
30_PUPIENUS/side_a/image02043.jpg,df10c4446acb737cc85d04f6f6869cd04c8f9f91874b85e6f50cfc0256e5caf8,label_conflict,,BALBINUS|PUPIENUS
31_BALBINUS/side_a/image02043.jpg,df10c4446acb737cc85d04f6f6869cd04c8f9f91874b85e6f50cfc0256e5caf8,label_conflict,,BALBINUS|PUPIENUS
30_PUPIENUS/side_a/image04447.jpg,8fff997d95b42d0a1b872b257b7e227f65c7a633a38d7bb2a615f8d8d54e9a91,duplicate,30_PUPIENUS/side_a/image02264.jpg,PUPIENUS
30_PUPIENUS/side_a/image03367.jpg,3da411b73006893bc1507c6ca49ff2f5c1c2e4eb99e86f2d8e14c4863f7373f1,label_conflict,,BALBINUS|PUPIENUS
31_BALBINUS/side_a/image03367.jpg,3da411b73006893bc1507c6ca49ff2f5c1c2e4eb99e86f2d8e14c4863f7373f1,label_conflict,,BALBINUS|PUPIENUS
30_PUPIENUS/side_a/image22107.jpg,e56d1447aa1d7daa16e7f0aba6557f57921b03f962bf07c2037e5fc940193812,label_conflict,,BALBINUS|PUPIENUS
31_BALBINUS/side_a/image22107.jpg,e56d1447aa1d7daa16e7f0aba6557f57921b03f962bf07c2037e5fc940193812,label_conflict,,BALBINUS|PUPIENUS
30_PUPIENUS/side_a/image30316.jpg,3f0f9484937fb3b830088f245f15d663e8932d46d268aee114ef723725fad195,label_conflict,,BALBINUS|PUPIENUS
31_BALBINUS/side_a/image30316.jpg,3f0f9484937fb3b830088f245f15d663e8932d46d268aee114ef723725fad195,label_conflict,,BALBINUS|PUPIENUS
30_PUPIENUS/side_a/image32297.jpg,2cc1364f8751d3c1d21a7bb3aa3cd72e5323651fd194e5031f2bc81c40826f3b,label_conflict,,BALBINUS|PUPIENUS
31_BALBINUS/side_a/image32297.jpg,2cc1364f8751d3c1d21a7bb3aa3cd72e5323651fd194e5031f2bc81c40826f3b,label_conflict,,BALBINUS|PUPIENUS
30_PUPIENUS/side_a/image35254.jpg,f6bffd39b040c9f00d37f68e9fcf8b77ed4098c5b7412c8dff1037d23eb43caa,label_conflict,,BALBINUS|PUPIENUS
31_BALBINUS/side_a/image35254.jpg,f6bffd39b040c9f00d37f68e9fcf8b77ed4098c5b7412c8dff1037d23eb43caa,label_conflict,,BALBINUS|PUPIENUS
30_PUPIENUS/side_a/image35481.jpg,9a40b7b95381e7d049d9f412dffe84df272a1bb4a03c0999a5d1799c35c600bd,label_conflict,,BALBINUS|PUPIENUS
31_BALBINUS/side_a/image35481.jpg,9a40b7b95381e7d049d9f412dffe84df272a1bb4a03c0999a5d1799c35c600bd,label_conflict,,BALBINUS|PUPIENUS
30_PUPIENUS/side_a/thumb00044.jpg,9811a5891bcac7acaff524430bb05e604057e25f9881ed8b175ace3c95c0dd2e,label_conflict,,BALBINUS|PUPIENUS
31_BALBINUS/side_a/thumb00044.jpg,9811a5891bcac7acaff524430bb05e604057e25f9881ed8b175ace3c95c0dd2e,label_conflict,,BALBINUS|PUPIENUS
30_PUPIENUS/side_a/thumb00073.jpg,ad0819c9fe83c72671c43ad1988dcbc16efe83cf9dc46f1c96330f017cd803a8,label_conflict,,BALBINUS|PUPIENUS
31_BALBINUS/side_a/thumb00073.jpg,ad0819c9fe83c72671c43ad1988dcbc16efe83cf9dc46f1c96330f017cd803a8,label_conflict,,BALBINUS|PUPIENUS
30_PUPIENUS/side_a/thumb00385 (1).jpg,38173fc9e94fc046a004eb613d9149626ad9168ba304635f36b28c7fa58bbbbd,duplicate,30_PUPIENUS/side_a/thumb00104 (1).jpg,PUPIENUS
30_PUPIENUS/side_a/thumb00162.jpg,97ad150b1e51993ae44ec5c2bd67167b580ab75148c83bfd2d72e67a42f2ab3e,label_conflict,,BALBINUS|PUPIENUS
31_BALBINUS/side_a/thumb00162.jpg,97ad150b1e51993ae44ec5c2bd67167b580ab75148c83bfd2d72e67a42f2ab3e,label_conflict,,BALBINUS|PUPIENUS
30_PUPIENUS/side_a/thumb00287.jpg,33b7dd03a46c1a908268af84ad13a892c496165deb5534f986a4f28ef48348e8,label_conflict,,BALBINUS|PUPIENUS
31_BALBINUS/side_a/thumb00287.jpg,33b7dd03a46c1a908268af84ad13a892c496165deb5534f986a4f28ef48348e8,label_conflict,,BALBINUS|PUPIENUS
30_PUPIENUS/side_a/thumb00332(2).jpg,4bd1399a28f763ec05ecbd3dce2e006b1c9d7cad68672101ad59cfcd270aaef2,duplicate,30_PUPIENUS/side_a/thumb00332(1).jpg,PUPIENUS
30_PUPIENUS/side_a/thumb00332.jpg,4bd1399a28f763ec05ecbd3dce2e006b1c9d7cad68672101ad59cfcd270aaef2,duplicate,30_PUPIENUS/side_a/thumb00332(1).jpg,PUPIENUS
30_PUPIENUS/side_a/thumb00355 (1).jpg,c8d415161f4a1f7c9dcfe63c8506760067fac2dbde08860902777af4b4ea8258,label_conflict,,BALBINUS|PUPIENUS
31_BALBINUS/side_a/thumb00355.jpg,c8d415161f4a1f7c9dcfe63c8506760067fac2dbde08860902777af4b4ea8258,label_conflict,,BALBINUS|PUPIENUS
30_PUPIENUS/side_a/thumb00591 (1).jpg,b6c8e6b4e8f06c64d1f72bc7ef8a24dcecd047d5201f8af62a49078c228cbb15,label_conflict,,BALBINUS|PUPIENUS
31_BALBINUS/side_a/thumb00591.jpg,b6c8e6b4e8f06c64d1f72bc7ef8a24dcecd047d5201f8af62a49078c228cbb15,label_conflict,,BALBINUS|PUPIENUS
30_PUPIENUS/side_a/thumb01059.jpg,131b04d538e4530d4fbd92aee965c341dc08122987fe362508d87ccfef5ca993,duplicate,30_PUPIENUS/side_a/thumb00733.jpg,PUPIENUS
30_PUPIENUS/side_a/thumb00774.jpg,5c675035e9328215ff8a4209a56109fe9b2f995c9a61751fbd01273c35212af1,label_conflict,,BALBINUS|PUPIENUS
31_BALBINUS/side_a/thumb00774.jpg,5c675035e9328215ff8a4209a56109fe9b2f995c9a61751fbd01273c35212af1,label_conflict,,BALBINUS|PUPIENUS
30_PUPIENUS/side_a/thumb00777.jpg,b694fbb49fdb3fbc7388239d742ff3c5dce533523a232387249f5737fa81a06e,label_conflict,,BALBINUS|PUPIENUS
31_BALBINUS/side_a/thumb00777.jpg,b694fbb49fdb3fbc7388239d742ff3c5dce533523a232387249f5737fa81a06e,label_conflict,,BALBINUS|PUPIENUS
30_PUPIENUS/side_a/thumb00884.jpg,667d81c6f6bf648ac691d159dc54c258143e572ea4d540f641a778df17344dd7,label_conflict,,BALBINUS|PUPIENUS
31_BALBINUS/side_a/thumb00884 (1).jpg,667d81c6f6bf648ac691d159dc54c258143e572ea4d540f641a778df17344dd7,label_conflict,,BALBINUS|PUPIENUS
30_PUPIENUS/side_a/thumb00949.jpg,afb577d126c94f9f9e11acaaaaea0849765cd7b314582c8d518f0a89fd125d84,label_conflict,,BALBINUS|PUPIENUS
31_BALBINUS/side_a/thumb00949.jpg,afb577d126c94f9f9e11acaaaaea0849765cd7b314582c8d518f0a89fd125d84,label_conflict,,BALBINUS|PUPIENUS
30_PUPIENUS/side_a/thumb01574 (1).jpg,201b93fa82c6f918a0a42c26d9bbd46db4cf85d01597af48c1cada59182baa6d,label_conflict,,BALBINUS|PUPIENUS
31_BALBINUS/side_a/thumb01574.jpg,201b93fa82c6f918a0a42c26d9bbd46db4cf85d01597af48c1cada59182baa6d,label_conflict,,BALBINUS|PUPIENUS
30_PUPIENUS/side_a/thumb04447.jpg,dce1c574f05329056282c907b8293d811ea647d7733f4ea57ca1fa4307d86f2f,duplicate,30_PUPIENUS/side_a/thumb02264.jpg,PUPIENUS
30_PUPIENUS/side_a/thumb03256.jpg,16bd19c998175e9e5c97adbbc9eacd295c6b745bc313fb3dccd80ec77aa1ca39,label_conflict,,BALBINUS|PUPIENUS
31_BALBINUS/side_a/thumb03256.jpg,16bd19c998175e9e5c97adbbc9eacd295c6b745bc313fb3dccd80ec77aa1ca39,label_conflict,,BALBINUS|PUPIENUS
30_PUPIENUS/side_a/thumb30316.jpg,435e4ca95c73b3b637decd7c470c4d7204fdc683119dd0d596780d11c9f8a6d6,label_conflict,,BALBINUS|PUPIENUS
31_BALBINUS/side_a/thumb30316.jpg,435e4ca95c73b3b637decd7c470c4d7204fdc683119dd0d596780d11c9f8a6d6,label_conflict,,BALBINUS|PUPIENUS
30_PUPIENUS/side_a/thumb32215.jpg,9f1e5512f1a610dbdf0e1de7cda7cf59fb450654a0ea34d403aed92dc394e189,label_conflict,,BALBINUS|PUPIENUS
31_BALBINUS/side_a/thumb32215.jpg,9f1e5512f1a610dbdf0e1de7cda7cf59fb450654a0ea34d403aed92dc394e189,label_conflict,,BALBINUS|PUPIENUS
30_PUPIENUS/side_a/thumb32297.jpg,0dcee71954a3645973f70575ad14d71d04215a479dbb2a8da0ce01d0a36d9d2e,label_conflict,,BALBINUS|PUPIENUS
31_BALBINUS/side_a/thumb32297.jpg,0dcee71954a3645973f70575ad14d71d04215a479dbb2a8da0ce01d0a36d9d2e,label_conflict,,BALBINUS|PUPIENUS
30_PUPIENUS/side_a/thumb35254.jpg,eb3eb5a9772ac96ad45fa436cb10651fb2a5d84aa1c5cb2c9d6493fd49ed17b1,label_conflict,,BALBINUS|PUPIENUS
31_BALBINUS/side_a/thumb35254.jpg,eb3eb5a9772ac96ad45fa436cb10651fb2a5d84aa1c5cb2c9d6493fd49ed17b1,label_conflict,,BALBINUS|PUPIENUS
30_PUPIENUS/side_a/thumb35481.jpg,280b3138ad7f1a4a0fb7f7b7a2a193dd18ffe3b6c3af1ca53982e566b49d5cb0,label_conflict,,BALBINUS|PUPIENUS
31_BALBINUS/side_a/thumb35481.jpg,280b3138ad7f1a4a0fb7f7b7a2a193dd18ffe3b6c3af1ca53982e566b49d5cb0,label_conflict,,BALBINUS|PUPIENUS
31_BALBINUS/side_a/image00384.jpg,bf4f0377372a2164670ef638a2f553bed0052973212b04b2e80fcfde5b0cd620,duplicate,31_BALBINUS/side_a/image00103.jpg,BALBINUS
31_BALBINUS/side_a/image00512.jpg,19143039b5e6428cc5e1768f7a821f916b905ea67e05d563cded295ec10503bb,duplicate,31_BALBINUS/side_a/image00512(1).jpg,BALBINUS
31_BALBINUS/side_a/image01157.jpg,bd20c4c932710bfb662bf5d46fdaefd829a6ac0083c81d7444e310ccba119ab4,duplicate,31_BALBINUS/side_a/image00723.jpg,BALBINUS
31_BALBINUS/side_a/image26192.jpg,a7e2ae90db744f2b4b10ef21112589b39af516ccc84dcddd49eafc729e0bacb6,duplicate,31_BALBINUS/side_a/image25250.jpg,BALBINUS
31_BALBINUS/side_a/image32199.jpg,31996fc31cb55049c4b867396e82072aa9dfd265de469d56a5286f8c1ee7e980,label_conflict,,BALBINUS|GORDIAN III
32_GORDIAN III/side_a/image32199.jpg,31996fc31cb55049c4b867396e82072aa9dfd265de469d56a5286f8c1ee7e980,label_conflict,,BALBINUS|GORDIAN III
31_BALBINUS/side_a/image33294.jpg,b787ee9fe6b01c328fabd0bf4e09f389ec203538828676fd33a732d6d79ac3b7,label_conflict,,BALBINUS|GORDIAN III
32_GORDIAN III/side_a/image33294.jpg,b787ee9fe6b01c328fabd0bf4e09f389ec203538828676fd33a732d6d79ac3b7,label_conflict,,BALBINUS|GORDIAN III
31_BALBINUS/side_a/thumb00248.jpg,08179b6ff54d2aadb268da61ae87eedab17d7ffbe8c0276a0e94e28e3e0857cd,label_conflict,,BALBINUS|GORDIAN III
32_GORDIAN III/side_a/thumb00248 (3).jpg,08179b6ff54d2aadb268da61ae87eedab17d7ffbe8c0276a0e94e28e3e0857cd,label_conflict,,BALBINUS|GORDIAN III
31_BALBINUS/side_a/thumb01157.jpg,e58fb30fd5ef3bd3421962b8ddff6a2930a13bbecc7b7e1512d43a7d08abc253,duplicate,31_BALBINUS/side_a/thumb00723.jpg,BALBINUS
31_BALBINUS/side_a/thumb00775 (2).jpg,c268cfe561df829e691bd5da13907d496df43b5b2483e9b4ca0de786c33741a5,label_conflict,,BALBINUS|GORDIAN III
32_GORDIAN III/side_a/thumb00775.jpg,c268cfe561df829e691bd5da13907d496df43b5b2483e9b4ca0de786c33741a5,label_conflict,,BALBINUS|GORDIAN III
31_BALBINUS/side_a/thumb00967 (1).jpg,f690908258da56ab2c47424d4fb192914bb21d425d9ce2a5319a2fef3287790d,label_conflict,,BALBINUS|GORDIAN III
32_GORDIAN III/side_a/thumb00967.jpg,f690908258da56ab2c47424d4fb192914bb21d425d9ce2a5319a2fef3287790d,label_conflict,,BALBINUS|GORDIAN III
31_BALBINUS/side_a/thumb23629.jpg,bea3fcaed4ee4be9937de8dabbeb58712dcd38677d2cc6903af45c5f6a3b0c2f,label_conflict,,BALBINUS|GORDIAN III
32_GORDIAN III/side_a/thumb23629.jpg,bea3fcaed4ee4be9937de8dabbeb58712dcd38677d2cc6903af45c5f6a3b0c2f,label_conflict,,BALBINUS|GORDIAN III
31_BALBINUS/side_a/thumb30979.jpg,2560b84aba1007010c6550e066623d0d68ce560705fa2716e0021f50fc18b9ed,label_conflict,,BALBINUS|GORDIAN III
32_GORDIAN III/side_a/thumb30979.jpg,2560b84aba1007010c6550e066623d0d68ce560705fa2716e0021f50fc18b9ed,label_conflict,,BALBINUS|GORDIAN III
31_BALBINUS/side_a/thumb32199.jpg,63cf695ba3af3edaff58adeb8b93e3efec22728168934424be07ee2fefcc097e,label_conflict,,BALBINUS|GORDIAN III
32_GORDIAN III/side_a/thumb32199.jpg,63cf695ba3af3edaff58adeb8b93e3efec22728168934424be07ee2fefcc097e,label_conflict,,BALBINUS|GORDIAN III
31_BALBINUS/side_a/thumb33294.jpg,73401d62adf9b8ed51525de8e98ec2f9d96af78cfe54a65a24db451ac7550557,label_conflict,,BALBINUS|GORDIAN III
32_GORDIAN III/side_a/thumb33294.jpg,73401d62adf9b8ed51525de8e98ec2f9d96af78cfe54a65a24db451ac7550557,label_conflict,,BALBINUS|GORDIAN III
32_GORDIAN III/side_a/image00451.jpg,8ef730db6154bcc2c64d9c1e2466f28b09d9373af0abd4802058d7f654c45eea,duplicate,32_GORDIAN III/side_a/image00001.jpg,GORDIAN III
32_GORDIAN III/side_a/image00452 (1).jpg,a6c59d7551b8065ab91894d988c0c51952d03d298f20eed0de395680ab4b307e,duplicate,32_GORDIAN III/side_a/image00002.jpg,GORDIAN III
32_GORDIAN III/side_a/image00191.jpg,3ad4ec7576c7cd56c1536947d85251de990b50e1f1efeb5d2ea357a569ade1d6,duplicate,32_GORDIAN III/side_a/image00040.jpg,GORDIAN III
32_GORDIAN III/side_a/image00295 (1).jpg,3ad4ec7576c7cd56c1536947d85251de990b50e1f1efeb5d2ea357a569ade1d6,duplicate,32_GORDIAN III/side_a/image00040.jpg,GORDIAN III
32_GORDIAN III/side_a/image00214.jpg,a49b6ecc063e1e5305fe59406791ed3b1bf6cc1a4d1d5e0440a8f3dd9da16b9b,duplicate,32_GORDIAN III/side_a/image00101 (1).jpg,GORDIAN III
32_GORDIAN III/side_a/image00387.jpg,663c3d0fc994da056f35efccfe01f4242cb2613ab871bb6e799101ca85342ef7,duplicate,32_GORDIAN III/side_a/image00105.jpg,GORDIAN III
32_GORDIAN III/side_a/image00259 (1).jpg,996a4c5aa81ce2617a58750736c6aee1e68854cc87426bfc2291ad942dc66e9b,duplicate,32_GORDIAN III/side_a/image00118 (1).jpg,GORDIAN III
32_GORDIAN III/side_a/image00294.jpg,4629995195a5373e4645139301924957efd2e11ea01ab6927ea1e31f6cd0d802,duplicate,32_GORDIAN III/side_a/image00190.jpg,GORDIAN III
32_GORDIAN III/side_a/image00272.jpg,860718a6af2e7c8c33a45b90e6eb8981333e01255f383ff07b8c97983c5e6b6e,duplicate,32_GORDIAN III/side_a/image00268.jpg,GORDIAN III
32_GORDIAN III/side_a/image00304 (1).jpg,52411690d9f799b1aabe0745896797f5ae5961bd696587e105319d5918948609,duplicate,32_GORDIAN III/side_a/image00281 (1).jpg,GORDIAN III
32_GORDIAN III/side_a/image00465 (1).jpg,7a0b81dc83d757bfc62e2b1ea2d08cdda9b434df44f68e4045c0774edd153a53,duplicate,32_GORDIAN III/side_a/image00351 (1).jpg,GORDIAN III
32_GORDIAN III/side_a/image24141.jpg,729e8802c9aa67ad3c85726557cce886ee80355fd42c504e6cb7c1faa18b14eb,duplicate,32_GORDIAN III/side_a/image23066.jpg,GORDIAN III
32_GORDIAN III/side_a/thumb00451.jpg,3622ac40c47e20b97f8d7257d8b327ef1b9f4d8adfe162dd1a8a6673c90439cb,duplicate,32_GORDIAN III/side_a/thumb00001.jpg,GORDIAN III
32_GORDIAN III/side_a/thumb00452 (1).jpg,4bdff90247bb68243f460c50df8980469cbfe342edaab116dd8f3f39fb301682,duplicate,32_GORDIAN III/side_a/thumb00002.jpg,GORDIAN III
32_GORDIAN III/side_a/thumb00191.jpg,74eb9365d9ffd12f7b351918eec93eaa3d1510b23b7bb9d5497042f24ea12247,duplicate,32_GORDIAN III/side_a/thumb00040.jpg,GORDIAN III
32_GORDIAN III/side_a/thumb00295 (1).jpg,74eb9365d9ffd12f7b351918eec93eaa3d1510b23b7bb9d5497042f24ea12247,duplicate,32_GORDIAN III/side_a/thumb00040.jpg,GORDIAN III
32_GORDIAN III/side_a/thumb00214.jpg,4899666ea328fe7cbd738b720a5664b4ce68f0b2d00820482a215c5acbdbd6f2,duplicate,32_GORDIAN III/side_a/thumb00101.jpg,GORDIAN III
32_GORDIAN III/side_a/thumb00387.jpg,6d2e82c2c96328f1164016e6eddec12389a1220fec37ffc9c7b3148487753636,duplicate,32_GORDIAN III/side_a/thumb00105.jpg,GORDIAN III
32_GORDIAN III/side_a/thumb00259 (2).jpg,d4f7d147d9fd31a6718f5aa93b579f30a7ced4bdf7cc36accbf5f25042261f42,duplicate,32_GORDIAN III/side_a/thumb00118.jpg,GORDIAN III
32_GORDIAN III/side_a/thumb00294.jpg,2d3d5285d4882eaac23d83751334d071f3ca52439394e6f076669f49812f038f,duplicate,32_GORDIAN III/side_a/thumb00190.jpg,GORDIAN III
32_GORDIAN III/side_a/thumb00760.jpg,9e1f281dc875c0afc6f72d51390c0306b39f1b04f89313bb19a9ad194d226f25,duplicate,32_GORDIAN III/side_a/thumb00320 (2).jpg,GORDIAN III
32_GORDIAN III/side_a/thumb00465 (1).jpg,c621ad1403b86598b526002af363866c87716517309a41df8c32636fef4b9be2,duplicate,32_GORDIAN III/side_a/thumb00351 (1).jpg,GORDIAN III
32_GORDIAN III/side_a/thumb24141.jpg,d03cc0fc5c867e99761e28750761b4a8b29b1be72a8669ffff4ee5adad98740c,duplicate,32_GORDIAN III/side_a/thumb23066.jpg,GORDIAN III
33_PHILIP THE ARAB/side_a/_antiochPisidia_SNGTub_4396.jpg,2411b9730cf896bf016aee672ca253fa2d974fbab167179d01ad68489956f872,duplicate,33_PHILIP THE ARAB/side_a/_antiochPisidia_SNGTub_4396(1).jpg,PHILIP THE ARAB
33_PHILIP THE ARAB/side_a/_caesareaGermanica_RecGen_37.jpg,206905644e6cafb287904b0cacfe68a7cc74420a99bca6be35758bb66b7cdf9c,duplicate,33_PHILIP THE ARAB/side_a/_caesareaGermanica_RecGen_37(1).jpg,PHILIP THE ARAB
33_PHILIP THE ARAB/side_a/_deultum_Varbanov_2999.jpg,b297b586d8e24002437bdc0dc2224f247f1bd597ff150810a5a791fef688a81e,duplicate,33_PHILIP THE ARAB/side_a/_deultum_Varbanov_2999(1).jpg,PHILIP THE ARAB
33_PHILIP THE ARAB/side_a/_heliopolis_AE30_LindgrenI_2164v.jpg,ddcb2eb76092d13c890875dea1a52018dc5a15bf89050a99ee29ec9cb468dde5,duplicate,33_PHILIP THE ARAB/side_a/_heliopolis_AE30_LindgrenI_2164.jpg,PHILIP THE ARAB
33_PHILIP THE ARAB/side_a/_heliopolis_AE30_LindgrenI_2164v.th.jpg,257ed8a0e02acb4a59fbfb7c30c053668697f7f7936364677ed4896c402e278c,duplicate,33_PHILIP THE ARAB/side_a/_heliopolis_AE30_LindgrenI_2164.th.jpg,PHILIP THE ARAB
33_PHILIP THE ARAB/side_a/_laranda_SNGFr_2317.jpg,7080c1e3075d7efa3e77a7aa29cf6f4b45da536b125e73a0326e0e6c1109caf4,duplicate,33_PHILIP THE ARAB/side_a/_laranda_SNGFr_2317(1).jpg,PHILIP THE ARAB
34_TRAJAN DECIUS/side_a/preview_00691457_001.jpg,a0315feada3f9bceb58ed55ee6b77db0cc9e1e91694bb921e7b25dde8098c712,duplicate,34_TRAJAN DECIUS/side_a/preview_00691457_001 (1).jpg,TRAJAN DECIUS
34_TRAJAN DECIUS/side_a/preview_00691458_001.jpg,61befc3aeb94dccbf83f740a49be49c752581d7a53510ab4c93cfb86c95972b5,duplicate,34_TRAJAN DECIUS/side_a/preview_00691458_001 (1).jpg,TRAJAN DECIUS
34_TRAJAN DECIUS/side_a/preview_00691459_001.jpg,89675d9087835cef5ad9449c2b03c641061c33fef827920f22892101c3a6b6fe,duplicate,34_TRAJAN DECIUS/side_a/preview_00691459_001 (1).jpg,TRAJAN DECIUS
34_TRAJAN DECIUS/side_a/preview_00691460_001.jpg,568ca5cfbf54cd81c248553a7e3f9df7f96125c9a6ca6664137560c38bc44bb2,duplicate,34_TRAJAN DECIUS/side_a/preview_00691460_001 (1).jpg,TRAJAN DECIUS
34_TRAJAN DECIUS/side_a/preview_00691461_001.jpg,3184709a68575efe72300faa2979ef13bfdb14d38accf81bdfc4b1139df9af3d,duplicate,34_TRAJAN DECIUS/side_a/preview_00691461_001 (1).jpg,TRAJAN DECIUS
34_TRAJAN DECIUS/side_a/preview_00691462_001.jpg,31ac8d29e0f81787338b1aa960afab7f5e928b1e5bc351a7b61ae9265d7656ec,duplicate,34_TRAJAN DECIUS/side_a/preview_00691462_001 (1).jpg,TRAJAN DECIUS
34_TRAJAN DECIUS/side_a/preview_00691463_001.jpg,c1d2aa0baa3b1eb782a654d17b63a88e2088b763ad4f42ccbdda2ae0d08e10e0,duplicate,34_TRAJAN DECIUS/side_a/preview_00691463_001 (1).jpg,TRAJAN DECIUS
34_TRAJAN DECIUS/side_a/preview_00691464_001.jpg,e2cae0e2af2c0ea20935b17cb5e946b5e2a07d84547a2e4b47315287b8c8008d,duplicate,34_TRAJAN DECIUS/side_a/preview_00691464_001 (1).jpg,TRAJAN DECIUS
34_TRAJAN DECIUS/side_a/preview_00691465_001.jpg,4aeada151f7205b3166b8d066b71a99f7b557ea0571a6f427d53bfcbf3fe8961,duplicate,34_TRAJAN DECIUS/side_a/preview_00691465_001 (1).jpg,TRAJAN DECIUS
34_TRAJAN DECIUS/side_a/preview_00691466_001.jpg,cfa6e6958200cf7704f9acf35d5318e0ef1da4f5f764791589dc8d5e770f6a35,duplicate,34_TRAJAN DECIUS/side_a/preview_00691466_001 (1).jpg,TRAJAN DECIUS
34_TRAJAN DECIUS/side_a/preview_00691467_001.jpg,167ebfd1ba90444f6eebe23e933176b2c913fa18f88a39589782dd873c6a0161,duplicate,34_TRAJAN DECIUS/side_a/preview_00691467_001 (1).jpg,TRAJAN DECIUS
34_TRAJAN DECIUS/side_a/preview_00691468_001.jpg,e9ff46f507bf98c3ef802e734c6f172ef437329c35fdbc26bcf4525e7ca49bf4,duplicate,34_TRAJAN DECIUS/side_a/preview_00691468_001 (1).jpg,TRAJAN DECIUS
34_TRAJAN DECIUS/side_a/preview_00691469_001.jpg,1f831bdba6142831dfb0db35a6ca954ea143679f3cb163a6985e5335dbd79f0c,duplicate,34_TRAJAN DECIUS/side_a/preview_00691469_001 (1).jpg,TRAJAN DECIUS
34_TRAJAN DECIUS/side_a/preview_00691470_001.jpg,c1dcb51a3eb10b8ac13fd3fbfe78b064542f90d0b79348762beef379f850bff6,duplicate,34_TRAJAN DECIUS/side_a/preview_00691470_001 (1).jpg,TRAJAN DECIUS
34_TRAJAN DECIUS/side_a/preview_00691471_001.jpg,58716997ccb11ab0b44fc8e2ec1201d4d260030e0f44be6e003c8a40dfbc3ac2,duplicate,34_TRAJAN DECIUS/side_a/preview_00691471_001 (1).jpg,TRAJAN DECIUS
34_TRAJAN DECIUS/side_a/preview_00691472_001.jpg,956737a3d37c445b67c0efd8f518c080543784e2d459f90bf91f42ccf45ff923,duplicate,34_TRAJAN DECIUS/side_a/preview_00691472_001 (1).jpg,TRAJAN DECIUS
34_TRAJAN DECIUS/side_a/preview_00691474_001.jpg,ef8bae83ed96cf19a2405d34b161b635f5116534d7d7e4bf58e4a9a4d48e8dc8,duplicate,34_TRAJAN DECIUS/side_a/preview_00691474_001 (1).jpg,TRAJAN DECIUS
34_TRAJAN DECIUS/side_a/preview_00691482_001.jpg,8c2da6302bc09fb3039a0071ae3789dc1d840d838a781ecaab34fe842908aae1,duplicate,34_TRAJAN DECIUS/side_a/preview_00691482_001 (1).jpg,TRAJAN DECIUS
34_TRAJAN DECIUS/side_a/preview_00691483_001.jpg,61a6ccf19543bc7fc5b1a7077de0ef0709d7ce116f2dbf4bd6c5014120853edf,duplicate,34_TRAJAN DECIUS/side_a/preview_00691483_001 (1).jpg,TRAJAN DECIUS
34_TRAJAN DECIUS/side_a/preview_00692403_001.jpg,ccf0bf2303e0d5686959c28507655bd814fc3055b70448176ed388fdb884f3c8,duplicate,34_TRAJAN DECIUS/side_a/preview_00692403_001 (1).jpg,TRAJAN DECIUS
34_TRAJAN DECIUS/side_a/preview_00692404_001.jpg,041482e209af75995f91df0e88cfa1eede2ae26a068d0fb622e74c9be6ee70fe,duplicate,34_TRAJAN DECIUS/side_a/preview_00692404_001 (1).jpg,TRAJAN DECIUS
34_TRAJAN DECIUS/side_a/preview_00692405_001.jpg,fbdfa9b4caf10a392e8f25bf1b7a9d3a59064fb5cddbd77a42f64a74c084ca5f,duplicate,34_TRAJAN DECIUS/side_a/preview_00692405_001 (1).jpg,TRAJAN DECIUS
34_TRAJAN DECIUS/side_a/preview_00692406_001.jpg,df40f8895bc6781534a33468f1ac7549fbae722ca78fad4d5bb63915e26a4bbd,duplicate,34_TRAJAN DECIUS/side_a/preview_00692406_001 (1).jpg,TRAJAN DECIUS
34_TRAJAN DECIUS/side_a/preview_00692407_001.jpg,9899f733ae452f837db8750b8a83e1b25855e95afc6cf7a6a448d18194440011,duplicate,34_TRAJAN DECIUS/side_a/preview_00692407_001 (1).jpg,TRAJAN DECIUS
34_TRAJAN DECIUS/side_a/preview_00692408_001.jpg,0df2fa248d20ff73308a273d9c1b16005e52c141b4de1c9ecec47b28e031a2ff,duplicate,34_TRAJAN DECIUS/side_a/preview_00692408_001 (1).jpg,TRAJAN DECIUS
34_TRAJAN DECIUS/side_a/preview_00692409_001.jpg,9dde517a697b1c5e436274fbc9cd77aad191ba5cd93e41a16df6ab136790973c,duplicate,34_TRAJAN DECIUS/side_a/preview_00692409_001 (1).jpg,TRAJAN DECIUS
34_TRAJAN DECIUS/side_a/preview_00692411_001.jpg,5189b0239fd92045f68f1d2d3bc2e93353c5c2b53039d6791efe7ec54f1d1b97,duplicate,34_TRAJAN DECIUS/side_a/preview_00692411_001 (1).jpg,TRAJAN DECIUS
34_TRAJAN DECIUS/side_a/preview_00692413_001.jpg,ea1f210d6d1e810ab64e9a9c8a40a752e21c874e144b789ce0b843ece10de680,duplicate,34_TRAJAN DECIUS/side_a/preview_00692413_001 (1).jpg,TRAJAN DECIUS
34_TRAJAN DECIUS/side_a/preview_00692414_001.jpg,8c3d66c8223bd5cd9aa7c82bbc5f6c4f50129f93342a17bc8ac54ba4e0af4b19,duplicate,34_TRAJAN DECIUS/side_a/preview_00692414_001 (1).jpg,TRAJAN DECIUS
34_TRAJAN DECIUS/side_a/preview_00692415_001.jpg,2bc1a22226a00c699191bb64ef01ea2b18f8ef49acc986ac9163b08fc636c9cd,duplicate,34_TRAJAN DECIUS/side_a/preview_00692415_001 (1).jpg,TRAJAN DECIUS
34_TRAJAN DECIUS/side_a/preview_00692417_001.jpg,e1936b727448ff95814830dfd4461af6504ecad6d8fc1293c1ae4d1c83b8ef1b,duplicate,34_TRAJAN DECIUS/side_a/preview_00692417_001 (1).jpg,TRAJAN DECIUS
34_TRAJAN DECIUS/side_a/preview_00692418_001.jpg,7a7bf56aa98cb6e809bd2e8c1958e9af5c1049364cc83b2364832599204995e0,duplicate,34_TRAJAN DECIUS/side_a/preview_00692418_001 (1).jpg,TRAJAN DECIUS
34_TRAJAN DECIUS/side_a/preview_00692420_001.jpg,4a42b815efecfb9e2559190e6e0f249b2e0ae1a9252875fb36cc07c86725491f,duplicate,34_TRAJAN DECIUS/side_a/preview_00692420_001 (1).jpg,TRAJAN DECIUS
34_TRAJAN DECIUS/side_a/preview_00692421_001.jpg,7e9a659de03742b0676784ad6a24dd45737200bab3576d2aa063c288ce33d8ef,duplicate,34_TRAJAN DECIUS/side_a/preview_00692421_001 (1).jpg,TRAJAN DECIUS
34_TRAJAN DECIUS/side_a/preview_00692422_001.jpg,e282a700e058ca832b818a813569a35e512021a805f6ac1cca36564f08f288a4,duplicate,34_TRAJAN DECIUS/side_a/preview_00692422_001 (1).jpg,TRAJAN DECIUS
34_TRAJAN DECIUS/side_a/preview_00692423_001.jpg,dbc893918a7914b1c41da7bfe906e75eabb819ec8c6e2c104f7b558eb5187e0b,duplicate,34_TRAJAN DECIUS/side_a/preview_00692423_001 (1).jpg,TRAJAN DECIUS
34_TRAJAN DECIUS/side_a/preview_00692424_001.jpg,70693617197ffe51cb8e1f5e2ddee3bf59733ab71546c5a3ecf7031a87080109,duplicate,34_TRAJAN DECIUS/side_a/preview_00692424_001 (1).jpg,TRAJAN DECIUS
34_TRAJAN DECIUS/side_a/preview_00692426_001.jpg,ec872176aed45ea86f12ae902b1055298ff27ce2d738106d0ecd26632d993cae,duplicate,34_TRAJAN DECIUS/side_a/preview_00692426_001 (1).jpg,TRAJAN DECIUS
34_TRAJAN DECIUS/side_a/preview_00692427_001.jpg,e2e03f29c329bd9b19d0b34514356cbde0f8a580f769dc358685b08de9ff9b0a,duplicate,34_TRAJAN DECIUS/side_a/preview_00692427_001 (1).jpg,TRAJAN DECIUS
34_TRAJAN DECIUS/side_a/preview_00692428_001.jpg,1f23ea1b90469ba66389449c4ed69368fbb772cbec6e0df653af8ccc46bda39d,duplicate,34_TRAJAN DECIUS/side_a/preview_00692428_001 (1).jpg,TRAJAN DECIUS
34_TRAJAN DECIUS/side_a/preview_00692429_001.jpg,5d114f9903bfe72ae1dc0d6c98d56fc5297f061507e154c29c8232f9e6538703,duplicate,34_TRAJAN DECIUS/side_a/preview_00692429_001 (1).jpg,TRAJAN DECIUS
34_TRAJAN DECIUS/side_a/preview_00692430_001.jpg,1a1d0874d7978d62df822602a3b7f3128a6b217f34e9b3c048916d28c3d8e871,duplicate,34_TRAJAN DECIUS/side_a/preview_00692430_001 (1).jpg,TRAJAN DECIUS
34_TRAJAN DECIUS/side_a/preview_00692431_001.jpg,f0fdab5e1b89cd5ee23364d0b60d93e3ec203f69985abba61fb4df1297e10f56,duplicate,34_TRAJAN DECIUS/side_a/preview_00692431_001 (1).jpg,TRAJAN DECIUS
34_TRAJAN DECIUS/side_a/preview_00692432_001.jpg,30463f3377a4e459c901748b5750b9fe6caf01acfcb4bc3d144de3a5ad22baed,duplicate,34_TRAJAN DECIUS/side_a/preview_00692432_001 (1).jpg,TRAJAN DECIUS
34_TRAJAN DECIUS/side_a/preview_00692433_001.jpg,d6ec2d14f85529f931cd804fe29494b62fda694ba0e9fcfc6ce719e1f856723f,duplicate,34_TRAJAN DECIUS/side_a/preview_00692433_001 (1).jpg,TRAJAN DECIUS
34_TRAJAN DECIUS/side_a/preview_00692434_001.jpg,2c25783ac879ca3d61bbcf1d4199818da5f808d5dc09796f62f84e512e7f5121,duplicate,34_TRAJAN DECIUS/side_a/preview_00692434_001 (1).jpg,TRAJAN DECIUS
34_TRAJAN DECIUS/side_a/preview_00692436_001.jpg,138ac033a2ca7868cbdb24c2383ec9fcb819ffa4ff989152afcb6e731853f95b,duplicate,34_TRAJAN DECIUS/side_a/preview_00692436_001 (1).jpg,TRAJAN DECIUS
34_TRAJAN DECIUS/side_a/preview_00692437_001.jpg,c0fab9834b0641da1f2e9a6666ba5684634f106ba6e2e7dfca08dac7dda4f81d,duplicate,34_TRAJAN DECIUS/side_a/preview_00692437_001 (1).jpg,TRAJAN DECIUS
34_TRAJAN DECIUS/side_a/preview_00692438_001.jpg,2032cf187508ef9c6b7a1e59759c2798c795ea7379b370c8e25091b3b4d3d550,duplicate,34_TRAJAN DECIUS/side_a/preview_00692438_001 (1).jpg,TRAJAN DECIUS
34_TRAJAN DECIUS/side_a/preview_00692439_001.jpg,6d3c2f652baa9f13ffb8b23c79cf86a3d465366e9c5b4fc236d428942c4a7cfc,duplicate,34_TRAJAN DECIUS/side_a/preview_00692439_001 (1).jpg,TRAJAN DECIUS
34_TRAJAN DECIUS/side_a/preview_00692441_001.jpg,1bb3076ffb1d9fc52e7837ee0df169b8fd895b9acea15b0609bbc486b578a58f,duplicate,34_TRAJAN DECIUS/side_a/preview_00692441_001 (1).jpg,TRAJAN DECIUS
34_TRAJAN DECIUS/side_a/preview_00692443_001.jpg,ad5b5d5b7e9dc8374072a26bca7b2c9822f830eb2247f9233caa75f76da19ab8,duplicate,34_TRAJAN DECIUS/side_a/preview_00692443_001 (1).jpg,TRAJAN DECIUS
34_TRAJAN DECIUS/side_a/preview_00692445_001.jpg,3595aa94e62c78d40d012374e8df255017db9a79f03710471c3028b8c9a44c09,duplicate,34_TRAJAN DECIUS/side_a/preview_00692445_001 (1).jpg,TRAJAN DECIUS
34_TRAJAN DECIUS/side_a/preview_00692540_001.jpg,fd2c8bf73dad96825b242e10100d77bb4db88c93c2a955e87c2bfb1314b5d8b4,duplicate,34_TRAJAN DECIUS/side_a/preview_00692540_001 (1).jpg,TRAJAN DECIUS
34_TRAJAN DECIUS/side_a/preview_00692541_001.jpg,116c8428ca7dacabd901f4bfb1e24f5a8b4659db936febfe21e7ba16f85cf370,duplicate,34_TRAJAN DECIUS/side_a/preview_00692541_001 (1).jpg,TRAJAN DECIUS
34_TRAJAN DECIUS/side_a/preview_00692542_001.jpg,271e273ae78cb212460d868d2f2334b51a79c838cc7582bc53e8400bdad81700,duplicate,34_TRAJAN DECIUS/side_a/preview_00692542_001 (1).jpg,TRAJAN DECIUS
34_TRAJAN DECIUS/side_a/preview_00692543_001.jpg,efc10f04283aa1f86208615e985dffdbc3acf7bd3ec0a80eb28196aa46808e84,duplicate,34_TRAJAN DECIUS/side_a/preview_00692543_001 (1).jpg,TRAJAN DECIUS
34_TRAJAN DECIUS/side_a/preview_00826153_001.jpg,e6a344c2d72f59c3fa921ec14481ac81426c4871c4b97a5b224b0a75e1a93993,label_conflict,,TRAJAN DECIUS|TRBONIANUS GALLUS
36_TRBONIANUS GALLUS/side_a/preview_00826153_001.jpg,e6a344c2d72f59c3fa921ec14481ac81426c4871c4b97a5b224b0a75e1a93993,label_conflict,,TRAJAN DECIUS|TRBONIANUS GALLUS
34_TRAJAN DECIUS/side_a/preview_01273942_001.jpg,0c35157cebf440cfbaf775cca68aae32c940b14ef3e31ba2ed182051297a4ac8,duplicate,34_TRAJAN DECIUS/side_a/preview_01273942_001 (1).jpg,TRAJAN DECIUS
34_TRAJAN DECIUS/side_a/preview_01273954_001.jpg,18cac889cc0b41e0ce090bf054c7d5495df0afc48908418050b901abfff30ce3,duplicate,34_TRAJAN DECIUS/side_a/preview_01273954_001 (1).jpg,TRAJAN DECIUS
34_TRAJAN DECIUS/side_a/preview_01274003_001.jpg,6a3d6da14974734d01f5f4172260be44e919e0820e62a6595005c9a2f403c7a2,duplicate,34_TRAJAN DECIUS/side_a/preview_01274003_001 (1).jpg,TRAJAN DECIUS
34_TRAJAN DECIUS/side_a/preview_BM_Decius_AR__1137_.jpg,b4cef3bbc6dedafbc6f25b81e817b83861f1b1da591fd44a253d9068f64c8995,duplicate,34_TRAJAN DECIUS/side_a/preview_BM_Decius_AR__1137_ (1).jpg,TRAJAN DECIUS
34_TRAJAN DECIUS/side_a/preview_BM_Decius_AR__1821_.jpg,4276b3487742f7641cd181375a7e560fcc07581488c62e3e11d9992a3d883430,duplicate,34_TRAJAN DECIUS/side_a/preview_BM_Decius_AR__1821_ (1).jpg,TRAJAN DECIUS
34_TRAJAN DECIUS/side_a/preview_BM_Decius_AR__2077_.jpg,d263613ade13f6ea87f7544ad33f6928ea38b010abb925edba1edeca325a0b20,duplicate,34_TRAJAN DECIUS/side_a/preview_BM_Decius_AR__2077_ (1).jpg,TRAJAN DECIUS
34_TRAJAN DECIUS/side_a/preview_BM_Decius_AR__2080_.jpg,45bd5f826b50c1dc0d7cd9cdd71e72c58f342309ccb889e52f8254b94203f119,duplicate,34_TRAJAN DECIUS/side_a/preview_BM_Decius_AR__2080_ (1).jpg,TRAJAN DECIUS
34_TRAJAN DECIUS/side_a/preview_BM_Decius_AR__2083_.jpg,94f5ad46fb921ff3b1aa7f22e1cd79886449331b80736bb82a6ced659d932479,duplicate,34_TRAJAN DECIUS/side_a/preview_BM_Decius_AR__2083_ (1).jpg,TRAJAN DECIUS
34_TRAJAN DECIUS/side_a/preview_BM_Decius_AR__2087_.jpg,c276a13845e4a58562daf18385d9b4dab2294bac997386d9a5702ef36aecc5f9,duplicate,34_TRAJAN DECIUS/side_a/preview_BM_Decius_AR__2087_ (1).jpg,TRAJAN DECIUS
34_TRAJAN DECIUS/side_a/preview_BM_Decius_AR__2090_.jpg,7bf204c29c24556ed227e4696ebcb4f8eb68b5b1ed787e22283d01606fc6690b,duplicate,34_TRAJAN DECIUS/side_a/preview_BM_Decius_AR__2090_ (1).jpg,TRAJAN DECIUS
34_TRAJAN DECIUS/side_a/preview_BM_Decius_AR__2094_.jpg,5475b3737e99aa22b0b966e5018bc26119642115c1e61850b01c1c457bef8434,duplicate,34_TRAJAN DECIUS/side_a/preview_BM_Decius_AR__2094_ (1).jpg,TRAJAN DECIUS
34_TRAJAN DECIUS/side_a/preview_BM_Decius_AR__2097_.jpg,5d7722256100f678b66151af1d8efa865b2e7c3d29d056ca7a6c5d05868ef3e3,duplicate,34_TRAJAN DECIUS/side_a/preview_BM_Decius_AR__2097_ (1).jpg,TRAJAN DECIUS
34_TRAJAN DECIUS/side_a/preview_BM_Decius_AR__2100_.jpg,8c7d702b6466f008e955d8b8085e9dc65864f9257422f06f8fee9b4a205a6adb,duplicate,34_TRAJAN DECIUS/side_a/preview_BM_Decius_AR__2100_ (1).jpg,TRAJAN DECIUS
34_TRAJAN DECIUS/side_a/preview_BM_Decius_AR__2104_.jpg,dc9542d24b6860ca24510fd3cf1a06df81bdc760c5579cd95d53a235706694c7,duplicate,34_TRAJAN DECIUS/side_a/preview_BM_Decius_AR__2104_ (1).jpg,TRAJAN DECIUS
34_TRAJAN DECIUS/side_a/preview_BM_Decius_AR__2107_.jpg,7323ca53a331dacfd3d8701a4c2c9385c1338726c9325a401136588dafebc326,duplicate,34_TRAJAN DECIUS/side_a/preview_BM_Decius_AR__2107_ (1).jpg,TRAJAN DECIUS
34_TRAJAN DECIUS/side_a/preview_BM_Decius_AR__4184_.jpg,a6a16fdf368577d1ea0c4ce4e78f591ebff53afeefb0b20d33e79df34ca5366a,duplicate,34_TRAJAN DECIUS/side_a/preview_BM_Decius_AR__4184_ (1).jpg,TRAJAN DECIUS
34_TRAJAN DECIUS/side_a/preview_BM_Decius_AR__4207_.jpg,e8b8ca81dac5449a69ee3868678b1968580f8ba45bea381035bd0cf362ca5ade,duplicate,34_TRAJAN DECIUS/side_a/preview_BM_Decius_AR__4207_ (1).jpg,TRAJAN DECIUS
34_TRAJAN DECIUS/side_a/preview_Roman_Series_Continued_OFFICIAL_04909.jpg,3e2e2d7aebd2800b3d2c3190e072b05b0ba12561507ac37a3bf70679bab703fe,duplicate,34_TRAJAN DECIUS/side_a/preview_Roman_Series_Continued_OFFICIAL_04909 (1).jpg,TRAJAN DECIUS
36_TRBONIANUS GALLUS/side_a/image00315.jpg,fe5432b2a387671702d753da8ea8524a166a47714f884d91dda0551d98593438,duplicate,36_TRBONIANUS GALLUS/side_a/image00248.jpg,TRBONIANUS GALLUS
36_TRBONIANUS GALLUS/side_a/thumb00315.jpg,c63b935240cf1ee812eacc8e06ef1d02399fbdb1c5070ce0d4315af1498031c6,duplicate,36_TRBONIANUS GALLUS/side_a/thumb00248.jpg,TRBONIANUS GALLUS
37_AEMILIAN/side_a/image00001 (1).jpg,b3c074c6fb9df35d0b92fc42a469df0e55746ee42e70d082c519d8e8790ff34b,label_conflict,,AEMILIAN|VALERIAN
38_VALERIAN/side_a/image00001.jpg,b3c074c6fb9df35d0b92fc42a469df0e55746ee42e70d082c519d8e8790ff34b,label_conflict,,AEMILIAN|VALERIAN
37_AEMILIAN/side_a/image00034.jpg,d5800fb4eecfde9a29fbf146e2cee62be7186e8ec8f871126dbbcaa4988c50da,label_conflict,,AEMILIAN|VALERIAN
38_VALERIAN/side_a/image00034.jpg,d5800fb4eecfde9a29fbf146e2cee62be7186e8ec8f871126dbbcaa4988c50da,label_conflict,,AEMILIAN|VALERIAN
37_AEMILIAN/side_a/image00047.jpg,cbfb7643e0ae73e2c12182bc7e5091fba6ec0f1cf2c9a885a7196b77a4fc2d7c,label_conflict,,AEMILIAN|VALERIAN
38_VALERIAN/side_a/image00047.jpg,cbfb7643e0ae73e2c12182bc7e5091fba6ec0f1cf2c9a885a7196b77a4fc2d7c,label_conflict,,AEMILIAN|VALERIAN
37_AEMILIAN/side_a/image00069.jpg,1d0d6a12222b0e04149ca74272ecfc37aaf16c0ebb35b773117d614e41d7a70d,label_conflict,,AEMILIAN|VALERIAN
38_VALERIAN/side_a/image00069.jpg,1d0d6a12222b0e04149ca74272ecfc37aaf16c0ebb35b773117d614e41d7a70d,label_conflict,,AEMILIAN|VALERIAN
37_AEMILIAN/side_a/image00097 (1).jpg,63b3ed6d06d6612ef97cf3fe22bb0f8978f2c47ef7ab20d955e856217aa559be,label_conflict,,AEMILIAN|VALERIAN
38_VALERIAN/side_a/image00097.jpg,63b3ed6d06d6612ef97cf3fe22bb0f8978f2c47ef7ab20d955e856217aa559be,label_conflict,,AEMILIAN|VALERIAN
37_AEMILIAN/side_a/image00098 (1).jpg,e4781265c972c6c50b39cbcdb7825c167e4842ba53822de5f5fc6878f6002290,label_conflict,,AEMILIAN|VALERIAN
38_VALERIAN/side_a/image00098 (1).jpg,e4781265c972c6c50b39cbcdb7825c167e4842ba53822de5f5fc6878f6002290,label_conflict,,AEMILIAN|VALERIAN
37_AEMILIAN/side_a/image00100 (1).jpg,954dea6d0483a67acc79b0ee5ef77a250fe899df46e883a225e88c2b6f4ef90c,label_conflict,,AEMILIAN|VALERIAN
38_VALERIAN/side_a/image00100 (1).jpg,954dea6d0483a67acc79b0ee5ef77a250fe899df46e883a225e88c2b6f4ef90c,label_conflict,,AEMILIAN|VALERIAN
37_AEMILIAN/side_a/image00120.jpg,dbd6c2916007e01b7dbe4e5570983845b955ee0261cf5c9a6bd6d8a0c5024bf7,duplicate,37_AEMILIAN/side_a/image00120(1).jpg,AEMILIAN
37_AEMILIAN/side_a/image00145.jpg,b87131535259edd71ba12334c7ad962fa947255a8b61ecb09845ceefd2825b1c,label_conflict,,AEMILIAN|GALLIENUS|VALERIAN
38_VALERIAN/side_a/image00145.jpg,b87131535259edd71ba12334c7ad962fa947255a8b61ecb09845ceefd2825b1c,label_conflict,,AEMILIAN|GALLIENUS|VALERIAN
39_GALLIENUS/side_a/image00145.jpg,b87131535259edd71ba12334c7ad962fa947255a8b61ecb09845ceefd2825b1c,label_conflict,,AEMILIAN|GALLIENUS|VALERIAN
37_AEMILIAN/side_a/image00156.jpg,a7e22d0fdd0464420ca8682690eb191da27389a2f2087d8a4f9d7679ff422bb3,label_conflict,,AEMILIAN|VALERIAN
38_VALERIAN/side_a/image00156.jpg,a7e22d0fdd0464420ca8682690eb191da27389a2f2087d8a4f9d7679ff422bb3,label_conflict,,AEMILIAN|VALERIAN
37_AEMILIAN/side_a/image00164.jpg,6d940bec4bc564ba7ab6e63c227d19047090f5ad558535099765cdaa18ad25db,label_conflict,,AEMILIAN|VALERIAN
38_VALERIAN/side_a/image00164.jpg,6d940bec4bc564ba7ab6e63c227d19047090f5ad558535099765cdaa18ad25db,label_conflict,,AEMILIAN|VALERIAN
37_AEMILIAN/side_a/image00181.jpg,6c5a4ad64b58afd40730aed0886d39fe25f04d281d435a485be07e36b8a5b4a6,label_conflict,,AEMILIAN|VALERIAN
38_VALERIAN/side_a/image00181.jpg,6c5a4ad64b58afd40730aed0886d39fe25f04d281d435a485be07e36b8a5b4a6,label_conflict,,AEMILIAN|VALERIAN
37_AEMILIAN/side_a/image00182 (1).jpg,1002ac0bf65232b37268e92cf33d7dd215f1bd5f7f2a1dcfd8dcf75955ee4f78,label_conflict,,AEMILIAN|VALERIAN
38_VALERIAN/side_a/image00182 (1).jpg,1002ac0bf65232b37268e92cf33d7dd215f1bd5f7f2a1dcfd8dcf75955ee4f78,label_conflict,,AEMILIAN|VALERIAN
37_AEMILIAN/side_a/image00182.jpg,84cde1465f0d185f35a1d9747fed8eedb47be7b1d935d9a06b78b7b82d8c60bb,label_conflict,,AEMILIAN|VALERIAN
38_VALERIAN/side_a/image00182.jpg,84cde1465f0d185f35a1d9747fed8eedb47be7b1d935d9a06b78b7b82d8c60bb,label_conflict,,AEMILIAN|VALERIAN
37_AEMILIAN/side_a/image00183 (1).jpg,581fc7e34c1bc78b133f21eff85e08b46f0eda246687abcfecb6dedebc88f602,label_conflict,,AEMILIAN|VALERIAN
38_VALERIAN/side_a/image00183.jpg,581fc7e34c1bc78b133f21eff85e08b46f0eda246687abcfecb6dedebc88f602,label_conflict,,AEMILIAN|VALERIAN
37_AEMILIAN/side_a/image00184 (1).jpg,c73153149f46b64605973f3dbfa2aeb8a98c119e1342c12d71df9c2fade71c28,label_conflict,,AEMILIAN|VALERIAN
38_VALERIAN/side_a/image00184.jpg,c73153149f46b64605973f3dbfa2aeb8a98c119e1342c12d71df9c2fade71c28,label_conflict,,AEMILIAN|VALERIAN
37_AEMILIAN/side_a/image00185 (1).jpg,efc7770580e68e18fd27d4f7a23db6aa15e5874f5ea858f368008ba2633e0d04,label_conflict,,AEMILIAN|GALLIENUS|VALERIAN
38_VALERIAN/side_a/image00185.jpg,efc7770580e68e18fd27d4f7a23db6aa15e5874f5ea858f368008ba2633e0d04,label_conflict,,AEMILIAN|GALLIENUS|VALERIAN
39_GALLIENUS/side_a/image00185.jpg,efc7770580e68e18fd27d4f7a23db6aa15e5874f5ea858f368008ba2633e0d04,label_conflict,,AEMILIAN|GALLIENUS|VALERIAN
37_AEMILIAN/side_a/image00202.jpg,42151c8437e340586118bfcf03cb7ef173f38ba9aea0b37d5dcbd9b778ac8460,label_conflict,,AEMILIAN|VALERIAN
38_VALERIAN/side_a/image00202 (1).jpg,42151c8437e340586118bfcf03cb7ef173f38ba9aea0b37d5dcbd9b778ac8460,label_conflict,,AEMILIAN|VALERIAN
37_AEMILIAN/side_a/image00216 (2).jpg,cd168a858d1f804fd3849c00122df6d54b6a3e745217c68821566f9ad568c71e,label_conflict,,AEMILIAN|VALERIAN
38_VALERIAN/side_a/image00216.jpg,cd168a858d1f804fd3849c00122df6d54b6a3e745217c68821566f9ad568c71e,label_conflict,,AEMILIAN|VALERIAN
37_AEMILIAN/side_a/image00228.jpg,1418b9acae5e1e67656594bcf729578514aaec3a7b151dcb8d7bba104c099076,label_conflict,,AEMILIAN|GALLIENUS
39_GALLIENUS/side_a/image00228 (1).jpg,1418b9acae5e1e67656594bcf729578514aaec3a7b151dcb8d7bba104c099076,label_conflict,,AEMILIAN|GALLIENUS
37_AEMILIAN/side_a/image00233.jpg,cbeb0da78bfdb9f470006a56e0a18c93a3b0845aac7abc3347fd7b42e67c2502,label_conflict,,AEMILIAN|VALERIAN
38_VALERIAN/side_a/image00233 (1).jpg,cbeb0da78bfdb9f470006a56e0a18c93a3b0845aac7abc3347fd7b42e67c2502,label_conflict,,AEMILIAN|VALERIAN
37_AEMILIAN/side_a/image00236.jpg,148be0682178c5b97679136c268c01f155e978b09ef1015b3f49b2a424e2b567,label_conflict,,AEMILIAN|GALLIENUS|VALERIAN
38_VALERIAN/side_a/image00236.jpg,148be0682178c5b97679136c268c01f155e978b09ef1015b3f49b2a424e2b567,label_conflict,,AEMILIAN|GALLIENUS|VALERIAN
39_GALLIENUS/side_a/image00236.jpg,148be0682178c5b97679136c268c01f155e978b09ef1015b3f49b2a424e2b567,label_conflict,,AEMILIAN|GALLIENUS|VALERIAN
37_AEMILIAN/side_a/image00237.jpg,aa8269473cedfe9d3b02865cdfb728fc622d3d42f1b2747eedaa9ff9d0099655,label_conflict,,AEMILIAN|VALERIAN
38_VALERIAN/side_a/image00237.jpg,aa8269473cedfe9d3b02865cdfb728fc622d3d42f1b2747eedaa9ff9d0099655,label_conflict,,AEMILIAN|VALERIAN
37_AEMILIAN/side_a/image00246.jpg,a027d34330638a9cf41c763d8e53e0cd83a7883742e6000b14daa3ed9555b297,label_conflict,,AEMILIAN|VALERIAN
38_VALERIAN/side_a/image00246.jpg,a027d34330638a9cf41c763d8e53e0cd83a7883742e6000b14daa3ed9555b297,label_conflict,,AEMILIAN|VALERIAN
37_AEMILIAN/side_a/image00253 (1).jpg,15a5f2f58b11ba30dbf4131f6f25d90f3f6cf6b9509b88315d692fea9fb13e3a,label_conflict,,AEMILIAN|VALERIAN
38_VALERIAN/side_a/image00253.jpg,15a5f2f58b11ba30dbf4131f6f25d90f3f6cf6b9509b88315d692fea9fb13e3a,label_conflict,,AEMILIAN|VALERIAN
37_AEMILIAN/side_a/image00261.jpg,ccc2b1520ed84ab5ee5995e57c241aca679e83aa7d5f8a7acf98896d1cc8c6bd,label_conflict,,AEMILIAN|VALERIAN
38_VALERIAN/side_a/image00261.jpg,ccc2b1520ed84ab5ee5995e57c241aca679e83aa7d5f8a7acf98896d1cc8c6bd,label_conflict,,AEMILIAN|VALERIAN
37_AEMILIAN/side_a/image00262 (1).jpg,90909c813e96d14d6bb6706149ac2e8b257800ae45eb98a345a86d4007a5eb3c,label_conflict,,AEMILIAN|GALLIENUS|VALERIAN
38_VALERIAN/side_a/image00262.jpg,90909c813e96d14d6bb6706149ac2e8b257800ae45eb98a345a86d4007a5eb3c,label_conflict,,AEMILIAN|GALLIENUS|VALERIAN
39_GALLIENUS/side_a/image00262.jpg,90909c813e96d14d6bb6706149ac2e8b257800ae45eb98a345a86d4007a5eb3c,label_conflict,,AEMILIAN|GALLIENUS|VALERIAN
37_AEMILIAN/side_a/image00263.jpg,3a6338d5425238aaeda0d51fb6dc7bcd14c5e6377dd54a1116d8e4e2e831d8cf,label_conflict,,AEMILIAN|GALLIENUS|VALERIAN
38_VALERIAN/side_a/image00263.jpg,3a6338d5425238aaeda0d51fb6dc7bcd14c5e6377dd54a1116d8e4e2e831d8cf,label_conflict,,AEMILIAN|GALLIENUS|VALERIAN
39_GALLIENUS/side_a/image00263.jpg,3a6338d5425238aaeda0d51fb6dc7bcd14c5e6377dd54a1116d8e4e2e831d8cf,label_conflict,,AEMILIAN|GALLIENUS|VALERIAN
37_AEMILIAN/side_a/image00264.jpg,6f21b448cc155bc1ec5d8ba5704132be2b76eadddf477c3e112f8768ae2c81d9,label_conflict,,AEMILIAN|VALERIAN
38_VALERIAN/side_a/image00264.jpg,6f21b448cc155bc1ec5d8ba5704132be2b76eadddf477c3e112f8768ae2c81d9,label_conflict,,AEMILIAN|VALERIAN
37_AEMILIAN/side_a/image00272.jpg,4d4265bb8129a5d0e73480a58526dafee513d26ef616b7b72e84e0e6683ded55,label_conflict,,AEMILIAN|VALERIAN
38_VALERIAN/side_a/image00272.jpg,4d4265bb8129a5d0e73480a58526dafee513d26ef616b7b72e84e0e6683ded55,label_conflict,,AEMILIAN|VALERIAN
37_AEMILIAN/side_a/image00279.jpg,8d5949d95b6ebc5cce6022831f461cb393f4d8b2c9efdafefbf89ae40a2c70d9,label_conflict,,AEMILIAN|VALERIAN
38_VALERIAN/side_a/image00279.jpg,8d5949d95b6ebc5cce6022831f461cb393f4d8b2c9efdafefbf89ae40a2c70d9,label_conflict,,AEMILIAN|VALERIAN
37_AEMILIAN/side_a/image00285.jpg,d67bf80ab8dcb9362876e2f3200879eca5cb6fee664282cc6c3a8cff7ff35655,label_conflict,,AEMILIAN|VALERIAN
38_VALERIAN/side_a/image00285 (1).jpg,d67bf80ab8dcb9362876e2f3200879eca5cb6fee664282cc6c3a8cff7ff35655,label_conflict,,AEMILIAN|VALERIAN
37_AEMILIAN/side_a/image00300.jpg,e2da9ec2d2ccc5617914d73898fb0a8cf64ef10a9f78991980fb953798865d8d,label_conflict,,AEMILIAN|VALERIAN
38_VALERIAN/side_a/image00300.jpg,e2da9ec2d2ccc5617914d73898fb0a8cf64ef10a9f78991980fb953798865d8d,label_conflict,,AEMILIAN|VALERIAN
37_AEMILIAN/side_a/image00302 (1).jpg,89c2a5a5c41619e880473f4c28cf135b18ca9e3f86cc270d72a14d1d43a57fa8,label_conflict,,AEMILIAN|VALERIAN
38_VALERIAN/side_a/image00302.jpg,89c2a5a5c41619e880473f4c28cf135b18ca9e3f86cc270d72a14d1d43a57fa8,label_conflict,,AEMILIAN|VALERIAN
37_AEMILIAN/side_a/image00303 (3).jpg,00d91db11a981ce5f28d26b09b779ad0ec3f751dbfc61851002833d3b81ebe48,label_conflict,,AEMILIAN|GALLIENUS
39_GALLIENUS/side_a/image00303 (2).jpg,00d91db11a981ce5f28d26b09b779ad0ec3f751dbfc61851002833d3b81ebe48,label_conflict,,AEMILIAN|GALLIENUS
37_AEMILIAN/side_a/image00309.jpg,974510d57c64186b4954c0cc98057f84339e2861995dd901392e71bf1f10d27f,label_conflict,,AEMILIAN|VALERIAN
38_VALERIAN/side_a/image00309.jpg,974510d57c64186b4954c0cc98057f84339e2861995dd901392e71bf1f10d27f,label_conflict,,AEMILIAN|VALERIAN
37_AEMILIAN/side_a/image00328.jpg,4c2199eb40286d9fad1fef8d8b7481bc6876eb096b453e2c86d545b809c13d2a,label_conflict,,AEMILIAN|GALLIENUS|VALERIAN
38_VALERIAN/side_a/image00328.jpg,4c2199eb40286d9fad1fef8d8b7481bc6876eb096b453e2c86d545b809c13d2a,label_conflict,,AEMILIAN|GALLIENUS|VALERIAN
39_GALLIENUS/side_a/image00328.jpg,4c2199eb40286d9fad1fef8d8b7481bc6876eb096b453e2c86d545b809c13d2a,label_conflict,,AEMILIAN|GALLIENUS|VALERIAN
37_AEMILIAN/side_a/image00330.jpg,bbd1630e9e3bd7a1c322da054f19f422041ebae7d81e50448b8aa2ab81160e08,label_conflict,,AEMILIAN|VALERIAN
38_VALERIAN/side_a/image00330.jpg,bbd1630e9e3bd7a1c322da054f19f422041ebae7d81e50448b8aa2ab81160e08,label_conflict,,AEMILIAN|VALERIAN
37_AEMILIAN/side_a/image00340 (1).jpg,c44c47948b8138df924cfb48ae6fcd5cb8125282b42f7b3612306b7497fc7a21,label_conflict,,AEMILIAN|VALERIAN
38_VALERIAN/side_a/image00340.jpg,c44c47948b8138df924cfb48ae6fcd5cb8125282b42f7b3612306b7497fc7a21,label_conflict,,AEMILIAN|VALERIAN
37_AEMILIAN/side_a/image00347 (1).jpg,d2e6e9d7c846bcd783529de21558d11ab5a6c23a63730524be6fc4da02f6b5ac,label_conflict,,AEMILIAN|VALERIAN
38_VALERIAN/side_a/image00347.jpg,d2e6e9d7c846bcd783529de21558d11ab5a6c23a63730524be6fc4da02f6b5ac,label_conflict,,AEMILIAN|VALERIAN
37_AEMILIAN/side_a/image00348.jpg,36cc38408c57cd93bfa619e1b0c9df495f5f51d38e37d3eba516e41489ce8707,label_conflict,,AEMILIAN|VALERIAN
38_VALERIAN/side_a/image00348.jpg,36cc38408c57cd93bfa619e1b0c9df495f5f51d38e37d3eba516e41489ce8707,label_conflict,,AEMILIAN|VALERIAN
37_AEMILIAN/side_a/image00353 (1).jpg,5d2f69a17d622a69bcd3e02e12a30849e15d0ac78b1dcdbd57d29d355bee773f,label_conflict,,AEMILIAN|GALLIENUS|VALERIAN
38_VALERIAN/side_a/image00353.jpg,5d2f69a17d622a69bcd3e02e12a30849e15d0ac78b1dcdbd57d29d355bee773f,label_conflict,,AEMILIAN|GALLIENUS|VALERIAN
39_GALLIENUS/side_a/image00353.jpg,5d2f69a17d622a69bcd3e02e12a30849e15d0ac78b1dcdbd57d29d355bee773f,label_conflict,,AEMILIAN|GALLIENUS|VALERIAN
37_AEMILIAN/side_a/image00354 (1).jpg,c081cefaf616e42f2ea046f8755050876b874fad7f61e31721efb3f62dba22a2,label_conflict,,AEMILIAN|VALERIAN
38_VALERIAN/side_a/image00354 (1).jpg,c081cefaf616e42f2ea046f8755050876b874fad7f61e31721efb3f62dba22a2,label_conflict,,AEMILIAN|VALERIAN
37_AEMILIAN/side_a/image00354.jpg,d1ef0d016da3fad7e39008944db4aa913c137210fda85cd755b7569ae8f774d7,label_conflict,,AEMILIAN|VALERIAN
38_VALERIAN/side_a/image00354.jpg,d1ef0d016da3fad7e39008944db4aa913c137210fda85cd755b7569ae8f774d7,label_conflict,,AEMILIAN|VALERIAN
37_AEMILIAN/side_a/image00356 (1).jpg,5f249166851c62940e7a6b68e0edeb8b09e7c48eb12312a3ef84ec9db579e634,label_conflict,,AEMILIAN|GALLIENUS
39_GALLIENUS/side_a/image00356 (1).jpg,5f249166851c62940e7a6b68e0edeb8b09e7c48eb12312a3ef84ec9db579e634,label_conflict,,AEMILIAN|GALLIENUS
37_AEMILIAN/side_a/image00375.jpg,0f54b72c3a3b52974fb54d343489fb955d049fc7c2a4e351e2e5189717d9a3d7,label_conflict,,AEMILIAN|GALLIENUS|VALERIAN
38_VALERIAN/side_a/image00375.jpg,0f54b72c3a3b52974fb54d343489fb955d049fc7c2a4e351e2e5189717d9a3d7,label_conflict,,AEMILIAN|GALLIENUS|VALERIAN
39_GALLIENUS/side_a/image00375.jpg,0f54b72c3a3b52974fb54d343489fb955d049fc7c2a4e351e2e5189717d9a3d7,label_conflict,,AEMILIAN|GALLIENUS|VALERIAN
37_AEMILIAN/side_a/image00399 (1).jpg,53b45eb41f5b68dd6f1ff17b35dd6a8a998f4be6f30b0ee8f7c95f09e2e0fe42,label_conflict,,AEMILIAN|VALERIAN
38_VALERIAN/side_a/image00399.jpg,53b45eb41f5b68dd6f1ff17b35dd6a8a998f4be6f30b0ee8f7c95f09e2e0fe42,label_conflict,,AEMILIAN|VALERIAN
37_AEMILIAN/side_a/image00400 (1).jpg,d5d28245347e6b292534f62028117d2177e275327095f12e80f6a4f7c777abfd,label_conflict,,AEMILIAN|VALERIAN
38_VALERIAN/side_a/image00400.jpg,d5d28245347e6b292534f62028117d2177e275327095f12e80f6a4f7c777abfd,label_conflict,,AEMILIAN|VALERIAN
37_AEMILIAN/side_a/image00402.jpg,b549ffcd199a4a1430518d7310998ed0ee898d1ce0ceb9186210271412afaee7,label_conflict,,AEMILIAN|VALERIAN
38_VALERIAN/side_a/image00402.jpg,b549ffcd199a4a1430518d7310998ed0ee898d1ce0ceb9186210271412afaee7,label_conflict,,AEMILIAN|VALERIAN
37_AEMILIAN/side_a/image00405.jpg,6f8380288adb6471cd8ce0664b31ba52b1a5d563cfcabd9e79ab0a19393ea5d6,label_conflict,,AEMILIAN|VALERIAN
38_VALERIAN/side_a/image00405 (2).jpg,6f8380288adb6471cd8ce0664b31ba52b1a5d563cfcabd9e79ab0a19393ea5d6,label_conflict,,AEMILIAN|VALERIAN
37_AEMILIAN/side_a/image00414.jpg,dae28ff1f3fcc3d7df282e2021740a48e9d96495568267ff4ffbb393a2edc1ed,label_conflict,,AEMILIAN|GALLIENUS
39_GALLIENUS/side_a/image00414.jpg,dae28ff1f3fcc3d7df282e2021740a48e9d96495568267ff4ffbb393a2edc1ed,label_conflict,,AEMILIAN|GALLIENUS
37_AEMILIAN/side_a/image00415.jpg,c13b70af07c402a646da11f1f87cc361133ceb69a8281b0af677cb16fb28ab0e,label_conflict,,AEMILIAN|VALERIAN
38_VALERIAN/side_a/image00415.jpg,c13b70af07c402a646da11f1f87cc361133ceb69a8281b0af677cb16fb28ab0e,label_conflict,,AEMILIAN|VALERIAN
37_AEMILIAN/side_a/image00417 (1).jpg,218160204aca9c507d594b7210192f2671ee1d83d5da0ae163e29693085c7028,label_conflict,,AEMILIAN|VALERIAN
38_VALERIAN/side_a/image00417 (1).jpg,218160204aca9c507d594b7210192f2671ee1d83d5da0ae163e29693085c7028,label_conflict,,AEMILIAN|VALERIAN
37_AEMILIAN/side_a/image00419.jpg,b41abd58740c368f360dfc285f7a77877badb7c87abb74c028e8aac1dc656aa3,label_conflict,,AEMILIAN|GALLIENUS
39_GALLIENUS/side_a/image00419.jpg,b41abd58740c368f360dfc285f7a77877badb7c87abb74c028e8aac1dc656aa3,label_conflict,,AEMILIAN|GALLIENUS
37_AEMILIAN/side_a/image00422 (2).jpg,c0cf9c9fa288d2be5e6f686ee0f908266f8aa17d9eac9c95ad183f80709b7104,label_conflict,,AEMILIAN|VALERIAN
38_VALERIAN/side_a/image00422 (1).jpg,c0cf9c9fa288d2be5e6f686ee0f908266f8aa17d9eac9c95ad183f80709b7104,label_conflict,,AEMILIAN|VALERIAN
37_AEMILIAN/side_a/image00425 (1).jpg,b6183ba9f7884d0cc316a2b4bc02a4dc1d7c4f68885c224f71624c2abbfeb76a,label_conflict,,AEMILIAN|VALERIAN
38_VALERIAN/side_a/image00425 (1).jpg,b6183ba9f7884d0cc316a2b4bc02a4dc1d7c4f68885c224f71624c2abbfeb76a,label_conflict,,AEMILIAN|VALERIAN
37_AEMILIAN/side_a/image00425.jpg,4b794add79720ce01b4ba77df0fb8540dfdd858be9f94573ddc10d7f1f8a5c1f,label_conflict,,AEMILIAN|VALERIAN
38_VALERIAN/side_a/image00425.jpg,4b794add79720ce01b4ba77df0fb8540dfdd858be9f94573ddc10d7f1f8a5c1f,label_conflict,,AEMILIAN|VALERIAN
37_AEMILIAN/side_a/image00427.jpg,5038b6936173b5a12c0d97bb4d5261575a53a7db6cab7059dc8e49f29b80818b,label_conflict,,AEMILIAN|VALERIAN
38_VALERIAN/side_a/image00427.jpg,5038b6936173b5a12c0d97bb4d5261575a53a7db6cab7059dc8e49f29b80818b,label_conflict,,AEMILIAN|VALERIAN
37_AEMILIAN/side_a/image00428 (1).jpg,30e584f95279f3144ff603013546c50512c5d39dbab64063f4c4fbe0f6a783cb,label_conflict,,AEMILIAN|VALERIAN
38_VALERIAN/side_a/image00428.jpg,30e584f95279f3144ff603013546c50512c5d39dbab64063f4c4fbe0f6a783cb,label_conflict,,AEMILIAN|VALERIAN
37_AEMILIAN/side_a/image00431.jpg,dd418a6da80cdcf16a7590f67ef3beabf3adce62ec25cb83b23d1174b92a7309,label_conflict,,AEMILIAN|VALERIAN
38_VALERIAN/side_a/image00431.jpg,dd418a6da80cdcf16a7590f67ef3beabf3adce62ec25cb83b23d1174b92a7309,label_conflict,,AEMILIAN|VALERIAN
37_AEMILIAN/side_a/image00444.jpg,b97cc15f3df8a905dbfe6743fe41fd9bd953fb6d1941ccd192e4c26a0510b027,label_conflict,,AEMILIAN|VALERIAN
38_VALERIAN/side_a/image00444 (1).jpg,b97cc15f3df8a905dbfe6743fe41fd9bd953fb6d1941ccd192e4c26a0510b027,label_conflict,,AEMILIAN|VALERIAN
37_AEMILIAN/side_a/image00465 (1).jpg,50037565e9ba997465127affc5a482dccba8df719168db806fa3e083f76693f1,label_conflict,,AEMILIAN|VALERIAN
38_VALERIAN/side_a/image00465.jpg,50037565e9ba997465127affc5a482dccba8df719168db806fa3e083f76693f1,label_conflict,,AEMILIAN|VALERIAN
37_AEMILIAN/side_a/image00474 (2).jpg,2501ea8f74c16428271ae6d98569184fc1c98c17fb90beb0f7029e2b21d4bc85,label_conflict,,AEMILIAN|VALERIAN
38_VALERIAN/side_a/image00474 (2).jpg,2501ea8f74c16428271ae6d98569184fc1c98c17fb90beb0f7029e2b21d4bc85,label_conflict,,AEMILIAN|VALERIAN
37_AEMILIAN/side_a/image00480 (2).jpg,4bedba8210372824c11945813e17f9f3246e066b943fb7d71d02a80aa48ae6a3,label_conflict,,AEMILIAN|GALLIENUS|VALERIAN
38_VALERIAN/side_a/image00480.jpg,4bedba8210372824c11945813e17f9f3246e066b943fb7d71d02a80aa48ae6a3,label_conflict,,AEMILIAN|GALLIENUS|VALERIAN
39_GALLIENUS/side_a/image00480.jpg,4bedba8210372824c11945813e17f9f3246e066b943fb7d71d02a80aa48ae6a3,label_conflict,,AEMILIAN|GALLIENUS|VALERIAN
37_AEMILIAN/side_a/image00484 (1).jpg,2b559d34624961e566e9e407803e85c8ed057d547fc80e988bc7faa46947056c,label_conflict,,AEMILIAN|VALERIAN
38_VALERIAN/side_a/image00484.jpg,2b559d34624961e566e9e407803e85c8ed057d547fc80e988bc7faa46947056c,label_conflict,,AEMILIAN|VALERIAN
37_AEMILIAN/side_a/image00489 (1).jpg,b5421ff90956b1c11d9249644ec895acd2a5071d848563da2e3ae850949c1355,label_conflict,,AEMILIAN|VALERIAN
38_VALERIAN/side_a/image00489.jpg,b5421ff90956b1c11d9249644ec895acd2a5071d848563da2e3ae850949c1355,label_conflict,,AEMILIAN|VALERIAN
37_AEMILIAN/side_a/image00497 (1).jpg,a211d45a5b1fa2fe67a230325a1bf427f3efcc67cd375888e76342b156bcd050,label_conflict,,AEMILIAN|VALERIAN
38_VALERIAN/side_a/image00497 (2).jpg,a211d45a5b1fa2fe67a230325a1bf427f3efcc67cd375888e76342b156bcd050,label_conflict,,AEMILIAN|VALERIAN
37_AEMILIAN/side_a/image00522 (1).jpg,48a2643b97c329cfe96072a9b591d384ff06a5acf3ed783c7e076e45352c9a3b,label_conflict,,AEMILIAN|VALERIAN
38_VALERIAN/side_a/image00522.jpg,48a2643b97c329cfe96072a9b591d384ff06a5acf3ed783c7e076e45352c9a3b,label_conflict,,AEMILIAN|VALERIAN
37_AEMILIAN/side_a/image00525 (1).jpg,8b2458f56ebf9f57b5821c82bfb1256c460d11b47776b964ab63457a2709322f,label_conflict,,AEMILIAN|VALERIAN
38_VALERIAN/side_a/image00525.jpg,8b2458f56ebf9f57b5821c82bfb1256c460d11b47776b964ab63457a2709322f,label_conflict,,AEMILIAN|VALERIAN
37_AEMILIAN/side_a/image00544.jpg,0fa69c6faf10edd9aaaa48462bec68cbf1360667071b109f065134574a11543a,label_conflict,,AEMILIAN|VALERIAN
38_VALERIAN/side_a/image00544 (1).jpg,0fa69c6faf10edd9aaaa48462bec68cbf1360667071b109f065134574a11543a,label_conflict,,AEMILIAN|VALERIAN
37_AEMILIAN/side_a/image00553 (1).jpg,8cc8b4588e682bf2de650cd5ee22b08d228137aed6c0f4eb34ac2c3aa84189a5,label_conflict,,AEMILIAN|VALERIAN
38_VALERIAN/side_a/image00553.jpg,8cc8b4588e682bf2de650cd5ee22b08d228137aed6c0f4eb34ac2c3aa84189a5,label_conflict,,AEMILIAN|VALERIAN
37_AEMILIAN/side_a/image00561 (1).jpg,97b08b0dfd8d8f4e6c376994b81494dd1b5f6677f11434ccfa1c9f1c6a7f7831,label_conflict,,AEMILIAN|GALLIENUS
39_GALLIENUS/side_a/image00561.jpg,97b08b0dfd8d8f4e6c376994b81494dd1b5f6677f11434ccfa1c9f1c6a7f7831,label_conflict,,AEMILIAN|GALLIENUS
37_AEMILIAN/side_a/image00584 (1).jpg,e919d22be3265222b2e8c37fc92fc555d5bacf4b3181615a35b0f8202ddc16d5,label_conflict,,AEMILIAN|VALERIAN
38_VALERIAN/side_a/image00584 (1).jpg,e919d22be3265222b2e8c37fc92fc555d5bacf4b3181615a35b0f8202ddc16d5,label_conflict,,AEMILIAN|VALERIAN
37_AEMILIAN/side_a/image00585.jpg,6a3ee85593194a260c73e998a6d8f006b24f7af29067ef1ad1c31b15598ba470,label_conflict,,AEMILIAN|VALERIAN
38_VALERIAN/side_a/image00585.jpg,6a3ee85593194a260c73e998a6d8f006b24f7af29067ef1ad1c31b15598ba470,label_conflict,,AEMILIAN|VALERIAN
37_AEMILIAN/side_a/image00586.jpg,e39a8809ce24b623324e1bb05ea1ac7264da39fff7212d29ceb9358ec4f630e5,label_conflict,,AEMILIAN|VALERIAN
38_VALERIAN/side_a/image00586 (1).jpg,e39a8809ce24b623324e1bb05ea1ac7264da39fff7212d29ceb9358ec4f630e5,label_conflict,,AEMILIAN|VALERIAN
37_AEMILIAN/side_a/image00596.jpg,a80c92759e9f36617b624b96db62b6a1f05b4628e3834b71e6b97044a3753941,label_conflict,,AEMILIAN|VALERIAN
38_VALERIAN/side_a/image00596.jpg,a80c92759e9f36617b624b96db62b6a1f05b4628e3834b71e6b97044a3753941,label_conflict,,AEMILIAN|VALERIAN
37_AEMILIAN/side_a/image00636.jpg,033bd97ef242c52ba9060288d6f28bb1a51ff4c62ae59ccde97ba28974382a81,label_conflict,,AEMILIAN|VALERIAN
38_VALERIAN/side_a/image00636.jpg,033bd97ef242c52ba9060288d6f28bb1a51ff4c62ae59ccde97ba28974382a81,label_conflict,,AEMILIAN|VALERIAN
37_AEMILIAN/side_a/image00644.jpg,d387b103f3d39875a77349d7ed15ad82b5eb8b5b882e466cfd756bf933f06a7b,label_conflict,,AEMILIAN|VALERIAN
38_VALERIAN/side_a/image00644 (1).jpg,d387b103f3d39875a77349d7ed15ad82b5eb8b5b882e466cfd756bf933f06a7b,label_conflict,,AEMILIAN|VALERIAN
37_AEMILIAN/side_a/image00697.jpg,bb401d35a6b14bd5101b7379afd15ff250c63441d01db50b1eea2de02acc83a0,label_conflict,,AEMILIAN|VALERIAN
38_VALERIAN/side_a/image00697.jpg,bb401d35a6b14bd5101b7379afd15ff250c63441d01db50b1eea2de02acc83a0,label_conflict,,AEMILIAN|VALERIAN
37_AEMILIAN/side_a/image00698 (2).jpg,e012f747828337af4136c06ba3fc0faca714c84430f59cbba0d78eadc99be3cd,label_conflict,,AEMILIAN|VALERIAN
38_VALERIAN/side_a/image00698 (1).jpg,e012f747828337af4136c06ba3fc0faca714c84430f59cbba0d78eadc99be3cd,label_conflict,,AEMILIAN|VALERIAN
37_AEMILIAN/side_a/image00726.jpg,873487bba883dbf440a61e01b40bc086e72c8af038592a3827b47c39946059b3,label_conflict,,AEMILIAN|VALERIAN
38_VALERIAN/side_a/image00726.jpg,873487bba883dbf440a61e01b40bc086e72c8af038592a3827b47c39946059b3,label_conflict,,AEMILIAN|VALERIAN
37_AEMILIAN/side_a/image00770.jpg,9db2c8e8fad743321a10b9c3ae24d102fcbe6faa70b4466f3961f8c6f1f3395f,label_conflict,,AEMILIAN|VALERIAN
38_VALERIAN/side_a/image00770.jpg,9db2c8e8fad743321a10b9c3ae24d102fcbe6faa70b4466f3961f8c6f1f3395f,label_conflict,,AEMILIAN|VALERIAN
37_AEMILIAN/side_a/image00788.jpg,921ce3eb8d303a4effffcb07b1565c10f8d29aba7942d3f62fcb7fe3b51d050f,label_conflict,,AEMILIAN|VALERIAN
38_VALERIAN/side_a/image00788.jpg,921ce3eb8d303a4effffcb07b1565c10f8d29aba7942d3f62fcb7fe3b51d050f,label_conflict,,AEMILIAN|VALERIAN
37_AEMILIAN/side_a/image00951.jpg,ae678c3f7769f56361d1dbd66862b8cbd9398eac539c8a063f7bfd1fcff83792,label_conflict,,AEMILIAN|VALERIAN
38_VALERIAN/side_a/image00951.jpg,ae678c3f7769f56361d1dbd66862b8cbd9398eac539c8a063f7bfd1fcff83792,label_conflict,,AEMILIAN|VALERIAN
37_AEMILIAN/side_a/image00985 (1).jpg,770f785f6b24517af5b4055b40b510ff19f966d236c442d7f3fc5108e757ed0f,label_conflict,,AEMILIAN|VALERIAN
38_VALERIAN/side_a/image00985.jpg,770f785f6b24517af5b4055b40b510ff19f966d236c442d7f3fc5108e757ed0f,label_conflict,,AEMILIAN|VALERIAN
37_AEMILIAN/side_a/image00987.jpg,4f7624138351abd23d5b10a1e5524cc716f43f6b03d88293b25cb9f1edfbd904,label_conflict,,AEMILIAN|VALERIAN
38_VALERIAN/side_a/image00987.jpg,4f7624138351abd23d5b10a1e5524cc716f43f6b03d88293b25cb9f1edfbd904,label_conflict,,AEMILIAN|VALERIAN
37_AEMILIAN/side_a/image01112 (1).jpg,0fabff0fe278110ac5349a6dcd5c0794e6ae0f6dbd83f26e6561532c6fc5dca6,label_conflict,,AEMILIAN|VALERIAN
38_VALERIAN/side_a/image01112.jpg,0fabff0fe278110ac5349a6dcd5c0794e6ae0f6dbd83f26e6561532c6fc5dca6,label_conflict,,AEMILIAN|VALERIAN
37_AEMILIAN/side_a/image01185.jpg,3649d33ae45bf1c4fed1b194dfcb09158372652899f4e1bf62b978de55eed26c,label_conflict,,AEMILIAN|VALERIAN
38_VALERIAN/side_a/image01185.jpg,3649d33ae45bf1c4fed1b194dfcb09158372652899f4e1bf62b978de55eed26c,label_conflict,,AEMILIAN|VALERIAN
37_AEMILIAN/side_a/image01187 (1).jpg,7fdf80bec71ce13f4b7613ab828d04be54c86701beb747cfde9dd4e1d81ecce8,label_conflict,,AEMILIAN|VALERIAN
38_VALERIAN/side_a/image01187 (1).jpg,7fdf80bec71ce13f4b7613ab828d04be54c86701beb747cfde9dd4e1d81ecce8,label_conflict,,AEMILIAN|VALERIAN
37_AEMILIAN/side_a/image01192.jpg,8fa362109c56d1046c2c3b8e77414fe2d4c45ab20b03cccc2ba9ddf8770a5004,label_conflict,,AEMILIAN|VALERIAN
38_VALERIAN/side_a/image01192.jpg,8fa362109c56d1046c2c3b8e77414fe2d4c45ab20b03cccc2ba9ddf8770a5004,label_conflict,,AEMILIAN|VALERIAN
37_AEMILIAN/side_a/image01211.jpg,6b50f1a0f2506e0ce26b7d287ebe70d18a8895c241278494761b38612b1ef1a0,label_conflict,,AEMILIAN|VALERIAN
38_VALERIAN/side_a/image01211.jpg,6b50f1a0f2506e0ce26b7d287ebe70d18a8895c241278494761b38612b1ef1a0,label_conflict,,AEMILIAN|VALERIAN
37_AEMILIAN/side_a/image01368.jpg,c2f0e02e09d15ce0f07472f422452ba88a90dea48272552c5336b4c0b108a001,label_conflict,,AEMILIAN|VALERIAN
38_VALERIAN/side_a/image01368.jpg,c2f0e02e09d15ce0f07472f422452ba88a90dea48272552c5336b4c0b108a001,label_conflict,,AEMILIAN|VALERIAN
37_AEMILIAN/side_a/image01369 (1).jpg,005328ed538ad53856dbad66a521680c94dc5779aa80462e28e9160f2ee8e9d5,label_conflict,,AEMILIAN|VALERIAN
38_VALERIAN/side_a/image01369.jpg,005328ed538ad53856dbad66a521680c94dc5779aa80462e28e9160f2ee8e9d5,label_conflict,,AEMILIAN|VALERIAN
37_AEMILIAN/side_a/image01397.jpg,44821004c6c8e6ccc286256c6a5774ddd61b24c4b83c899f7187b2d680602178,label_conflict,,AEMILIAN|GALLIENUS
39_GALLIENUS/side_a/image01397.jpg,44821004c6c8e6ccc286256c6a5774ddd61b24c4b83c899f7187b2d680602178,label_conflict,,AEMILIAN|GALLIENUS
37_AEMILIAN/side_a/image01443.jpg,52f7f461af0a3f35bf1d44f88ed41b0edbaf70f8a67cf5129a94655afe270ed5,label_conflict,,AEMILIAN|VALERIAN
38_VALERIAN/side_a/image01443.jpg,52f7f461af0a3f35bf1d44f88ed41b0edbaf70f8a67cf5129a94655afe270ed5,label_conflict,,AEMILIAN|VALERIAN
37_AEMILIAN/side_a/image01600.jpg,da13e69bfc7223b0655f861aad79889d416dc0f5d8e0d53346010c9482dcea95,label_conflict,,AEMILIAN|VALERIAN
38_VALERIAN/side_a/image01600.jpg,da13e69bfc7223b0655f861aad79889d416dc0f5d8e0d53346010c9482dcea95,label_conflict,,AEMILIAN|VALERIAN
37_AEMILIAN/side_a/image01684.jpg,af51d2554e8b6125c92e8eb979a4e7521be36a532cf2bb8c3843be93365c5fb1,label_conflict,,AEMILIAN|VALERIAN
38_VALERIAN/side_a/image01684.jpg,af51d2554e8b6125c92e8eb979a4e7521be36a532cf2bb8c3843be93365c5fb1,label_conflict,,AEMILIAN|VALERIAN
37_AEMILIAN/side_a/image01685.jpg,9ada31e1f8f9b6ae58db16798e7d033b0a566c288f496fe35b918f25171076c9,label_conflict,,AEMILIAN|VALERIAN
38_VALERIAN/side_a/image01685.jpg,9ada31e1f8f9b6ae58db16798e7d033b0a566c288f496fe35b918f25171076c9,label_conflict,,AEMILIAN|VALERIAN
37_AEMILIAN/side_a/image01686.jpg,564b7fd97e04829d159402de3c89800c87cdbe0ed7a2de41393631c56dbdf8bd,label_conflict,,AEMILIAN|VALERIAN
38_VALERIAN/side_a/image01686.jpg,564b7fd97e04829d159402de3c89800c87cdbe0ed7a2de41393631c56dbdf8bd,label_conflict,,AEMILIAN|VALERIAN
37_AEMILIAN/side_a/image01687.jpg,cc41d29d1c081ba3b5d620dea0241087b0d80c47106ba169f4f1372bfd88fffe,label_conflict,,AEMILIAN|VALERIAN
38_VALERIAN/side_a/image01687.jpg,cc41d29d1c081ba3b5d620dea0241087b0d80c47106ba169f4f1372bfd88fffe,label_conflict,,AEMILIAN|VALERIAN
37_AEMILIAN/side_a/image01923.jpg,f611e6a0db4811d31897a940a15f9a3374564de2a6e08b5efb5981eb26e93c4b,label_conflict,,AEMILIAN|GALLIENUS|VALERIAN
38_VALERIAN/side_a/image01923.jpg,f611e6a0db4811d31897a940a15f9a3374564de2a6e08b5efb5981eb26e93c4b,label_conflict,,AEMILIAN|GALLIENUS|VALERIAN
39_GALLIENUS/side_a/image01923.jpg,f611e6a0db4811d31897a940a15f9a3374564de2a6e08b5efb5981eb26e93c4b,label_conflict,,AEMILIAN|GALLIENUS|VALERIAN
37_AEMILIAN/side_a/image02298.jpg,9e4594a1fd9aa4c58b6ea1fa6ea3e14fa7c5f9437ed170190c036e564c2f232d,label_conflict,,AEMILIAN|VALERIAN
38_VALERIAN/side_a/image02298.jpg,9e4594a1fd9aa4c58b6ea1fa6ea3e14fa7c5f9437ed170190c036e564c2f232d,label_conflict,,AEMILIAN|VALERIAN
37_AEMILIAN/side_a/image02744.jpg,7be93190f37be7e53dacffecd9ec9ce4ff07efdc4dc70311478240b50d8553eb,label_conflict,,AEMILIAN|VALERIAN
38_VALERIAN/side_a/image02744.jpg,7be93190f37be7e53dacffecd9ec9ce4ff07efdc4dc70311478240b50d8553eb,label_conflict,,AEMILIAN|VALERIAN
37_AEMILIAN/side_a/image04675.jpg,15e7eef5c9cbf7d80da4b4fc4e480e6cf6c3b83d1f8810de2c570880ddbff3b9,duplicate,37_AEMILIAN/side_a/image02851.jpg,AEMILIAN
37_AEMILIAN/side_a/image03255.jpg,7b46b6167523cf45a5abd595a75040e8c10770d749e4013314dc2f3e55f7e5aa,label_conflict,,AEMILIAN|VALERIAN
38_VALERIAN/side_a/image03255.jpg,7b46b6167523cf45a5abd595a75040e8c10770d749e4013314dc2f3e55f7e5aa,label_conflict,,AEMILIAN|VALERIAN
37_AEMILIAN/side_a/image06384.jpg,ebb722c1251c8c2973c3a07c710c8e7838cd8bebdb08f825e5205b9f1b233a9e,label_conflict,,AEMILIAN|VALERIAN
38_VALERIAN/side_a/image06384.jpg,ebb722c1251c8c2973c3a07c710c8e7838cd8bebdb08f825e5205b9f1b233a9e,label_conflict,,AEMILIAN|VALERIAN
37_AEMILIAN/side_a/image06693.jpg,0087fafdd734b52d081355463bd0e84fb8c8abe2e04d63e42cb7538321411ce6,label_conflict,,AEMILIAN|VALERIAN
38_VALERIAN/side_a/image06693.jpg,0087fafdd734b52d081355463bd0e84fb8c8abe2e04d63e42cb7538321411ce6,label_conflict,,AEMILIAN|VALERIAN
37_AEMILIAN/side_a/image22119.jpg,7d7232fed8eddd1999667ebf96ca69d39a81f394e8b6465822c5a77963c5c504,label_conflict,,AEMILIAN|VALERIAN
38_VALERIAN/side_a/image22119.jpg,7d7232fed8eddd1999667ebf96ca69d39a81f394e8b6465822c5a77963c5c504,label_conflict,,AEMILIAN|VALERIAN
37_AEMILIAN/side_a/image22197.jpg,de5d17fba09f7aa39e78e03ff44b9144cc3da6c155e5ffd7f094ba797f681da4,label_conflict,,AEMILIAN|VALERIAN
38_VALERIAN/side_a/image22197.jpg,de5d17fba09f7aa39e78e03ff44b9144cc3da6c155e5ffd7f094ba797f681da4,label_conflict,,AEMILIAN|VALERIAN
37_AEMILIAN/side_a/image23634.jpg,6289e7865b1a4233d71204ee0acad9a9751f7f3618063fa646575707ba608300,label_conflict,,AEMILIAN|VALERIAN
38_VALERIAN/side_a/image23634.jpg,6289e7865b1a4233d71204ee0acad9a9751f7f3618063fa646575707ba608300,label_conflict,,AEMILIAN|VALERIAN
37_AEMILIAN/side_a/image23635.jpg,532956b400bb9025ff9910821e56377b2de9d0997f86c5d42e1121935784570e,label_conflict,,AEMILIAN|GALLIENUS|VALERIAN
38_VALERIAN/side_a/image23635.jpg,532956b400bb9025ff9910821e56377b2de9d0997f86c5d42e1121935784570e,label_conflict,,AEMILIAN|GALLIENUS|VALERIAN
39_GALLIENUS/side_a/image23635.jpg,532956b400bb9025ff9910821e56377b2de9d0997f86c5d42e1121935784570e,label_conflict,,AEMILIAN|GALLIENUS|VALERIAN
37_AEMILIAN/side_a/image24029.jpg,63ae6a3e079950e999d8b53b2b59b2351e084ac8827a2c62848a7a51478e1857,label_conflict,,AEMILIAN|VALERIAN
38_VALERIAN/side_a/image24029.jpg,63ae6a3e079950e999d8b53b2b59b2351e084ac8827a2c62848a7a51478e1857,label_conflict,,AEMILIAN|VALERIAN
37_AEMILIAN/side_a/image31060.jpg,2d791b34d65c682ff05c5c1220a553a533e4840d78cca8a0d082cfad7da63754,label_conflict,,AEMILIAN|VALERIAN
38_VALERIAN/side_a/image31060.jpg,2d791b34d65c682ff05c5c1220a553a533e4840d78cca8a0d082cfad7da63754,label_conflict,,AEMILIAN|VALERIAN
37_AEMILIAN/side_a/image31061.jpg,ec0e27fb0a01d5f97712d88420d06f9e2fda93e430f74ff7c48cc1a54e645116,label_conflict,,AEMILIAN|VALERIAN
38_VALERIAN/side_a/image31061.jpg,ec0e27fb0a01d5f97712d88420d06f9e2fda93e430f74ff7c48cc1a54e645116,label_conflict,,AEMILIAN|VALERIAN
37_AEMILIAN/side_a/image32066.jpg,80209b6a261c4c48541ec4ace6ece4685611fe0c8c5297ffd7165dbfe4c7d1c9,label_conflict,,AEMILIAN|VALERIAN
38_VALERIAN/side_a/image32066.jpg,80209b6a261c4c48541ec4ace6ece4685611fe0c8c5297ffd7165dbfe4c7d1c9,label_conflict,,AEMILIAN|VALERIAN
37_AEMILIAN/side_a/image32209.jpg,2133cca85cd5e97df90ee9d6394d37933dbfbc2480bdae7c436b6113407ffbd2,label_conflict,,AEMILIAN|VALERIAN
38_VALERIAN/side_a/image32209.jpg,2133cca85cd5e97df90ee9d6394d37933dbfbc2480bdae7c436b6113407ffbd2,label_conflict,,AEMILIAN|VALERIAN
37_AEMILIAN/side_a/image32210.jpg,b791a797bbd1014a23bfed5257eb1ecb3de47102d306d440f6c02550914fc5db,label_conflict,,AEMILIAN|VALERIAN
38_VALERIAN/side_a/image32210.jpg,b791a797bbd1014a23bfed5257eb1ecb3de47102d306d440f6c02550914fc5db,label_conflict,,AEMILIAN|VALERIAN
37_AEMILIAN/side_a/image32212.jpg,3bb8b281545c89b59000de2a036f229707f16cd11c41de1164d56e31e1114feb,label_conflict,,AEMILIAN|GALLIENUS|VALERIAN
38_VALERIAN/side_a/image32212.jpg,3bb8b281545c89b59000de2a036f229707f16cd11c41de1164d56e31e1114feb,label_conflict,,AEMILIAN|GALLIENUS|VALERIAN
39_GALLIENUS/side_a/image32212.jpg,3bb8b281545c89b59000de2a036f229707f16cd11c41de1164d56e31e1114feb,label_conflict,,AEMILIAN|GALLIENUS|VALERIAN
37_AEMILIAN/side_a/image33096.jpg,e260329d981dced825b97bad924475c0f936dbc8d95c666fa79c2b5f2ed26667,label_conflict,,AEMILIAN|VALERIAN
38_VALERIAN/side_a/image33096.jpg,e260329d981dced825b97bad924475c0f936dbc8d95c666fa79c2b5f2ed26667,label_conflict,,AEMILIAN|VALERIAN
37_AEMILIAN/side_a/image33097.jpg,80384b00c34ef391e3b8302abca2bb945cc2772cbf8b650ad76beb4803d0743e,label_conflict,,AEMILIAN|VALERIAN
38_VALERIAN/side_a/image33097.jpg,80384b00c34ef391e3b8302abca2bb945cc2772cbf8b650ad76beb4803d0743e,label_conflict,,AEMILIAN|VALERIAN
37_AEMILIAN/side_a/image34115.jpg,3ed1f0d3c9f3351c471ccdcd095d4cbda20c89322b3636289e0da55b1a3f3a25,label_conflict,,AEMILIAN|VALERIAN
38_VALERIAN/side_a/image34115.jpg,3ed1f0d3c9f3351c471ccdcd095d4cbda20c89322b3636289e0da55b1a3f3a25,label_conflict,,AEMILIAN|VALERIAN
37_AEMILIAN/side_a/image97449.jpg,3ae8faf33bedbc6b5639084136851ab0996310587c709a92bd1731214106afc7,duplicate,37_AEMILIAN/side_a/image35396.jpg,AEMILIAN
37_AEMILIAN/side_a/image35400.jpg,1f63d1c3616896be7b61a96cf71f5f5e9a3207fc12441b6b85cb43f2de1b4b0c,label_conflict,,AEMILIAN|VALERIAN
38_VALERIAN/side_a/image35400.jpg,1f63d1c3616896be7b61a96cf71f5f5e9a3207fc12441b6b85cb43f2de1b4b0c,label_conflict,,AEMILIAN|VALERIAN
37_AEMILIAN/side_a/image40333.jpg,11da728c359d0f923099b208d58ddc0f54e6f3abb6b40e73092d5296de698200,label_conflict,,AEMILIAN|VALERIAN
38_VALERIAN/side_a/image40333.jpg,11da728c359d0f923099b208d58ddc0f54e6f3abb6b40e73092d5296de698200,label_conflict,,AEMILIAN|VALERIAN
37_AEMILIAN/side_a/image97083.jpg,bc84da866b45aa8574a13a0e747920c82bbfe91c3541dabd628f8e126381727a,label_conflict,,AEMILIAN|VALERIAN
38_VALERIAN/side_a/image97083.jpg,bc84da866b45aa8574a13a0e747920c82bbfe91c3541dabd628f8e126381727a,label_conflict,,AEMILIAN|VALERIAN
37_AEMILIAN/side_a/image97084.jpg,82ab825c87a25c6df857b1a6716bb8df825e20ae7caf2cd8f9c360e0d6afd696,label_conflict,,AEMILIAN|VALERIAN
38_VALERIAN/side_a/image97084.jpg,82ab825c87a25c6df857b1a6716bb8df825e20ae7caf2cd8f9c360e0d6afd696,label_conflict,,AEMILIAN|VALERIAN
37_AEMILIAN/side_a/image97110.jpg,f7a4f7e32252df832b6198fcfb504d7873340405f89a5eca5cca6281d715519b,label_conflict,,AEMILIAN|VALERIAN
38_VALERIAN/side_a/image97110.jpg,f7a4f7e32252df832b6198fcfb504d7873340405f89a5eca5cca6281d715519b,label_conflict,,AEMILIAN|VALERIAN
37_AEMILIAN/side_a/image97111.jpg,6ca4777e2c73f05cf0d90db2620858b77f6bea66f56d33e18520119a47258151,label_conflict,,AEMILIAN|VALERIAN
38_VALERIAN/side_a/image97111.jpg,6ca4777e2c73f05cf0d90db2620858b77f6bea66f56d33e18520119a47258151,label_conflict,,AEMILIAN|VALERIAN
37_AEMILIAN/side_a/image98145.jpg,b2db5ad15ae2ef79c00274797a364b3fa0a79f8dcc270273dcb8f83e0e5fcef2,label_conflict,,AEMILIAN|VALERIAN
38_VALERIAN/side_a/image98145.jpg,b2db5ad15ae2ef79c00274797a364b3fa0a79f8dcc270273dcb8f83e0e5fcef2,label_conflict,,AEMILIAN|VALERIAN
37_AEMILIAN/side_a/image99244.jpg,c003de1bd1a9cd987c5cfb2ff63b470edbb28b3d701d22de40b807209f08951a,label_conflict,,AEMILIAN|VALERIAN
38_VALERIAN/side_a/image99244.jpg,c003de1bd1a9cd987c5cfb2ff63b470edbb28b3d701d22de40b807209f08951a,label_conflict,,AEMILIAN|VALERIAN
37_AEMILIAN/side_a/image99245.jpg,fddae6a2f4cd23d423d84655ff77bece742baed3c25c7fb0cb4c978def21dd04,label_conflict,,AEMILIAN|VALERIAN
38_VALERIAN/side_a/image99245.jpg,fddae6a2f4cd23d423d84655ff77bece742baed3c25c7fb0cb4c978def21dd04,label_conflict,,AEMILIAN|VALERIAN
38_VALERIAN/side_a/image00024.jpg,4bae297670a48e32ac4ec26157e31e6170724b91b92b3aff46c963f4fa811bd4,label_conflict,,GALLIENUS|VALERIAN
39_GALLIENUS/side_a/image00024.jpg,4bae297670a48e32ac4ec26157e31e6170724b91b92b3aff46c963f4fa811bd4,label_conflict,,GALLIENUS|VALERIAN
38_VALERIAN/side_a/image00393.jpg,3b80182ee3b8fd2b6ce6e631574ce3c4cb70f8e3ac446c18661c89683d4ca18c,duplicate,38_VALERIAN/side_a/image00109.jpg,VALERIAN
38_VALERIAN/side_a/image00134.jpg,d69c822cf36a75dc2ad9a0d14359cd00306dabcbe0e6b4c7b07f6120f1b0ee29,label_conflict,,GALLIENUS|VALERIAN
39_GALLIENUS/side_a/image00134.jpg,d69c822cf36a75dc2ad9a0d14359cd00306dabcbe0e6b4c7b07f6120f1b0ee29,label_conflict,,GALLIENUS|VALERIAN
38_VALERIAN/side_a/image00135.jpg,b620c275f073a2cfc9b7d089f435dae2209a0cdf0aa50e59c1e2debce6f24c7b,label_conflict,,GALLIENUS|VALERIAN
39_GALLIENUS/side_a/image00135.jpg,b620c275f073a2cfc9b7d089f435dae2209a0cdf0aa50e59c1e2debce6f24c7b,label_conflict,,GALLIENUS|VALERIAN
38_VALERIAN/side_a/image00136.jpg,8b8e4a6da8f2455fb3d06af60a360685c3823feaa4f07fb5bbe552c2f103795f,label_conflict,,GALLIENUS|VALERIAN
39_GALLIENUS/side_a/image00136.jpg,8b8e4a6da8f2455fb3d06af60a360685c3823feaa4f07fb5bbe552c2f103795f,label_conflict,,GALLIENUS|VALERIAN
38_VALERIAN/side_a/image00137.jpg,c3fa91702734506e7e50070c18d28a15e0f36ac4c2d5fccc8309c31dd11e3fe0,label_conflict,,GALLIENUS|VALERIAN
39_GALLIENUS/side_a/image00137.jpg,c3fa91702734506e7e50070c18d28a15e0f36ac4c2d5fccc8309c31dd11e3fe0,label_conflict,,GALLIENUS|VALERIAN
38_VALERIAN/side_a/image00138.jpg,74d9fababafa49ffb29a7caa7da2782a46a6d1d639b5a1a8a9f72025e9ff9f7b,label_conflict,,GALLIENUS|VALERIAN
39_GALLIENUS/side_a/image00138.jpg,74d9fababafa49ffb29a7caa7da2782a46a6d1d639b5a1a8a9f72025e9ff9f7b,label_conflict,,GALLIENUS|VALERIAN
38_VALERIAN/side_a/image00139.jpg,33118daf51e1277289e3599cdfb781da650217c0915f5ed5fdc94a8ce1d68dba,label_conflict,,GALLIENUS|VALERIAN
39_GALLIENUS/side_a/image00139.jpg,33118daf51e1277289e3599cdfb781da650217c0915f5ed5fdc94a8ce1d68dba,label_conflict,,GALLIENUS|VALERIAN
38_VALERIAN/side_a/image00140.jpg,bc93df782013f5b74ad9b546ed743a44e7bbc180a344f9600e74f2ca4e042209,label_conflict,,GALLIENUS|VALERIAN
39_GALLIENUS/side_a/image00140.jpg,bc93df782013f5b74ad9b546ed743a44e7bbc180a344f9600e74f2ca4e042209,label_conflict,,GALLIENUS|VALERIAN
38_VALERIAN/side_a/image00141.jpg,7351aea360eff32effe51da62e21bef02df654797723ee9b89b0363186a5f250,label_conflict,,GALLIENUS|VALERIAN
39_GALLIENUS/side_a/image00141.jpg,7351aea360eff32effe51da62e21bef02df654797723ee9b89b0363186a5f250,label_conflict,,GALLIENUS|VALERIAN
38_VALERIAN/side_a/image00142.jpg,c8a30b1a7749d1d5726c216305da2fe56d0262b9571b664b0d3fc0e1673b55d8,label_conflict,,GALLIENUS|VALERIAN
39_GALLIENUS/side_a/image00142.jpg,c8a30b1a7749d1d5726c216305da2fe56d0262b9571b664b0d3fc0e1673b55d8,label_conflict,,GALLIENUS|VALERIAN
38_VALERIAN/side_a/image00144.jpg,34f79db006af2e0160941b0f4d7171bfa309f29c0a561de9a576c64f0459aaa1,label_conflict,,GALLIENUS|VALERIAN
39_GALLIENUS/side_a/image00144.jpg,34f79db006af2e0160941b0f4d7171bfa309f29c0a561de9a576c64f0459aaa1,label_conflict,,GALLIENUS|VALERIAN
38_VALERIAN/side_a/image00170 (1).jpg,dc00967dc9e66722d4a0947231cbfe2cbd114e8eca224da784581b4dcb4e027a,label_conflict,,GALLIENUS|VALERIAN
39_GALLIENUS/side_a/image00170 (1).jpg,dc00967dc9e66722d4a0947231cbfe2cbd114e8eca224da784581b4dcb4e027a,label_conflict,,GALLIENUS|VALERIAN
38_VALERIAN/side_a/image00176.jpg,01299e4353caa704c713de7b9287deb4b919e16dbf8ab272064ffe316c0da78b,label_conflict,,GALLIENUS|VALERIAN
39_GALLIENUS/side_a/image00176.jpg,01299e4353caa704c713de7b9287deb4b919e16dbf8ab272064ffe316c0da78b,label_conflict,,GALLIENUS|VALERIAN
38_VALERIAN/side_a/image00179.jpg,aa7f191f51bd771f2ab3d567a7cdfff4b27b5b9bc8d623a07db0aa63cb0f110a,label_conflict,,GALLIENUS|VALERIAN
39_GALLIENUS/side_a/image00179.jpg,aa7f191f51bd771f2ab3d567a7cdfff4b27b5b9bc8d623a07db0aa63cb0f110a,label_conflict,,GALLIENUS|VALERIAN
38_VALERIAN/side_a/image00227.jpg,e4a6eca2e289b7dc39ade21a7b49fd5186cbb4b30380dac8468c2644ac09120d,label_conflict,,GALLIENUS|VALERIAN
39_GALLIENUS/side_a/image00227 (1).jpg,e4a6eca2e289b7dc39ade21a7b49fd5186cbb4b30380dac8468c2644ac09120d,label_conflict,,GALLIENUS|VALERIAN
38_VALERIAN/side_a/image00282.jpg,750f128188339ebb631c74edad96ee231d6232fa132e6e461a1de5b0db07de78,label_conflict,,GALLIENUS|VALERIAN
39_GALLIENUS/side_a/image00282.jpg,750f128188339ebb631c74edad96ee231d6232fa132e6e461a1de5b0db07de78,label_conflict,,GALLIENUS|VALERIAN
38_VALERIAN/side_a/image00311 (1).jpg,24833ccdec3c848a6e0f976f51af309142f9e0d3bddf7056e0fae6ab1ffca6de,label_conflict,,GALLIENUS|VALERIAN
39_GALLIENUS/side_a/image00311 (1).jpg,24833ccdec3c848a6e0f976f51af309142f9e0d3bddf7056e0fae6ab1ffca6de,label_conflict,,GALLIENUS|VALERIAN
38_VALERIAN/side_a/image00318.jpg,7e4acaf0a67c5afa1a8f4684db6591ed132b2b4193b837177d87519be80274bc,label_conflict,,GALLIENUS|VALERIAN
39_GALLIENUS/side_a/image00318.jpg,7e4acaf0a67c5afa1a8f4684db6591ed132b2b4193b837177d87519be80274bc,label_conflict,,GALLIENUS|VALERIAN
38_VALERIAN/side_a/image00323.jpg,1b51f99e7b4f2d19b006ea94e55fd287bea2c569b192bb21f966b3ae8d7205d8,label_conflict,,GALLIENUS|VALERIAN
39_GALLIENUS/side_a/image00323 (1).jpg,1b51f99e7b4f2d19b006ea94e55fd287bea2c569b192bb21f966b3ae8d7205d8,label_conflict,,GALLIENUS|VALERIAN
38_VALERIAN/side_a/image00338.jpg,fdf60573d8d477fbd03deba68654dab5ec256614d225b807cf8952755a5b44e5,label_conflict,,GALLIENUS|VALERIAN
39_GALLIENUS/side_a/image00338.jpg,fdf60573d8d477fbd03deba68654dab5ec256614d225b807cf8952755a5b44e5,label_conflict,,GALLIENUS|VALERIAN
38_VALERIAN/side_a/image00346.jpg,97aef760375948e0fdec04084e10c1977b8dc61da5c0ddec9600e31678f82f93,label_conflict,,GALLIENUS|VALERIAN
39_GALLIENUS/side_a/image00346.jpg,97aef760375948e0fdec04084e10c1977b8dc61da5c0ddec9600e31678f82f93,label_conflict,,GALLIENUS|VALERIAN
38_VALERIAN/side_a/image00355 (2).jpg,bb6d77c139f3eb76cf0c2235ebe13f43a472fd000938b96588ab29df476c99cc,label_conflict,,GALLIENUS|VALERIAN
39_GALLIENUS/side_a/image00355 (2).jpg,bb6d77c139f3eb76cf0c2235ebe13f43a472fd000938b96588ab29df476c99cc,label_conflict,,GALLIENUS|VALERIAN
38_VALERIAN/side_a/image00356.jpg,c07a6e7b70be5c76bc32e5ce9f5b9b5bb0679380202a205f6aad3ce5144f70e9,label_conflict,,GALLIENUS|VALERIAN
39_GALLIENUS/side_a/image00356.jpg,c07a6e7b70be5c76bc32e5ce9f5b9b5bb0679380202a205f6aad3ce5144f70e9,label_conflict,,GALLIENUS|VALERIAN
38_VALERIAN/side_a/image00377.jpg,51cc1a72de3f2f55b190f8a550f7518cc80f87fe2703986b9ad5e4effc4bbc25,label_conflict,,GALLIENUS|VALERIAN
39_GALLIENUS/side_a/image00377.jpg,51cc1a72de3f2f55b190f8a550f7518cc80f87fe2703986b9ad5e4effc4bbc25,label_conflict,,GALLIENUS|VALERIAN
38_VALERIAN/side_a/image00385.jpg,e0f8055f182cff1d498f90f26891002dda60e2387956403b940f57d11efa7a8e,label_conflict,,GALLIENUS|VALERIAN
39_GALLIENUS/side_a/image00385.jpg,e0f8055f182cff1d498f90f26891002dda60e2387956403b940f57d11efa7a8e,label_conflict,,GALLIENUS|VALERIAN
38_VALERIAN/side_a/image00392.jpg,6e282c3cf54a66d3a88d17dcbb258ee9745a1916c9824a216c413618a30093c5,label_conflict,,GALLIENUS|VALERIAN
39_GALLIENUS/side_a/image00392 (2).jpg,6e282c3cf54a66d3a88d17dcbb258ee9745a1916c9824a216c413618a30093c5,label_conflict,,GALLIENUS|VALERIAN
38_VALERIAN/side_a/image00394.jpg,eb58198be2e89199d735c6eb58bd1f6f9187f580c28c0228e4a082ae9d76259e,label_conflict,,GALLIENUS|VALERIAN
39_GALLIENUS/side_a/image00394 (1).jpg,eb58198be2e89199d735c6eb58bd1f6f9187f580c28c0228e4a082ae9d76259e,label_conflict,,GALLIENUS|VALERIAN
38_VALERIAN/side_a/image00395 (1).jpg,7d904b821fde30f7484a6dd600fb032e70ccd2f4cdff14048794ad8434ada9b9,label_conflict,,GALLIENUS|VALERIAN
39_GALLIENUS/side_a/image00395 (1).jpg,7d904b821fde30f7484a6dd600fb032e70ccd2f4cdff14048794ad8434ada9b9,label_conflict,,GALLIENUS|VALERIAN
38_VALERIAN/side_a/image00396.jpg,eea63e4294e778ebcd99e154806c4765d4ff8f9b2e4705fd97765a386a7daa03,label_conflict,,GALLIENUS|VALERIAN
39_GALLIENUS/side_a/image00396 (1).jpg,eea63e4294e778ebcd99e154806c4765d4ff8f9b2e4705fd97765a386a7daa03,label_conflict,,GALLIENUS|VALERIAN
38_VALERIAN/side_a/image00422.jpg,5eef2fcd7d494f952da9fc3a6e4087a7e28f83fc855e7b8ea1fbc9ce09dd96cf,label_conflict,,GALLIENUS|VALERIAN
39_GALLIENUS/side_a/image00422.jpg,5eef2fcd7d494f952da9fc3a6e4087a7e28f83fc855e7b8ea1fbc9ce09dd96cf,label_conflict,,GALLIENUS|VALERIAN
38_VALERIAN/side_a/image00423.jpg,2c0a695ca4c06634b2916d8dc69883356d16970a396475f22aed755dbf23f112,label_conflict,,GALLIENUS|VALERIAN
39_GALLIENUS/side_a/image00423 (1).jpg,2c0a695ca4c06634b2916d8dc69883356d16970a396475f22aed755dbf23f112,label_conflict,,GALLIENUS|VALERIAN
38_VALERIAN/side_a/image00432.jpg,a198e86be630c27634542cd3b98a108f4445a72701f837df21cd41514d68a7a5,label_conflict,,GALLIENUS|VALERIAN
39_GALLIENUS/side_a/image00432.jpg,a198e86be630c27634542cd3b98a108f4445a72701f837df21cd41514d68a7a5,label_conflict,,GALLIENUS|VALERIAN
38_VALERIAN/side_a/image00433.jpg,28914a5910c9c33611c663e53442bbba51e60a81b4e1b3bbd25acc05bf3d37d6,label_conflict,,GALLIENUS|VALERIAN
39_GALLIENUS/side_a/image00433.jpg,28914a5910c9c33611c663e53442bbba51e60a81b4e1b3bbd25acc05bf3d37d6,label_conflict,,GALLIENUS|VALERIAN
38_VALERIAN/side_a/image00435.jpg,2f016ddb83cb0a6e7d1a370bd2243d150e0781e4dc7d8a1547aff887d728b573,label_conflict,,GALLIENUS|VALERIAN
39_GALLIENUS/side_a/image00435 (1).jpg,2f016ddb83cb0a6e7d1a370bd2243d150e0781e4dc7d8a1547aff887d728b573,label_conflict,,GALLIENUS|VALERIAN
38_VALERIAN/side_a/image00438 (1).jpg,7f3aeee66925ae9f33b626294f44c79cb7fead9964ae089c105047aa51c38e34,label_conflict,,GALLIENUS|VALERIAN
39_GALLIENUS/side_a/image00438 (1).jpg,7f3aeee66925ae9f33b626294f44c79cb7fead9964ae089c105047aa51c38e34,label_conflict,,GALLIENUS|VALERIAN
38_VALERIAN/side_a/image00441 (1).jpg,6a020830454227b1d9a07678b152e0baa54b8e593cf58a3cf856a757a88c71fd,label_conflict,,GALLIENUS|VALERIAN
39_GALLIENUS/side_a/image00441 (1).jpg,6a020830454227b1d9a07678b152e0baa54b8e593cf58a3cf856a757a88c71fd,label_conflict,,GALLIENUS|VALERIAN
38_VALERIAN/side_a/image00442.jpg,d7a548a97489efb50286e89a682c843fddd7b98789d86496d58052b99f04d1f7,label_conflict,,GALLIENUS|VALERIAN
39_GALLIENUS/side_a/image00442.jpg,d7a548a97489efb50286e89a682c843fddd7b98789d86496d58052b99f04d1f7,label_conflict,,GALLIENUS|VALERIAN
38_VALERIAN/side_a/image00443 (1).jpg,98622830d308086eeb459ec2ea4a494d708252ea8ce60930dd41e297f5e79cc6,label_conflict,,GALLIENUS|VALERIAN
39_GALLIENUS/side_a/image00443.jpg,98622830d308086eeb459ec2ea4a494d708252ea8ce60930dd41e297f5e79cc6,label_conflict,,GALLIENUS|VALERIAN
38_VALERIAN/side_a/image00444.jpg,091123a00295e98ca006fbbe671a4c6043dd4d831ca6c2d497e40f0bf08f9302,label_conflict,,GALLIENUS|VALERIAN
39_GALLIENUS/side_a/image00444.jpg,091123a00295e98ca006fbbe671a4c6043dd4d831ca6c2d497e40f0bf08f9302,label_conflict,,GALLIENUS|VALERIAN
38_VALERIAN/side_a/image00460.jpg,2898b6a478d7a1c81799bcb48145ac499abbfdf009deb97ba6b1110832f87593,label_conflict,,GALLIENUS|VALERIAN
39_GALLIENUS/side_a/image00460.jpg,2898b6a478d7a1c81799bcb48145ac499abbfdf009deb97ba6b1110832f87593,label_conflict,,GALLIENUS|VALERIAN
38_VALERIAN/side_a/image00493.jpg,7810018185232cf29802732046394c9bc893347c8c9fcb5bacedde6d49b337d5,label_conflict,,GALLIENUS|VALERIAN
39_GALLIENUS/side_a/image00493.jpg,7810018185232cf29802732046394c9bc893347c8c9fcb5bacedde6d49b337d5,label_conflict,,GALLIENUS|VALERIAN
38_VALERIAN/side_a/image00494 (1).jpg,d9db67a28b68e74e2005fd001408e974a08c24aff1e7b1bfbf524d60d998fc80,label_conflict,,GALLIENUS|VALERIAN
39_GALLIENUS/side_a/image00494.jpg,d9db67a28b68e74e2005fd001408e974a08c24aff1e7b1bfbf524d60d998fc80,label_conflict,,GALLIENUS|VALERIAN
38_VALERIAN/side_a/image00550.jpg,81e5d1503830649c1023b5791ae40e9b1b39069d392fb0e5822f0c3197d934a9,label_conflict,,GALLIENUS|VALERIAN
39_GALLIENUS/side_a/image00550 (1).jpg,81e5d1503830649c1023b5791ae40e9b1b39069d392fb0e5822f0c3197d934a9,label_conflict,,GALLIENUS|VALERIAN
38_VALERIAN/side_a/image00559.jpg,acbde43c91f430d20a527863f23ba64682f3c94bfe3f00bb8889f4a377b009ec,label_conflict,,GALLIENUS|VALERIAN
39_GALLIENUS/side_a/image00559 (1).jpg,acbde43c91f430d20a527863f23ba64682f3c94bfe3f00bb8889f4a377b009ec,label_conflict,,GALLIENUS|VALERIAN
38_VALERIAN/side_a/image00574 (1).jpg,ff7dc1644d0025bd49aefa53bdfe1b6d4bd2d545bdda411f585f02c8d24b7240,label_conflict,,GALLIENUS|VALERIAN
39_GALLIENUS/side_a/image00574.jpg,ff7dc1644d0025bd49aefa53bdfe1b6d4bd2d545bdda411f585f02c8d24b7240,label_conflict,,GALLIENUS|VALERIAN
38_VALERIAN/side_a/image00586.jpg,52695fb4a71e1a2b15632aca77c2773fac63b33e33f804aff99a2b3c87e55b1b,label_conflict,,GALLIENUS|VALERIAN
39_GALLIENUS/side_a/image00586 (2).jpg,52695fb4a71e1a2b15632aca77c2773fac63b33e33f804aff99a2b3c87e55b1b,label_conflict,,GALLIENUS|VALERIAN
38_VALERIAN/side_a/image00599.jpg,0b2c82abf10642f94e58dbf35c21350cc104d3b41cb80ce43187c2e7647f00c0,label_conflict,,GALLIENUS|VALERIAN
39_GALLIENUS/side_a/image00599.jpg,0b2c82abf10642f94e58dbf35c21350cc104d3b41cb80ce43187c2e7647f00c0,label_conflict,,GALLIENUS|VALERIAN
38_VALERIAN/side_a/image00613.jpg,5924c581b5199fa1517531d61feb242fb14634269343f334383c4d22173f83be,label_conflict,,GALLIENUS|VALERIAN
39_GALLIENUS/side_a/image00613.jpg,5924c581b5199fa1517531d61feb242fb14634269343f334383c4d22173f83be,label_conflict,,GALLIENUS|VALERIAN
38_VALERIAN/side_a/image00702.jpg,039681b613db51ea1f3ad4ec261081d039cb03de19ca32fc2d69ff9f38aa4080,label_conflict,,GALLIENUS|VALERIAN
39_GALLIENUS/side_a/image00702.jpg,039681b613db51ea1f3ad4ec261081d039cb03de19ca32fc2d69ff9f38aa4080,label_conflict,,GALLIENUS|VALERIAN
38_VALERIAN/side_a/image00755.jpg,f1dba7824bc0972d5c83404d161f06433529d83f68f366838561e21061984d59,label_conflict,,AURELIAN|CLAUDIUS GOTHICUS|DIOCLETIAN|MAXIMIAN|QUINTILLUS|VALERIAN
40_CLAUDIUS GOTHICUS/side_a/image00755 (2).jpg,f1dba7824bc0972d5c83404d161f06433529d83f68f366838561e21061984d59,label_conflict,,AURELIAN|CLAUDIUS GOTHICUS|DIOCLETIAN|MAXIMIAN|QUINTILLUS|VALERIAN
41_QUINTILLUS/side_a/image00755 (3).jpg,f1dba7824bc0972d5c83404d161f06433529d83f68f366838561e21061984d59,label_conflict,,AURELIAN|CLAUDIUS GOTHICUS|DIOCLETIAN|MAXIMIAN|QUINTILLUS|VALERIAN
42_AURELIAN/side_a/Aurelian AD 270 AD 275223.jpg,f1dba7824bc0972d5c83404d161f06433529d83f68f366838561e21061984d59,label_conflict,,AURELIAN|CLAUDIUS GOTHICUS|DIOCLETIAN|MAXIMIAN|QUINTILLUS|VALERIAN
49_DIOCLETIAN/side_a/Diocletian055.jpg,f1dba7824bc0972d5c83404d161f06433529d83f68f366838561e21061984d59,label_conflict,,AURELIAN|CLAUDIUS GOTHICUS|DIOCLETIAN|MAXIMIAN|QUINTILLUS|VALERIAN
50_MAXIMIAN/side_a/Maximian030.jpg,f1dba7824bc0972d5c83404d161f06433529d83f68f366838561e21061984d59,label_conflict,,AURELIAN|CLAUDIUS GOTHICUS|DIOCLETIAN|MAXIMIAN|QUINTILLUS|VALERIAN
38_VALERIAN/side_a/image00772.jpg,7535061c0a1f2c58333ff2edcca9b9935bd0ef2b7b4419fa5486105afa692511,label_conflict,,GALLIENUS|VALERIAN
39_GALLIENUS/side_a/image00772.jpg,7535061c0a1f2c58333ff2edcca9b9935bd0ef2b7b4419fa5486105afa692511,label_conflict,,GALLIENUS|VALERIAN
38_VALERIAN/side_a/image00821.jpg,af1aa5995cb50a58e2f1d34797f403c5560c38bdc563e5f2783363c47b09b401,label_conflict,,GALLIENUS|VALERIAN
39_GALLIENUS/side_a/image00821.jpg,af1aa5995cb50a58e2f1d34797f403c5560c38bdc563e5f2783363c47b09b401,label_conflict,,GALLIENUS|VALERIAN
38_VALERIAN/side_a/image01041.jpg,f0b6b626942835f1d6da0eba02ec849ee6b8bd2506804abed3b88a017561f1d9,label_conflict,,GALLIENUS|VALERIAN
39_GALLIENUS/side_a/image01041.jpg,f0b6b626942835f1d6da0eba02ec849ee6b8bd2506804abed3b88a017561f1d9,label_conflict,,GALLIENUS|VALERIAN
38_VALERIAN/side_a/image01274.jpg,0e72c056f4d5fbddfcae7b7951a91c0a9e55c3f0e28ccaa317250adacd4040e9,label_conflict,,GALLIENUS|VALERIAN
39_GALLIENUS/side_a/image01274.jpg,0e72c056f4d5fbddfcae7b7951a91c0a9e55c3f0e28ccaa317250adacd4040e9,label_conflict,,GALLIENUS|VALERIAN
38_VALERIAN/side_a/image01400.jpg,60437a059bd6f1f638c5d36fbfa0367cd86cf507310268a03fb29cf45e5a8649,label_conflict,,AURELIAN|CLAUDIUS GOTHICUS|GALLIENUS|QUINTILLUS|VALERIAN
39_GALLIENUS/side_a/image01400.jpg,60437a059bd6f1f638c5d36fbfa0367cd86cf507310268a03fb29cf45e5a8649,label_conflict,,AURELIAN|CLAUDIUS GOTHICUS|GALLIENUS|QUINTILLUS|VALERIAN
40_CLAUDIUS GOTHICUS/side_a/image01400.jpg,60437a059bd6f1f638c5d36fbfa0367cd86cf507310268a03fb29cf45e5a8649,label_conflict,,AURELIAN|CLAUDIUS GOTHICUS|GALLIENUS|QUINTILLUS|VALERIAN
41_QUINTILLUS/side_a/image01400 (1).jpg,60437a059bd6f1f638c5d36fbfa0367cd86cf507310268a03fb29cf45e5a8649,label_conflict,,AURELIAN|CLAUDIUS GOTHICUS|GALLIENUS|QUINTILLUS|VALERIAN
42_AURELIAN/side_a/Aurelian AD 270 AD 275917.jpg,60437a059bd6f1f638c5d36fbfa0367cd86cf507310268a03fb29cf45e5a8649,label_conflict,,AURELIAN|CLAUDIUS GOTHICUS|GALLIENUS|QUINTILLUS|VALERIAN
38_VALERIAN/side_a/image01444.jpg,1e4219d052c908e4766a692a9028264a038d4cd543f7e29569e8198878d303c0,label_conflict,,GALLIENUS|VALERIAN
39_GALLIENUS/side_a/image01444.jpg,1e4219d052c908e4766a692a9028264a038d4cd543f7e29569e8198878d303c0,label_conflict,,GALLIENUS|VALERIAN
38_VALERIAN/side_a/image01449.jpg,9a7053e222a38e4f19e74910ac24feea9f9c4e2eb9c36adbe3a2493e490e6c69,label_conflict,,GALLIENUS|VALERIAN
39_GALLIENUS/side_a/image01449.jpg,9a7053e222a38e4f19e74910ac24feea9f9c4e2eb9c36adbe3a2493e490e6c69,label_conflict,,GALLIENUS|VALERIAN
38_VALERIAN/side_a/image01450.jpg,117730c5e76c85b6b2aa3a489df88dff10b8ffaa8db4bdf2f7a2cbb4e05ab7ce,label_conflict,,GALLIENUS|VALERIAN
39_GALLIENUS/side_a/image01450.jpg,117730c5e76c85b6b2aa3a489df88dff10b8ffaa8db4bdf2f7a2cbb4e05ab7ce,label_conflict,,GALLIENUS|VALERIAN
38_VALERIAN/side_a/image01465.jpg,bee8aa78ae36a72aae2c9ca76538191ca8fe0041456460db092c621e72f2da33,duplicate,38_VALERIAN/side_a/image01465(1).jpg,VALERIAN
38_VALERIAN/side_a/image03260.jpg,66e44f142a847de467d2b43448134e8fbc729c303d9b2945cfb583f4473cb3e3,label_conflict,,GALLIENUS|VALERIAN
39_GALLIENUS/side_a/image03260.jpg,66e44f142a847de467d2b43448134e8fbc729c303d9b2945cfb583f4473cb3e3,label_conflict,,GALLIENUS|VALERIAN
38_VALERIAN/side_a/image24049.jpg,91d5a0a62ce959cda06d35c86cc8960c1be49190841deeb16cf8f02406c5ba28,label_conflict,,GALLIENUS|VALERIAN
39_GALLIENUS/side_a/image24049.jpg,91d5a0a62ce959cda06d35c86cc8960c1be49190841deeb16cf8f02406c5ba28,label_conflict,,GALLIENUS|VALERIAN
38_VALERIAN/side_a/image25080.jpg,bf6cd5d6120883cd6964aa9cfaa04cfdd03a74dd7ef7f02507b9cee998af80c6,label_conflict,,GALLIENUS|VALERIAN
39_GALLIENUS/side_a/image25080.jpg,bf6cd5d6120883cd6964aa9cfaa04cfdd03a74dd7ef7f02507b9cee998af80c6,label_conflict,,GALLIENUS|VALERIAN
38_VALERIAN/side_a/image25110.jpg,0f21792e9929c6b6627d7226646cfa860e4f71429c4cd4abfdc63e856408296c,label_conflict,,GALLIENUS|VALERIAN
39_GALLIENUS/side_a/image25110.jpg,0f21792e9929c6b6627d7226646cfa860e4f71429c4cd4abfdc63e856408296c,label_conflict,,GALLIENUS|VALERIAN
38_VALERIAN/side_a/image30051.jpg,3c47305cdde1a8fca1ddbb839b3aed517c5f2a3a2fd6d4fc16885117c2876217,label_conflict,,GALLIENUS|VALERIAN
39_GALLIENUS/side_a/image30051.jpg,3c47305cdde1a8fca1ddbb839b3aed517c5f2a3a2fd6d4fc16885117c2876217,label_conflict,,GALLIENUS|VALERIAN
38_VALERIAN/side_a/image30121.jpg,c0e963e79dfed13e7cb671e83fe1099566482fe14ed38f96e1a42f16e5314c80,label_conflict,,GALLIENUS|VALERIAN
39_GALLIENUS/side_a/image30121.jpg,c0e963e79dfed13e7cb671e83fe1099566482fe14ed38f96e1a42f16e5314c80,label_conflict,,GALLIENUS|VALERIAN
38_VALERIAN/side_a/image30129.jpg,d31983ad4da4e30edce02d940989bb49fb36ed6f0ffe7f415997e15bf5081ca0,label_conflict,,CLAUDIUS GOTHICUS|GALLIENUS|QUINTILLUS|VALERIAN
38_VALERIAN/side_a/image31060 (1).jpg,d31983ad4da4e30edce02d940989bb49fb36ed6f0ffe7f415997e15bf5081ca0,label_conflict,,CLAUDIUS GOTHICUS|GALLIENUS|QUINTILLUS|VALERIAN
39_GALLIENUS/side_a/image30129.jpg,d31983ad4da4e30edce02d940989bb49fb36ed6f0ffe7f415997e15bf5081ca0,label_conflict,,CLAUDIUS GOTHICUS|GALLIENUS|QUINTILLUS|VALERIAN
39_GALLIENUS/side_a/image31060.jpg,d31983ad4da4e30edce02d940989bb49fb36ed6f0ffe7f415997e15bf5081ca0,label_conflict,,CLAUDIUS GOTHICUS|GALLIENUS|QUINTILLUS|VALERIAN
40_CLAUDIUS GOTHICUS/side_a/image30129.jpg,d31983ad4da4e30edce02d940989bb49fb36ed6f0ffe7f415997e15bf5081ca0,label_conflict,,CLAUDIUS GOTHICUS|GALLIENUS|QUINTILLUS|VALERIAN
40_CLAUDIUS GOTHICUS/side_a/image31060.jpg,d31983ad4da4e30edce02d940989bb49fb36ed6f0ffe7f415997e15bf5081ca0,label_conflict,,CLAUDIUS GOTHICUS|GALLIENUS|QUINTILLUS|VALERIAN
41_QUINTILLUS/side_a/image30129 (1).jpg,d31983ad4da4e30edce02d940989bb49fb36ed6f0ffe7f415997e15bf5081ca0,label_conflict,,CLAUDIUS GOTHICUS|GALLIENUS|QUINTILLUS|VALERIAN
41_QUINTILLUS/side_a/image31060 (1).jpg,d31983ad4da4e30edce02d940989bb49fb36ed6f0ffe7f415997e15bf5081ca0,label_conflict,,CLAUDIUS GOTHICUS|GALLIENUS|QUINTILLUS|VALERIAN
38_VALERIAN/side_a/image31062.jpg,11e84530b2e8f231110835e1ce16b27e2e28800ec130e76a92f2713f7e672dc0,label_conflict,,CLAUDIUS GOTHICUS|GALLIENUS|QUINTILLUS|VALERIAN
39_GALLIENUS/side_a/image31062.jpg,11e84530b2e8f231110835e1ce16b27e2e28800ec130e76a92f2713f7e672dc0,label_conflict,,CLAUDIUS GOTHICUS|GALLIENUS|QUINTILLUS|VALERIAN
40_CLAUDIUS GOTHICUS/side_a/image31062.jpg,11e84530b2e8f231110835e1ce16b27e2e28800ec130e76a92f2713f7e672dc0,label_conflict,,CLAUDIUS GOTHICUS|GALLIENUS|QUINTILLUS|VALERIAN
41_QUINTILLUS/side_a/image31062 (1).jpg,11e84530b2e8f231110835e1ce16b27e2e28800ec130e76a92f2713f7e672dc0,label_conflict,,CLAUDIUS GOTHICUS|GALLIENUS|QUINTILLUS|VALERIAN
38_VALERIAN/side_a/image32109.jpg,3f49f0c086d03c09f26156bd4fbd86474e459f3039928fdfd28c2844f61fa83d,label_conflict,,CLAUDIUS GOTHICUS|GALLIENUS|QUINTILLUS|VALERIAN
39_GALLIENUS/side_a/image32109.jpg,3f49f0c086d03c09f26156bd4fbd86474e459f3039928fdfd28c2844f61fa83d,label_conflict,,CLAUDIUS GOTHICUS|GALLIENUS|QUINTILLUS|VALERIAN
40_CLAUDIUS GOTHICUS/side_a/image32109.jpg,3f49f0c086d03c09f26156bd4fbd86474e459f3039928fdfd28c2844f61fa83d,label_conflict,,CLAUDIUS GOTHICUS|GALLIENUS|QUINTILLUS|VALERIAN
41_QUINTILLUS/side_a/image32109 (1).jpg,3f49f0c086d03c09f26156bd4fbd86474e459f3039928fdfd28c2844f61fa83d,label_conflict,,CLAUDIUS GOTHICUS|GALLIENUS|QUINTILLUS|VALERIAN
38_VALERIAN/side_a/image32213.jpg,e26ab45d058b0875494e7d24d46e6d216e035b5b1e4168ef6233cf65b9f7db59,label_conflict,,GALLIENUS|VALERIAN
39_GALLIENUS/side_a/image32213.jpg,e26ab45d058b0875494e7d24d46e6d216e035b5b1e4168ef6233cf65b9f7db59,label_conflict,,GALLIENUS|VALERIAN
38_VALERIAN/side_a/image32215.jpg,cab3918ebefd8e04f4634c835e41822e68847b391b36ac076a3eb92529f952a9,label_conflict,,GALLIENUS|VALERIAN
39_GALLIENUS/side_a/image32215.jpg,cab3918ebefd8e04f4634c835e41822e68847b391b36ac076a3eb92529f952a9,label_conflict,,GALLIENUS|VALERIAN
38_VALERIAN/side_a/image32216.jpg,4b11b91db59576bcee04cb6e784a15ce84da7763da3b325febf03faa1fcc6e5e,label_conflict,,GALLIENUS|VALERIAN
39_GALLIENUS/side_a/image32216.jpg,4b11b91db59576bcee04cb6e784a15ce84da7763da3b325febf03faa1fcc6e5e,label_conflict,,GALLIENUS|VALERIAN
38_VALERIAN/side_a/image32390.jpg,e868361c851d0ec9d38cc1e1028ab020bc22d374ab788307a5198ccf5fad3419,label_conflict,,GALLIENUS|VALERIAN
39_GALLIENUS/side_a/image32390.jpg,e868361c851d0ec9d38cc1e1028ab020bc22d374ab788307a5198ccf5fad3419,label_conflict,,GALLIENUS|VALERIAN
38_VALERIAN/side_a/image33295.jpg,fa2908b883f6449a866e134e1df161b561202d371dba2e909d7b8fe2d106f967,label_conflict,,GALLIENUS|VALERIAN
39_GALLIENUS/side_a/image33295.jpg,fa2908b883f6449a866e134e1df161b561202d371dba2e909d7b8fe2d106f967,label_conflict,,GALLIENUS|VALERIAN
38_VALERIAN/side_a/image40338.jpg,1dd82a6c708adb23026e73d1ea627f37728b32569516f13237188314e46ce63c,label_conflict,,GALLIENUS|VALERIAN
39_GALLIENUS/side_a/image40338.jpg,1dd82a6c708adb23026e73d1ea627f37728b32569516f13237188314e46ce63c,label_conflict,,GALLIENUS|VALERIAN
38_VALERIAN/side_a/image40339.jpg,a61fe4ec1754eb82634649c22fb30dc31aca90e0116ae5fe2936213690c3f290,label_conflict,,GALLIENUS|VALERIAN
39_GALLIENUS/side_a/image40339.jpg,a61fe4ec1754eb82634649c22fb30dc31aca90e0116ae5fe2936213690c3f290,label_conflict,,GALLIENUS|VALERIAN
38_VALERIAN/side_a/image40340.jpg,c351d5bb104f8ee50d4c9cd55281c1c7df16a6d391fee1c5ded22bf6a79879d6,label_conflict,,GALLIENUS|VALERIAN
39_GALLIENUS/side_a/image40340.jpg,c351d5bb104f8ee50d4c9cd55281c1c7df16a6d391fee1c5ded22bf6a79879d6,label_conflict,,GALLIENUS|VALERIAN
38_VALERIAN/side_a/image40341.jpg,916b825d8fa191d35876ff7891f7f2cf7406694c1bcc31dcf2720578ce93a384,label_conflict,,GALLIENUS|VALERIAN
39_GALLIENUS/side_a/image40341.jpg,916b825d8fa191d35876ff7891f7f2cf7406694c1bcc31dcf2720578ce93a384,label_conflict,,GALLIENUS|VALERIAN
38_VALERIAN/side_a/image40342.jpg,1d5d5526d61d244eb8a1d9e5495aa753d2212d1a6fe0ead2eab0dfdaa57914de,label_conflict,,GALLIENUS|VALERIAN
39_GALLIENUS/side_a/image40342.jpg,1d5d5526d61d244eb8a1d9e5495aa753d2212d1a6fe0ead2eab0dfdaa57914de,label_conflict,,GALLIENUS|VALERIAN
38_VALERIAN/side_a/image40343.jpg,8a74081901438835a056cfc48a793342df0102b0b8a909839842c3b7bc678168,label_conflict,,GALLIENUS|VALERIAN
39_GALLIENUS/side_a/image40343.jpg,8a74081901438835a056cfc48a793342df0102b0b8a909839842c3b7bc678168,label_conflict,,GALLIENUS|VALERIAN
38_VALERIAN/side_a/image40344.jpg,767fbca0f2a8b595e6428c4d601e886b4934727fb5123d686a3cb4c3dfdeddac,label_conflict,,GALLIENUS|VALERIAN
39_GALLIENUS/side_a/image40344.jpg,767fbca0f2a8b595e6428c4d601e886b4934727fb5123d686a3cb4c3dfdeddac,label_conflict,,GALLIENUS|VALERIAN
38_VALERIAN/side_a/image40345.jpg,29779dcbea88e1d17683348dcb022f18d9d5a7c4e4209f5f55ff6286b9d49c33,label_conflict,,GALLIENUS|VALERIAN
39_GALLIENUS/side_a/image40345.jpg,29779dcbea88e1d17683348dcb022f18d9d5a7c4e4209f5f55ff6286b9d49c33,label_conflict,,GALLIENUS|VALERIAN
38_VALERIAN/side_a/image40346.jpg,22ae58c8c3baf02db54728b6a0e2073c06f7be0ecae121772d85d075fcf74064,label_conflict,,GALLIENUS|VALERIAN
39_GALLIENUS/side_a/image40346.jpg,22ae58c8c3baf02db54728b6a0e2073c06f7be0ecae121772d85d075fcf74064,label_conflict,,GALLIENUS|VALERIAN
38_VALERIAN/side_a/image40347.jpg,22524eb44f272bd9ace9f6c752cb99203c4c26cd1d2dd584617975ff1b63e288,label_conflict,,GALLIENUS|VALERIAN
39_GALLIENUS/side_a/image40347.jpg,22524eb44f272bd9ace9f6c752cb99203c4c26cd1d2dd584617975ff1b63e288,label_conflict,,GALLIENUS|VALERIAN
38_VALERIAN/side_a/image40348.jpg,21c6b54e60a06e551a48c51d824910b7f526a78bb2abea8ae852efdcb3e5f969,label_conflict,,GALLIENUS|VALERIAN
39_GALLIENUS/side_a/image40348.jpg,21c6b54e60a06e551a48c51d824910b7f526a78bb2abea8ae852efdcb3e5f969,label_conflict,,GALLIENUS|VALERIAN
38_VALERIAN/side_a/image40349.jpg,3efe8768f641b1ad2c4c17d9ee4696923ed5fdbf7fd1d5160055521eb5fe5fa0,label_conflict,,GALLIENUS|VALERIAN
39_GALLIENUS/side_a/image40349.jpg,3efe8768f641b1ad2c4c17d9ee4696923ed5fdbf7fd1d5160055521eb5fe5fa0,label_conflict,,GALLIENUS|VALERIAN
38_VALERIAN/side_a/image40350.jpg,426aad00555245a8e395a7ffd0fc5a981c0e1153015e2ade5fe26a66311e9bfe,label_conflict,,GALLIENUS|VALERIAN
39_GALLIENUS/side_a/image40350.jpg,426aad00555245a8e395a7ffd0fc5a981c0e1153015e2ade5fe26a66311e9bfe,label_conflict,,GALLIENUS|VALERIAN
38_VALERIAN/side_a/image40351.jpg,92f404b39fcaec57be3d674e41b93c9f8d748b1768754d22cd77b33571751b2a,label_conflict,,GALLIENUS|VALERIAN
39_GALLIENUS/side_a/image40351.jpg,92f404b39fcaec57be3d674e41b93c9f8d748b1768754d22cd77b33571751b2a,label_conflict,,GALLIENUS|VALERIAN
38_VALERIAN/side_a/image40353.jpg,de8ca19fc30c2c0602392793daf4b70b55dcc4a64773021efe0d99e105ea728d,label_conflict,,GALLIENUS|VALERIAN
39_GALLIENUS/side_a/image40353.jpg,de8ca19fc30c2c0602392793daf4b70b55dcc4a64773021efe0d99e105ea728d,label_conflict,,GALLIENUS|VALERIAN
38_VALERIAN/side_a/image40354.jpg,49b4d74459e53d431a8ed7c6c4c5023efc6e51d6cc40e9a8edd4cee9260d1321,label_conflict,,GALLIENUS|VALERIAN
39_GALLIENUS/side_a/image40354.jpg,49b4d74459e53d431a8ed7c6c4c5023efc6e51d6cc40e9a8edd4cee9260d1321,label_conflict,,GALLIENUS|VALERIAN
38_VALERIAN/side_a/image40355.jpg,d960c4a05aaad53db9e8f998d979b02caf5f55130adba0195c4195e4140a45cf,label_conflict,,GALLIENUS|VALERIAN
39_GALLIENUS/side_a/image40355.jpg,d960c4a05aaad53db9e8f998d979b02caf5f55130adba0195c4195e4140a45cf,label_conflict,,GALLIENUS|VALERIAN
38_VALERIAN/side_a/image40356.jpg,f3e83eaecd05b8404ef1a3e33c6d810777d7c41df9ad48bc7f00eef61bc93971,label_conflict,,GALLIENUS|VALERIAN
39_GALLIENUS/side_a/image40356.jpg,f3e83eaecd05b8404ef1a3e33c6d810777d7c41df9ad48bc7f00eef61bc93971,label_conflict,,GALLIENUS|VALERIAN
38_VALERIAN/side_a/image40357.jpg,64df2b40f5e76afa01fee73e075de85beb8ab3c222711b11c79ca0d88860c88f,label_conflict,,GALLIENUS|VALERIAN
39_GALLIENUS/side_a/image40357.jpg,64df2b40f5e76afa01fee73e075de85beb8ab3c222711b11c79ca0d88860c88f,label_conflict,,GALLIENUS|VALERIAN
38_VALERIAN/side_a/image40358.jpg,e52d350a336dc69754a79cad85f8c2facf26d917fb362f203de681de4a736b30,label_conflict,,GALLIENUS|VALERIAN
39_GALLIENUS/side_a/image40358.jpg,e52d350a336dc69754a79cad85f8c2facf26d917fb362f203de681de4a736b30,label_conflict,,GALLIENUS|VALERIAN
38_VALERIAN/side_a/image40359.jpg,439be514c069eb9e2f5cede5decdd90e1fc2bed2ef0db3edd852ef8c3a6613ad,label_conflict,,GALLIENUS|VALERIAN
39_GALLIENUS/side_a/image40359.jpg,439be514c069eb9e2f5cede5decdd90e1fc2bed2ef0db3edd852ef8c3a6613ad,label_conflict,,GALLIENUS|VALERIAN
38_VALERIAN/side_a/image40360.jpg,30093d72f717a4b8a916decf93ada6880b32fad133aef966c77af278a145d443,label_conflict,,GALLIENUS|VALERIAN
39_GALLIENUS/side_a/image40360.jpg,30093d72f717a4b8a916decf93ada6880b32fad133aef966c77af278a145d443,label_conflict,,GALLIENUS|VALERIAN
38_VALERIAN/side_a/image40361.jpg,c6a90cf885db2786bb6d1c7a5596ea05c57b039bf4a8f03138bb6953f77a3bc4,label_conflict,,GALLIENUS|VALERIAN
39_GALLIENUS/side_a/image40361.jpg,c6a90cf885db2786bb6d1c7a5596ea05c57b039bf4a8f03138bb6953f77a3bc4,label_conflict,,GALLIENUS|VALERIAN
38_VALERIAN/side_a/image40362.jpg,fc0f25e9820ea18e0adf2b9a10f511679f3cc82eec33153d27c5b9af34b7746b,label_conflict,,GALLIENUS|VALERIAN
39_GALLIENUS/side_a/image40362.jpg,fc0f25e9820ea18e0adf2b9a10f511679f3cc82eec33153d27c5b9af34b7746b,label_conflict,,GALLIENUS|VALERIAN
38_VALERIAN/side_a/image97037.jpg,4da9f554554b3a382eefffeab8ec05419a9c67b9ef241f61b9a2e465adb3db3e,label_conflict,,GALLIENUS|VALERIAN
39_GALLIENUS/side_a/image97037.jpg,4da9f554554b3a382eefffeab8ec05419a9c67b9ef241f61b9a2e465adb3db3e,label_conflict,,GALLIENUS|VALERIAN
38_VALERIAN/side_a/image97044.jpg,ba2e16d8793204c3c0293fba9abe50c5d78aefd56ef9de4e13af1d2d7f7f8315,label_conflict,,GALLIENUS|VALERIAN
39_GALLIENUS/side_a/image97044.jpg,ba2e16d8793204c3c0293fba9abe50c5d78aefd56ef9de4e13af1d2d7f7f8315,label_conflict,,GALLIENUS|VALERIAN
38_VALERIAN/side_a/image97113.jpg,2d6c114fab6b6c09ad616079de62d3e9aa6e67c01da54b06b05c0356db4328a4,label_conflict,,GALLIENUS|VALERIAN
39_GALLIENUS/side_a/image97113.jpg,2d6c114fab6b6c09ad616079de62d3e9aa6e67c01da54b06b05c0356db4328a4,label_conflict,,GALLIENUS|VALERIAN
38_VALERIAN/side_a/image97114.jpg,bb6c39f5d443076458460663510fb927b64c222f19a9fc58f414955abf023247,label_conflict,,GALLIENUS|VALERIAN
39_GALLIENUS/side_a/image97114.jpg,bb6c39f5d443076458460663510fb927b64c222f19a9fc58f414955abf023247,label_conflict,,GALLIENUS|VALERIAN
38_VALERIAN/side_a/image97115.jpg,b234689df686145a29ad1f9ee9d2281b27898d0c73f08dbf9e717970abee1f27,label_conflict,,GALLIENUS|VALERIAN
39_GALLIENUS/side_a/image97115.jpg,b234689df686145a29ad1f9ee9d2281b27898d0c73f08dbf9e717970abee1f27,label_conflict,,GALLIENUS|VALERIAN
38_VALERIAN/side_a/image97116.jpg,f5fcea7e3265dd02a8326eed2978075c56678d2eb5fa1a37b274e3e30aa8666e,label_conflict,,GALLIENUS|VALERIAN
39_GALLIENUS/side_a/image97116.jpg,f5fcea7e3265dd02a8326eed2978075c56678d2eb5fa1a37b274e3e30aa8666e,label_conflict,,GALLIENUS|VALERIAN
38_VALERIAN/side_a/image97117.jpg,d4faf72719cbacea5fb3e06ecee0e49a2c09ab701537807e8eadc0485c9b0f92,label_conflict,,GALLIENUS|VALERIAN
39_GALLIENUS/side_a/image97117.jpg,d4faf72719cbacea5fb3e06ecee0e49a2c09ab701537807e8eadc0485c9b0f92,label_conflict,,GALLIENUS|VALERIAN
38_VALERIAN/side_a/image97118.jpg,588f52ecbfc0c4d459e4e63fc718f6be32730aa4f017caf9d87330617fd8065b,label_conflict,,GALLIENUS|VALERIAN
39_GALLIENUS/side_a/image97118.jpg,588f52ecbfc0c4d459e4e63fc718f6be32730aa4f017caf9d87330617fd8065b,label_conflict,,GALLIENUS|VALERIAN
38_VALERIAN/side_a/image97120.jpg,926a0629d7380a59e34e52802c6a6cbd03e387a09ae70b06cbce8cdc8d648361,label_conflict,,GALLIENUS|VALERIAN
39_GALLIENUS/side_a/image97120.jpg,926a0629d7380a59e34e52802c6a6cbd03e387a09ae70b06cbce8cdc8d648361,label_conflict,,GALLIENUS|VALERIAN
38_VALERIAN/side_a/image97458.jpg,8458a125365b52319312eae85a72dd1d611b724a7ce639edf59e089f846e16ee,label_conflict,,GALLIENUS|VALERIAN
39_GALLIENUS/side_a/image97458.jpg,8458a125365b52319312eae85a72dd1d611b724a7ce639edf59e089f846e16ee,label_conflict,,GALLIENUS|VALERIAN
39_GALLIENUS/side_a/image00460 (2).jpg,6d70224cb6dbaf86ebbf40ff100b1c72324b3065f4b9b9d870f07ebc5af2e792,duplicate,39_GALLIENUS/side_a/image00301.jpg,GALLIENUS
39_GALLIENUS/side_a/image00491.jpg,a8391840e4d60c4324330366f1e71bbf800c137138d377ffb639abacebf4f606,duplicate,39_GALLIENUS/side_a/image00464.jpg,GALLIENUS
39_GALLIENUS/side_a/image00654.jpg,140ff16ed42b2425e71679d9ab12a7054d353c62714482c8be1d133cce0dc1d9,label_conflict,,GALLIENUS|QUINTILLUS
41_QUINTILLUS/side_a/image00654 (2).jpg,140ff16ed42b2425e71679d9ab12a7054d353c62714482c8be1d133cce0dc1d9,label_conflict,,GALLIENUS|QUINTILLUS
40_CLAUDIUS GOTHICUS/side_a/image00088.jpg,a9edbeaa93d97ded81faee85ba0d6540df9f2f069d01e598efc5b2f9c7d3586f,duplicate,40_CLAUDIUS GOTHICUS/side_a/image00070 (1).jpg,CLAUDIUS GOTHICUS
40_CLAUDIUS GOTHICUS/side_a/image00087.jpg,e9593b61b12d7d3c8fd57982290d1f50a2222962f6b73dcad7d4d0f95a55df23,duplicate,40_CLAUDIUS GOTHICUS/side_a/image00071.jpg,CLAUDIUS GOTHICUS
40_CLAUDIUS GOTHICUS/side_a/image01189 (1).jpg,05e1c8fdaf3393512b6a806e54740d2e64912041f05d78b9463918ab8b9ee0a8,duplicate,40_CLAUDIUS GOTHICUS/side_a/image00210.jpg,CLAUDIUS GOTHICUS
40_CLAUDIUS GOTHICUS/side_a/image00643.jpg,20f10bf354da9e01134fafda6dc5039571f401938d7eb71cda5ddf119342bdf0,duplicate,40_CLAUDIUS GOTHICUS/side_a/image00245 (2).jpg,CLAUDIUS GOTHICUS
40_CLAUDIUS GOTHICUS/side_a/image00250.jpg,bc60cafba83ed1832d583ad6f98e6dcbf1e015ffee2bc2d0e261d71723ab292c,label_conflict,,AURELIAN|CLAUDIUS GOTHICUS|QUINTILLUS
41_QUINTILLUS/side_a/image00250 (1).jpg,bc60cafba83ed1832d583ad6f98e6dcbf1e015ffee2bc2d0e261d71723ab292c,label_conflict,,AURELIAN|CLAUDIUS GOTHICUS|QUINTILLUS
42_AURELIAN/side_a/Aurelian AD 270 AD 275010.jpg,bc60cafba83ed1832d583ad6f98e6dcbf1e015ffee2bc2d0e261d71723ab292c,label_conflict,,AURELIAN|CLAUDIUS GOTHICUS|QUINTILLUS
40_CLAUDIUS GOTHICUS/side_a/image00271.jpg,bdfd6b11d6929dffa041a7c3af10d2764f7e6afb042132ebab6be4a2eab78c6f,label_conflict,,CLAUDIUS GOTHICUS|QUINTILLUS
40_CLAUDIUS GOTHICUS/side_a/image00284.jpg,bdfd6b11d6929dffa041a7c3af10d2764f7e6afb042132ebab6be4a2eab78c6f,label_conflict,,CLAUDIUS GOTHICUS|QUINTILLUS
40_CLAUDIUS GOTHICUS/side_a/image00293.jpg,bdfd6b11d6929dffa041a7c3af10d2764f7e6afb042132ebab6be4a2eab78c6f,label_conflict,,CLAUDIUS GOTHICUS|QUINTILLUS
41_QUINTILLUS/side_a/image00271 (2).jpg,bdfd6b11d6929dffa041a7c3af10d2764f7e6afb042132ebab6be4a2eab78c6f,label_conflict,,CLAUDIUS GOTHICUS|QUINTILLUS
41_QUINTILLUS/side_a/image00284 (3).jpg,bdfd6b11d6929dffa041a7c3af10d2764f7e6afb042132ebab6be4a2eab78c6f,label_conflict,,CLAUDIUS GOTHICUS|QUINTILLUS
41_QUINTILLUS/side_a/image00293 (4).jpg,bdfd6b11d6929dffa041a7c3af10d2764f7e6afb042132ebab6be4a2eab78c6f,label_conflict,,CLAUDIUS GOTHICUS|QUINTILLUS
40_CLAUDIUS GOTHICUS/side_a/image00303.jpg,3aa6621323f8e22a7dac4b41b75e8a920e66de953e3494430722e4f3c4fcf06c,duplicate,40_CLAUDIUS GOTHICUS/side_a/image00284 (2).jpg,CLAUDIUS GOTHICUS
40_CLAUDIUS GOTHICUS/side_a/image00513 (2).jpg,d0dd9149351e9700abcd8dad00b710fb248f7a70018316f352ab6fd7438bb26d,duplicate,40_CLAUDIUS GOTHICUS/side_a/image00337.jpg,CLAUDIUS GOTHICUS
40_CLAUDIUS GOTHICUS/side_a/image00341.jpg,10a9ca5e2d2fbb8160836e05b181901abaa1c884d6d60d3e1bec08d36ffb4ad5,label_conflict,,CLAUDIUS GOTHICUS|QUINTILLUS
41_QUINTILLUS/side_a/image00341 (1).jpg,10a9ca5e2d2fbb8160836e05b181901abaa1c884d6d60d3e1bec08d36ffb4ad5,label_conflict,,CLAUDIUS GOTHICUS|QUINTILLUS
40_CLAUDIUS GOTHICUS/side_a/image00356.jpg,34db8b256575fa9b5f95f9cf658e163e651e1a28a61c1777f5fd4746bf8c6d71,label_conflict,,AURELIAN|CLAUDIUS GOTHICUS|QUINTILLUS
41_QUINTILLUS/side_a/image00356 (1).jpg,34db8b256575fa9b5f95f9cf658e163e651e1a28a61c1777f5fd4746bf8c6d71,label_conflict,,AURELIAN|CLAUDIUS GOTHICUS|QUINTILLUS
42_AURELIAN/side_a/Aurelian AD 270 AD 275009.jpg,34db8b256575fa9b5f95f9cf658e163e651e1a28a61c1777f5fd4746bf8c6d71,label_conflict,,AURELIAN|CLAUDIUS GOTHICUS|QUINTILLUS
40_CLAUDIUS GOTHICUS/side_a/image00358.jpg,51da92a1c582668ab84ae254bd7f9550d07f3eb415018a3f7e5d5da158520719,label_conflict,,CLAUDIUS GOTHICUS|QUINTILLUS
41_QUINTILLUS/side_a/image00358 (1).jpg,51da92a1c582668ab84ae254bd7f9550d07f3eb415018a3f7e5d5da158520719,label_conflict,,CLAUDIUS GOTHICUS|QUINTILLUS
40_CLAUDIUS GOTHICUS/side_a/image00365.jpg,1652a113210b8bc65fb813e1f52ea6f17a39c547c795c70fb3eeebd8f5bd0fcf,label_conflict,,CLAUDIUS GOTHICUS|QUINTILLUS
41_QUINTILLUS/side_a/image00365 (2).jpg,1652a113210b8bc65fb813e1f52ea6f17a39c547c795c70fb3eeebd8f5bd0fcf,label_conflict,,CLAUDIUS GOTHICUS|QUINTILLUS
40_CLAUDIUS GOTHICUS/side_a/image00378.jpg,ed69c8406f63ada39f90043b76176c1d9f64de4a454e205791a8843c9158e50c,label_conflict,,CLAUDIUS GOTHICUS|QUINTILLUS
41_QUINTILLUS/side_a/image00378 (1).jpg,ed69c8406f63ada39f90043b76176c1d9f64de4a454e205791a8843c9158e50c,label_conflict,,CLAUDIUS GOTHICUS|QUINTILLUS
40_CLAUDIUS GOTHICUS/side_a/image00399.jpg,747e3c793cfe7345e92229d62979805e806bdbadb6c863055ebb4e6e5ed6b9a4,label_conflict,,CLAUDIUS GOTHICUS|QUINTILLUS
41_QUINTILLUS/side_a/image00399 (2).jpg,747e3c793cfe7345e92229d62979805e806bdbadb6c863055ebb4e6e5ed6b9a4,label_conflict,,CLAUDIUS GOTHICUS|QUINTILLUS
40_CLAUDIUS GOTHICUS/side_a/image00404 (1).jpg,4f23ac60c25913e67966595c8db2f6a8378bdc63e98d1522bc62081fc65e2b62,label_conflict,,CLAUDIUS GOTHICUS|QUINTILLUS
41_QUINTILLUS/side_a/image00404 (2).jpg,4f23ac60c25913e67966595c8db2f6a8378bdc63e98d1522bc62081fc65e2b62,label_conflict,,CLAUDIUS GOTHICUS|QUINTILLUS
40_CLAUDIUS GOTHICUS/side_a/image00405.jpg,580a7a32731b5d872682797f0c22e27a2a5ed56524ebdec0ec4df5b1ad03f765,label_conflict,,CLAUDIUS GOTHICUS|QUINTILLUS
41_QUINTILLUS/side_a/image00405 (4).jpg,580a7a32731b5d872682797f0c22e27a2a5ed56524ebdec0ec4df5b1ad03f765,label_conflict,,CLAUDIUS GOTHICUS|QUINTILLUS
40_CLAUDIUS GOTHICUS/side_a/image00415.jpg,378b1e26aece9b8b34fddb40ae7503cb23dfb3682f6567631a84bc0aaaec1635,label_conflict,,CLAUDIUS GOTHICUS|QUINTILLUS
41_QUINTILLUS/side_a/image00415 (1).jpg,378b1e26aece9b8b34fddb40ae7503cb23dfb3682f6567631a84bc0aaaec1635,label_conflict,,CLAUDIUS GOTHICUS|QUINTILLUS
40_CLAUDIUS GOTHICUS/side_a/image00416.jpg,d63adb16dc00247651c74edf2b0690bf1fd5ea037c70cb57d65d8da9ebc0626e,label_conflict,,CLAUDIUS GOTHICUS|QUINTILLUS
41_QUINTILLUS/side_a/image00416 (2).jpg,d63adb16dc00247651c74edf2b0690bf1fd5ea037c70cb57d65d8da9ebc0626e,label_conflict,,CLAUDIUS GOTHICUS|QUINTILLUS
40_CLAUDIUS GOTHICUS/side_a/image00417.jpg,78c46222034814f10f882d8df048053d67159045056c6bf1be6096f4b84f8906,label_conflict,,CLAUDIUS GOTHICUS|QUINTILLUS
41_QUINTILLUS/side_a/image00417 (3).jpg,78c46222034814f10f882d8df048053d67159045056c6bf1be6096f4b84f8906,label_conflict,,CLAUDIUS GOTHICUS|QUINTILLUS
40_CLAUDIUS GOTHICUS/side_a/image00418 (1).jpg,7f5796903432fadf1417d8edef50a4846ee0016f11ae36f1f759f6c08a480a94,label_conflict,,CLAUDIUS GOTHICUS|QUINTILLUS
41_QUINTILLUS/side_a/image00418 (4).jpg,7f5796903432fadf1417d8edef50a4846ee0016f11ae36f1f759f6c08a480a94,label_conflict,,CLAUDIUS GOTHICUS|QUINTILLUS
40_CLAUDIUS GOTHICUS/side_a/image00422 (1).jpg,4a9deb75debd1c102135bc6add6e163120bdd9bfb39d18243603c8b31460048a,label_conflict,,CLAUDIUS GOTHICUS|QUINTILLUS
41_QUINTILLUS/side_a/image00422 (2).jpg,4a9deb75debd1c102135bc6add6e163120bdd9bfb39d18243603c8b31460048a,label_conflict,,CLAUDIUS GOTHICUS|QUINTILLUS
40_CLAUDIUS GOTHICUS/side_a/image00423.jpg,684074a8afc00957c47806cc2d7d7a00b703930b8a6d94a4e6f77f6cb4add7c7,label_conflict,,CLAUDIUS GOTHICUS|QUINTILLUS
41_QUINTILLUS/side_a/image00423 (2).jpg,684074a8afc00957c47806cc2d7d7a00b703930b8a6d94a4e6f77f6cb4add7c7,label_conflict,,CLAUDIUS GOTHICUS|QUINTILLUS
40_CLAUDIUS GOTHICUS/side_a/image00424.jpg,a7b4964b98230da427b439bc7413c9c9735baa28f19b079f7626206be33734c9,label_conflict,,CLAUDIUS GOTHICUS|QUINTILLUS
41_QUINTILLUS/side_a/image00424 (2).jpg,a7b4964b98230da427b439bc7413c9c9735baa28f19b079f7626206be33734c9,label_conflict,,CLAUDIUS GOTHICUS|QUINTILLUS
40_CLAUDIUS GOTHICUS/side_a/image00425.jpg,bf46fcb01a4dd7f1c8a80b904b87fc5c520124db8d55b6813eb1d16353dedc03,label_conflict,,CLAUDIUS GOTHICUS|QUINTILLUS
41_QUINTILLUS/side_a/image00425 (2).jpg,bf46fcb01a4dd7f1c8a80b904b87fc5c520124db8d55b6813eb1d16353dedc03,label_conflict,,CLAUDIUS GOTHICUS|QUINTILLUS
40_CLAUDIUS GOTHICUS/side_a/image00437.jpg,2e61f80fa97d18ba592a3c59ab7bbc782968e59ff153cf4241b8453b263aa502,label_conflict,,CLAUDIUS GOTHICUS|QUINTILLUS
41_QUINTILLUS/side_a/image00437 (2).jpg,2e61f80fa97d18ba592a3c59ab7bbc782968e59ff153cf4241b8453b263aa502,label_conflict,,CLAUDIUS GOTHICUS|QUINTILLUS
40_CLAUDIUS GOTHICUS/side_a/image00441.jpg,42bd1ed91a3c5e1647cc493046931315ff7a173025d506e28add52c2eeb85c9b,label_conflict,,CLAUDIUS GOTHICUS|QUINTILLUS
41_QUINTILLUS/side_a/image00441 (2).jpg,42bd1ed91a3c5e1647cc493046931315ff7a173025d506e28add52c2eeb85c9b,label_conflict,,CLAUDIUS GOTHICUS|QUINTILLUS
40_CLAUDIUS GOTHICUS/side_a/image00454.jpg,317d59bd70da4ee8553867451c5cfc5d2254d7f3801eba0e4c82886d3abae4fe,label_conflict,,CLAUDIUS GOTHICUS|QUINTILLUS
41_QUINTILLUS/side_a/image00454 (2).jpg,317d59bd70da4ee8553867451c5cfc5d2254d7f3801eba0e4c82886d3abae4fe,label_conflict,,CLAUDIUS GOTHICUS|QUINTILLUS
40_CLAUDIUS GOTHICUS/side_a/image00460.jpg,30d0f639bb1bde268604020ab16732fec8456e638fa8aeeb9f60a57f740e6a1e,label_conflict,,CLAUDIUS GOTHICUS|QUINTILLUS
41_QUINTILLUS/side_a/image00460 (1).jpg,30d0f639bb1bde268604020ab16732fec8456e638fa8aeeb9f60a57f740e6a1e,label_conflict,,CLAUDIUS GOTHICUS|QUINTILLUS
40_CLAUDIUS GOTHICUS/side_a/image00477.jpg,74bc63e9333b43b5c5ac42bd913a1f032bf75dd6e27a8ee24f5533df3bcd7fa3,label_conflict,,CLAUDIUS GOTHICUS|QUINTILLUS
41_QUINTILLUS/side_a/image00477 (2).jpg,74bc63e9333b43b5c5ac42bd913a1f032bf75dd6e27a8ee24f5533df3bcd7fa3,label_conflict,,CLAUDIUS GOTHICUS|QUINTILLUS
40_CLAUDIUS GOTHICUS/side_a/image00480 (1).jpg,67889981785ddba7b36345151c3c89e1a2183ebd1858c3da0644894c009e60dd,label_conflict,,CLAUDIUS GOTHICUS|QUINTILLUS
41_QUINTILLUS/side_a/image00480 (2).jpg,67889981785ddba7b36345151c3c89e1a2183ebd1858c3da0644894c009e60dd,label_conflict,,CLAUDIUS GOTHICUS|QUINTILLUS
40_CLAUDIUS GOTHICUS/side_a/image00492.jpg,ac826a6e9f26186511aba807af5ccaecbe555f754c75a621cc5b3b9481fb8526,label_conflict,,CLAUDIUS GOTHICUS|QUINTILLUS
41_QUINTILLUS/side_a/image00492 (2).jpg,ac826a6e9f26186511aba807af5ccaecbe555f754c75a621cc5b3b9481fb8526,label_conflict,,CLAUDIUS GOTHICUS|QUINTILLUS
40_CLAUDIUS GOTHICUS/side_a/image00506 (1).jpg,a0ca39e6cb82fa383e07555a79f42c80e6612034650ed408a88c1b8275cca73a,label_conflict,,CLAUDIUS GOTHICUS|QUINTILLUS
41_QUINTILLUS/side_a/image00506 (4).jpg,a0ca39e6cb82fa383e07555a79f42c80e6612034650ed408a88c1b8275cca73a,label_conflict,,CLAUDIUS GOTHICUS|QUINTILLUS
40_CLAUDIUS GOTHICUS/side_a/image00506.jpg,583c9d7217192681a31b4361306dc6f5bfed11adc096c906eae4fffbff8975ad,label_conflict,,CLAUDIUS GOTHICUS|QUINTILLUS
41_QUINTILLUS/side_a/image00506 (3).jpg,583c9d7217192681a31b4361306dc6f5bfed11adc096c906eae4fffbff8975ad,label_conflict,,CLAUDIUS GOTHICUS|QUINTILLUS
40_CLAUDIUS GOTHICUS/side_a/image00507.jpg,7818d350aa8e9a6db076ebcc8d44e622a975a1ef57925156d52b48c8548ff969,label_conflict,,CLAUDIUS GOTHICUS|QUINTILLUS
41_QUINTILLUS/side_a/image00507 (4).jpg,7818d350aa8e9a6db076ebcc8d44e622a975a1ef57925156d52b48c8548ff969,label_conflict,,CLAUDIUS GOTHICUS|QUINTILLUS
40_CLAUDIUS GOTHICUS/side_a/image00509 (1).jpg,84c016c0d9e630d1f1bcf6b867f2e260f904b83d8e820728fb07cb601a0bfac6,label_conflict,,CLAUDIUS GOTHICUS|QUINTILLUS
41_QUINTILLUS/side_a/image00509 (3).jpg,84c016c0d9e630d1f1bcf6b867f2e260f904b83d8e820728fb07cb601a0bfac6,label_conflict,,CLAUDIUS GOTHICUS|QUINTILLUS
40_CLAUDIUS GOTHICUS/side_a/image00509.jpg,edc36b4ca995d6ca8c05c2befc2ef4a9be3c6ccf5c21e85e59ed932e46de8eae,label_conflict,,CLAUDIUS GOTHICUS|QUINTILLUS
41_QUINTILLUS/side_a/image00509 (2).jpg,edc36b4ca995d6ca8c05c2befc2ef4a9be3c6ccf5c21e85e59ed932e46de8eae,label_conflict,,CLAUDIUS GOTHICUS|QUINTILLUS
40_CLAUDIUS GOTHICUS/side_a/image00510.jpg,3a1402e40f6d09b65892ddb39a6c40e751c5599ca8eaaa53062b31bf9e2f82fb,label_conflict,,CLAUDIUS GOTHICUS|QUINTILLUS
41_QUINTILLUS/side_a/image00510 (4).jpg,3a1402e40f6d09b65892ddb39a6c40e751c5599ca8eaaa53062b31bf9e2f82fb,label_conflict,,CLAUDIUS GOTHICUS|QUINTILLUS
40_CLAUDIUS GOTHICUS/side_a/image00511 (1).jpg,6bcdf3a5d80344f605be29532aa3bab8d39d60c3f7bad0e428dcbf928e71c527,label_conflict,,CLAUDIUS GOTHICUS|QUINTILLUS
41_QUINTILLUS/side_a/image00511 (5).jpg,6bcdf3a5d80344f605be29532aa3bab8d39d60c3f7bad0e428dcbf928e71c527,label_conflict,,CLAUDIUS GOTHICUS|QUINTILLUS
40_CLAUDIUS GOTHICUS/side_a/image00511.jpg,4ced75e2da09b8679abb025118e4605206e741f4a74e03271c3c4a3174f40b4d,label_conflict,,CLAUDIUS GOTHICUS|QUINTILLUS
41_QUINTILLUS/side_a/image00511 (4).jpg,4ced75e2da09b8679abb025118e4605206e741f4a74e03271c3c4a3174f40b4d,label_conflict,,CLAUDIUS GOTHICUS|QUINTILLUS
40_CLAUDIUS GOTHICUS/side_a/image00512.jpg,bd7d4ba3fa5104d01e76551bc9ed4eb54257b8712955af043cf11d95941162e5,label_conflict,,CLAUDIUS GOTHICUS|QUINTILLUS
41_QUINTILLUS/side_a/image00512 (2).jpg,bd7d4ba3fa5104d01e76551bc9ed4eb54257b8712955af043cf11d95941162e5,label_conflict,,CLAUDIUS GOTHICUS|QUINTILLUS
40_CLAUDIUS GOTHICUS/side_a/image00517.jpg,7c48e808d29c767331b60f5c4a98a7c1028bd68b93e549d03cfa3c82e776aa14,label_conflict,,CLAUDIUS GOTHICUS|QUINTILLUS
41_QUINTILLUS/side_a/image00517 (2).jpg,7c48e808d29c767331b60f5c4a98a7c1028bd68b93e549d03cfa3c82e776aa14,label_conflict,,CLAUDIUS GOTHICUS|QUINTILLUS
40_CLAUDIUS GOTHICUS/side_a/image00518.jpg,5e1e7f5070394ddccd1374bb17f3349d918a5ebf5cecbb3381e001308598d7fa,label_conflict,,CLAUDIUS GOTHICUS|QUINTILLUS
41_QUINTILLUS/side_a/image00518 (1).jpg,5e1e7f5070394ddccd1374bb17f3349d918a5ebf5cecbb3381e001308598d7fa,label_conflict,,CLAUDIUS GOTHICUS|QUINTILLUS
40_CLAUDIUS GOTHICUS/side_a/image00519.jpg,42225b37d7dcd935686b4ae27753473758b2d67f75b64ae17ac6ec31678788ee,label_conflict,,CLAUDIUS GOTHICUS|QUINTILLUS
41_QUINTILLUS/side_a/image00519 (2).jpg,42225b37d7dcd935686b4ae27753473758b2d67f75b64ae17ac6ec31678788ee,label_conflict,,CLAUDIUS GOTHICUS|QUINTILLUS
40_CLAUDIUS GOTHICUS/side_a/image00522 (1).jpg,89fbba10fd363a331a0227977eb5d879a2d011862e6ea68eb1c5a0885d0c8a5d,label_conflict,,CLAUDIUS GOTHICUS|QUINTILLUS
41_QUINTILLUS/side_a/image00522 (2).jpg,89fbba10fd363a331a0227977eb5d879a2d011862e6ea68eb1c5a0885d0c8a5d,label_conflict,,CLAUDIUS GOTHICUS|QUINTILLUS
40_CLAUDIUS GOTHICUS/side_a/image00523 (1).jpg,e98595cc0ff3c624a50d7e35f297d9efe67fd0d20389a2a8f1828e3cd02317c3,label_conflict,,CLAUDIUS GOTHICUS|QUINTILLUS
41_QUINTILLUS/side_a/image00523 (2).jpg,e98595cc0ff3c624a50d7e35f297d9efe67fd0d20389a2a8f1828e3cd02317c3,label_conflict,,CLAUDIUS GOTHICUS|QUINTILLUS
40_CLAUDIUS GOTHICUS/side_a/image00525 (1).jpg,44a389f8b53b4edafc7f52b6b10e2c85e622d1c5f7b934662305b5fa58942a6b,label_conflict,,CLAUDIUS GOTHICUS|QUINTILLUS
41_QUINTILLUS/side_a/image00525 (4).jpg,44a389f8b53b4edafc7f52b6b10e2c85e622d1c5f7b934662305b5fa58942a6b,label_conflict,,CLAUDIUS GOTHICUS|QUINTILLUS
40_CLAUDIUS GOTHICUS/side_a/image00530.jpg,b7ad7bfb643192560d47afe57bc62c4bda9c1b7365990894154211fe8622ffbe,label_conflict,,CLAUDIUS GOTHICUS|QUINTILLUS
41_QUINTILLUS/side_a/image00530 (2).jpg,b7ad7bfb643192560d47afe57bc62c4bda9c1b7365990894154211fe8622ffbe,label_conflict,,CLAUDIUS GOTHICUS|QUINTILLUS
40_CLAUDIUS GOTHICUS/side_a/image00531 (1).jpg,fe8a885a16367ee1a948a08a7d6b737e23d93f376009b784bad6c13c2942841a,label_conflict,,CLAUDIUS GOTHICUS|QUINTILLUS
41_QUINTILLUS/side_a/image00531 (3).jpg,fe8a885a16367ee1a948a08a7d6b737e23d93f376009b784bad6c13c2942841a,label_conflict,,CLAUDIUS GOTHICUS|QUINTILLUS
40_CLAUDIUS GOTHICUS/side_a/image00533.jpg,32109b8f76acdd32bf97fb041cf4093f59cdce7bbf013064e83a59c514ed591c,label_conflict,,CLAUDIUS GOTHICUS|QUINTILLUS
41_QUINTILLUS/side_a/image00533 (2).jpg,32109b8f76acdd32bf97fb041cf4093f59cdce7bbf013064e83a59c514ed591c,label_conflict,,CLAUDIUS GOTHICUS|QUINTILLUS
40_CLAUDIUS GOTHICUS/side_a/image00534.jpg,542534d1754a3ea58d51ba8002c19045de93fc2b271e2690378b341eefcba862,label_conflict,,CLAUDIUS GOTHICUS|QUINTILLUS
41_QUINTILLUS/side_a/image00534 (1).jpg,542534d1754a3ea58d51ba8002c19045de93fc2b271e2690378b341eefcba862,label_conflict,,CLAUDIUS GOTHICUS|QUINTILLUS
40_CLAUDIUS GOTHICUS/side_a/image00535 (2).jpg,358815c12e57485b7fa7abd31245ea520b3ab7e43a042814491a837ea8ca6c15,label_conflict,,CLAUDIUS GOTHICUS|QUINTILLUS
41_QUINTILLUS/side_a/image00535 (3).jpg,358815c12e57485b7fa7abd31245ea520b3ab7e43a042814491a837ea8ca6c15,label_conflict,,CLAUDIUS GOTHICUS|QUINTILLUS
40_CLAUDIUS GOTHICUS/side_a/image00536.jpg,c846a2d320865e06a9e3e37a4e166810707d172c20b916659486cf98a75ec5ef,label_conflict,,CLAUDIUS GOTHICUS|QUINTILLUS
41_QUINTILLUS/side_a/image00536 (2).jpg,c846a2d320865e06a9e3e37a4e166810707d172c20b916659486cf98a75ec5ef,label_conflict,,CLAUDIUS GOTHICUS|QUINTILLUS
40_CLAUDIUS GOTHICUS/side_a/image00545 (1).jpg,0b027e29d1bfc03261e84574ab424b189a42365a364e0e76b368a845d92a2b2f,label_conflict,,CLAUDIUS GOTHICUS|QUINTILLUS
41_QUINTILLUS/side_a/image00545 (2).jpg,0b027e29d1bfc03261e84574ab424b189a42365a364e0e76b368a845d92a2b2f,label_conflict,,CLAUDIUS GOTHICUS|QUINTILLUS
40_CLAUDIUS GOTHICUS/side_a/image00546.jpg,d33b8c0e93f50ecc35813e110a6b36c0e7e873b9cafebb38590178678d799cc5,label_conflict,,CLAUDIUS GOTHICUS|QUINTILLUS
41_QUINTILLUS/side_a/image00546 (1).jpg,d33b8c0e93f50ecc35813e110a6b36c0e7e873b9cafebb38590178678d799cc5,label_conflict,,CLAUDIUS GOTHICUS|QUINTILLUS
40_CLAUDIUS GOTHICUS/side_a/image00568 (1).jpg,7e427c102419bb3f098b895275ae5526f5cdd56e6cd8dc10fd8981e8873380b7,label_conflict,,CLAUDIUS GOTHICUS|QUINTILLUS
41_QUINTILLUS/side_a/image00568 (3).jpg,7e427c102419bb3f098b895275ae5526f5cdd56e6cd8dc10fd8981e8873380b7,label_conflict,,CLAUDIUS GOTHICUS|QUINTILLUS
40_CLAUDIUS GOTHICUS/side_a/image00568.jpg,830017d957279d81b932ec89de7ca8a72ec9ece103de694806ae0d871d0ca432,label_conflict,,CLAUDIUS GOTHICUS|QUINTILLUS
41_QUINTILLUS/side_a/image00568 (2).jpg,830017d957279d81b932ec89de7ca8a72ec9ece103de694806ae0d871d0ca432,label_conflict,,CLAUDIUS GOTHICUS|QUINTILLUS
40_CLAUDIUS GOTHICUS/side_a/image00575.jpg,b2a7911278c439e73bfe21e6838d9b58de4b20b4b3974839d644322c6da3aa9f,label_conflict,,CLAUDIUS GOTHICUS|QUINTILLUS
41_QUINTILLUS/side_a/image00575 (1).jpg,b2a7911278c439e73bfe21e6838d9b58de4b20b4b3974839d644322c6da3aa9f,label_conflict,,CLAUDIUS GOTHICUS|QUINTILLUS
40_CLAUDIUS GOTHICUS/side_a/image00576.jpg,b74404f6c7e88746656675c32251fd81d6a39054e4be73752cb9355839484c6b,label_conflict,,CLAUDIUS GOTHICUS|QUINTILLUS
41_QUINTILLUS/side_a/image00576 (2).jpg,b74404f6c7e88746656675c32251fd81d6a39054e4be73752cb9355839484c6b,label_conflict,,CLAUDIUS GOTHICUS|QUINTILLUS
40_CLAUDIUS GOTHICUS/side_a/image00593.jpg,8b23860d0bdb635453fc564484e7d64166deb035538f58dc6545c91cb9478363,label_conflict,,CLAUDIUS GOTHICUS|QUINTILLUS
41_QUINTILLUS/side_a/image00593 (2).jpg,8b23860d0bdb635453fc564484e7d64166deb035538f58dc6545c91cb9478363,label_conflict,,CLAUDIUS GOTHICUS|QUINTILLUS
40_CLAUDIUS GOTHICUS/side_a/image00607.jpg,08d8d27378f802f69a5f83b6c6a62f8094959c461253beb8a0fd8ceefcb85846,label_conflict,,CLAUDIUS GOTHICUS|QUINTILLUS
41_QUINTILLUS/side_a/image00607 (2).jpg,08d8d27378f802f69a5f83b6c6a62f8094959c461253beb8a0fd8ceefcb85846,label_conflict,,CLAUDIUS GOTHICUS|QUINTILLUS
40_CLAUDIUS GOTHICUS/side_a/image00679.jpg,dcb2d85b7fdf2b5b41bb412141699d42ffc86570bb8ce30b2a0b722dc2a17a63,label_conflict,,CLAUDIUS GOTHICUS|QUINTILLUS
41_QUINTILLUS/side_a/image00679 (2).jpg,dcb2d85b7fdf2b5b41bb412141699d42ffc86570bb8ce30b2a0b722dc2a17a63,label_conflict,,CLAUDIUS GOTHICUS|QUINTILLUS
40_CLAUDIUS GOTHICUS/side_a/image00776 (1).jpg,64f9a10810e1058113e3e298189dd5385894ef44ed80ffd1c48fbee097af8d81,duplicate,40_CLAUDIUS GOTHICUS/side_a/image00680 (1).jpg,CLAUDIUS GOTHICUS
40_CLAUDIUS GOTHICUS/side_a/image00681.jpg,a98e2e7ef1433aaaf4ac4e7ba4a94269773f2ea9d32fec014cb952280d6a47ac,label_conflict,,CLAUDIUS GOTHICUS|QUINTILLUS
41_QUINTILLUS/side_a/image00681 (1).jpg,a98e2e7ef1433aaaf4ac4e7ba4a94269773f2ea9d32fec014cb952280d6a47ac,label_conflict,,CLAUDIUS GOTHICUS|QUINTILLUS
40_CLAUDIUS GOTHICUS/side_a/image00682 (1).jpg,6f43dbf40bad581eb5eda4897980c6321d980549f4bd8ccdab3b0ff4e8b40f16,label_conflict,,CLAUDIUS GOTHICUS|QUINTILLUS
41_QUINTILLUS/side_a/image00682 (2).jpg,6f43dbf40bad581eb5eda4897980c6321d980549f4bd8ccdab3b0ff4e8b40f16,label_conflict,,CLAUDIUS GOTHICUS|QUINTILLUS
40_CLAUDIUS GOTHICUS/side_a/image00683.jpg,d3dda463ee75b18880255205bad6aa4ed24dbef8005aea42c9008787ba78f8da,label_conflict,,CLAUDIUS GOTHICUS|QUINTILLUS
41_QUINTILLUS/side_a/image00683 (1).jpg,d3dda463ee75b18880255205bad6aa4ed24dbef8005aea42c9008787ba78f8da,label_conflict,,CLAUDIUS GOTHICUS|QUINTILLUS
40_CLAUDIUS GOTHICUS/side_a/image00691.jpg,52bd38675e32ec7e1c0df57c1329052254ae96efc06e38c7bec21f1470308515,label_conflict,,CLAUDIUS GOTHICUS|QUINTILLUS
41_QUINTILLUS/side_a/image00691 (1).jpg,52bd38675e32ec7e1c0df57c1329052254ae96efc06e38c7bec21f1470308515,label_conflict,,CLAUDIUS GOTHICUS|QUINTILLUS
40_CLAUDIUS GOTHICUS/side_a/image00692.jpg,f3a4ce7f3a23234b602442c0ea78cc4516c7b80c6c223234b8e3f81318ba29c3,label_conflict,,CLAUDIUS GOTHICUS|QUINTILLUS
41_QUINTILLUS/side_a/image00692 (1).jpg,f3a4ce7f3a23234b602442c0ea78cc4516c7b80c6c223234b8e3f81318ba29c3,label_conflict,,CLAUDIUS GOTHICUS|QUINTILLUS
40_CLAUDIUS GOTHICUS/side_a/image00697.jpg,da340fc8ef9644de8f4d91516d8077960058868cd1beb932663e534ff56cb172,label_conflict,,CLAUDIUS GOTHICUS|QUINTILLUS
41_QUINTILLUS/side_a/image00697 (1).jpg,da340fc8ef9644de8f4d91516d8077960058868cd1beb932663e534ff56cb172,label_conflict,,CLAUDIUS GOTHICUS|QUINTILLUS
40_CLAUDIUS GOTHICUS/side_a/image00702.jpg,f789fa54523ef66e3c9ff1eaf3c6a2d7b4b508ec444e45e876731426902d27c9,label_conflict,,CLAUDIUS GOTHICUS|QUINTILLUS
41_QUINTILLUS/side_a/image00702 (1).jpg,f789fa54523ef66e3c9ff1eaf3c6a2d7b4b508ec444e45e876731426902d27c9,label_conflict,,CLAUDIUS GOTHICUS|QUINTILLUS
40_CLAUDIUS GOTHICUS/side_a/image00703.jpg,dbbe300c8a54d8dd207cef016cc8d474fbbbf153d1eb3db42a46f97b87897113,label_conflict,,CLAUDIUS GOTHICUS|QUINTILLUS
41_QUINTILLUS/side_a/image00703 (3).jpg,dbbe300c8a54d8dd207cef016cc8d474fbbbf153d1eb3db42a46f97b87897113,label_conflict,,CLAUDIUS GOTHICUS|QUINTILLUS
40_CLAUDIUS GOTHICUS/side_a/image00704.jpg,7a850dd9784da911dcf443a2a55d836bcd2a4a9ca7fd74c00cf5d85db2ab6344,label_conflict,,CLAUDIUS GOTHICUS|QUINTILLUS
41_QUINTILLUS/side_a/image00704 (1).jpg,7a850dd9784da911dcf443a2a55d836bcd2a4a9ca7fd74c00cf5d85db2ab6344,label_conflict,,CLAUDIUS GOTHICUS|QUINTILLUS
40_CLAUDIUS GOTHICUS/side_a/image00705.jpg,936174683ec4d6988e0b2683c7be1e9a1240460d6fca3e29b0be1c005bf6156c,label_conflict,,CLAUDIUS GOTHICUS|QUINTILLUS
41_QUINTILLUS/side_a/image00705 (2).jpg,936174683ec4d6988e0b2683c7be1e9a1240460d6fca3e29b0be1c005bf6156c,label_conflict,,CLAUDIUS GOTHICUS|QUINTILLUS
40_CLAUDIUS GOTHICUS/side_a/image00706.jpg,271e09f54ece86e2c994cea37b2342a9257df3db33bf89234432797ceece3971,label_conflict,,CLAUDIUS GOTHICUS|QUINTILLUS
41_QUINTILLUS/side_a/image00706 (1).jpg,271e09f54ece86e2c994cea37b2342a9257df3db33bf89234432797ceece3971,label_conflict,,CLAUDIUS GOTHICUS|QUINTILLUS
40_CLAUDIUS GOTHICUS/side_a/image00707.jpg,7df1a51644f86a58a0b9fdbd3594899365d3c622c32ecadea3f492cb1618cc86,label_conflict,,CLAUDIUS GOTHICUS|QUINTILLUS
41_QUINTILLUS/side_a/image00707 (1).jpg,7df1a51644f86a58a0b9fdbd3594899365d3c622c32ecadea3f492cb1618cc86,label_conflict,,CLAUDIUS GOTHICUS|QUINTILLUS
40_CLAUDIUS GOTHICUS/side_a/image00708.jpg,54db80c3bb724eb64dc04ebe54c1d2f67eded46c39b37044d6fceb97374a3d7d,label_conflict,,CLAUDIUS GOTHICUS|QUINTILLUS
41_QUINTILLUS/side_a/image00708 (1).jpg,54db80c3bb724eb64dc04ebe54c1d2f67eded46c39b37044d6fceb97374a3d7d,label_conflict,,CLAUDIUS GOTHICUS|QUINTILLUS
40_CLAUDIUS GOTHICUS/side_a/image00709.jpg,353a7e194f2f08fb5677d326b36ae1192303a9909f82a1bc794936b4b9f69a9b,label_conflict,,CLAUDIUS GOTHICUS|QUINTILLUS
41_QUINTILLUS/side_a/image00709 (1).jpg,353a7e194f2f08fb5677d326b36ae1192303a9909f82a1bc794936b4b9f69a9b,label_conflict,,CLAUDIUS GOTHICUS|QUINTILLUS
40_CLAUDIUS GOTHICUS/side_a/image00710.jpg,aea0b0dd27cc7aaeb54358b7b7532adaae442b403c08043a11daba781197b52d,label_conflict,,CLAUDIUS GOTHICUS|QUINTILLUS
41_QUINTILLUS/side_a/image00710 (1).jpg,aea0b0dd27cc7aaeb54358b7b7532adaae442b403c08043a11daba781197b52d,label_conflict,,CLAUDIUS GOTHICUS|QUINTILLUS
40_CLAUDIUS GOTHICUS/side_a/image00741.jpg,3481377b0c56f40b3d5e5d9f0d9e97c35ecc11a093d6da7f05ef40eb1a1648da,label_conflict,,CLAUDIUS GOTHICUS|QUINTILLUS
41_QUINTILLUS/side_a/image00741 (1).jpg,3481377b0c56f40b3d5e5d9f0d9e97c35ecc11a093d6da7f05ef40eb1a1648da,label_conflict,,CLAUDIUS GOTHICUS|QUINTILLUS
40_CLAUDIUS GOTHICUS/side_a/image00748.jpg,ca6c6104e9887e3dd060135737c649c41dea7f96d884c6eb77e289aa4a5fd3f1,label_conflict,,CLAUDIUS GOTHICUS|QUINTILLUS
41_QUINTILLUS/side_a/image00748 (3).jpg,ca6c6104e9887e3dd060135737c649c41dea7f96d884c6eb77e289aa4a5fd3f1,label_conflict,,CLAUDIUS GOTHICUS|QUINTILLUS
40_CLAUDIUS GOTHICUS/side_a/image00749.jpg,64bc43d785bd931a69edb230cb2a6a38440940122affe293e4a5c094e28bacbf,label_conflict,,CLAUDIUS GOTHICUS|QUINTILLUS
41_QUINTILLUS/side_a/image00749 (2).jpg,64bc43d785bd931a69edb230cb2a6a38440940122affe293e4a5c094e28bacbf,label_conflict,,CLAUDIUS GOTHICUS|QUINTILLUS
40_CLAUDIUS GOTHICUS/side_a/image00750.jpg,b7570e312903e24262a4699630d603a24ce7a41de2bd775f1f2dfadd31cd752e,label_conflict,,CLAUDIUS GOTHICUS|QUINTILLUS
41_QUINTILLUS/side_a/image00750 (2).jpg,b7570e312903e24262a4699630d603a24ce7a41de2bd775f1f2dfadd31cd752e,label_conflict,,CLAUDIUS GOTHICUS|QUINTILLUS
40_CLAUDIUS GOTHICUS/side_a/image00761 (1).jpg,3f7e793f5c180b33b2c9ace411b627096c697a44c0653c2d2ea0a492a82e4379,label_conflict,,CLAUDIUS GOTHICUS|QUINTILLUS
41_QUINTILLUS/side_a/image00761 (2).jpg,3f7e793f5c180b33b2c9ace411b627096c697a44c0653c2d2ea0a492a82e4379,label_conflict,,CLAUDIUS GOTHICUS|QUINTILLUS
40_CLAUDIUS GOTHICUS/side_a/image00768.jpg,4490c98d64938e5e052cd48c1e76ccdff55331c89ecaeb281e9c11e3b2f0206a,label_conflict,,CLAUDIUS GOTHICUS|QUINTILLUS
41_QUINTILLUS/side_a/image00768 (1).jpg,4490c98d64938e5e052cd48c1e76ccdff55331c89ecaeb281e9c11e3b2f0206a,label_conflict,,CLAUDIUS GOTHICUS|QUINTILLUS
40_CLAUDIUS GOTHICUS/side_a/image00769.jpg,27b183ff93902674f3e9c7867287f130f099754497492ecdd214888ef88f1cf5,label_conflict,,CLAUDIUS GOTHICUS|QUINTILLUS
41_QUINTILLUS/side_a/image00769 (2).jpg,27b183ff93902674f3e9c7867287f130f099754497492ecdd214888ef88f1cf5,label_conflict,,CLAUDIUS GOTHICUS|QUINTILLUS
40_CLAUDIUS GOTHICUS/side_a/image00770.jpg,76e776339dbca0df8e2e0be401feffe41d9b7072ff628ab1768b4cfc361d5f1d,label_conflict,,CLAUDIUS GOTHICUS|QUINTILLUS
41_QUINTILLUS/side_a/image00770 (2).jpg,76e776339dbca0df8e2e0be401feffe41d9b7072ff628ab1768b4cfc361d5f1d,label_conflict,,CLAUDIUS GOTHICUS|QUINTILLUS
40_CLAUDIUS GOTHICUS/side_a/image00774.jpg,21ea665af9182a728e23179c921e3d5f49fd4b293cc277cbbf4d96314c29875c,label_conflict,,CLAUDIUS GOTHICUS|QUINTILLUS
41_QUINTILLUS/side_a/image00774 (2).jpg,21ea665af9182a728e23179c921e3d5f49fd4b293cc277cbbf4d96314c29875c,label_conflict,,CLAUDIUS GOTHICUS|QUINTILLUS
40_CLAUDIUS GOTHICUS/side_a/image00775.jpg,6d0dec453509cc7da6139bb4baffac69ee6eb7a4e482a4e320a0a640abafeab6,label_conflict,,CLAUDIUS GOTHICUS|QUINTILLUS
41_QUINTILLUS/side_a/image00775 (3).jpg,6d0dec453509cc7da6139bb4baffac69ee6eb7a4e482a4e320a0a640abafeab6,label_conflict,,CLAUDIUS GOTHICUS|QUINTILLUS
40_CLAUDIUS GOTHICUS/side_a/image00839.jpg,83345be3d9ea4f33ef956c266ca95f33cf52d2f534367ab3821d082f349cf537,label_conflict,,CLAUDIUS GOTHICUS|QUINTILLUS
41_QUINTILLUS/side_a/image00839 (1).jpg,83345be3d9ea4f33ef956c266ca95f33cf52d2f534367ab3821d082f349cf537,label_conflict,,CLAUDIUS GOTHICUS|QUINTILLUS
40_CLAUDIUS GOTHICUS/side_a/image00854.jpg,a80ef08680b39847dd4f34e0c73321ae7bcb0c0cbb0eee6db58136805bd7bdd0,label_conflict,,CLAUDIUS GOTHICUS|QUINTILLUS
41_QUINTILLUS/side_a/image00854 (1).jpg,a80ef08680b39847dd4f34e0c73321ae7bcb0c0cbb0eee6db58136805bd7bdd0,label_conflict,,CLAUDIUS GOTHICUS|QUINTILLUS
40_CLAUDIUS GOTHICUS/side_a/image01043.jpg,396ec3cb7fa244749362456899a8e6105f9ec3c6febabf0ea59b6e9ed873a29a,label_conflict,,CLAUDIUS GOTHICUS|QUINTILLUS
41_QUINTILLUS/side_a/image01043 (1).jpg,396ec3cb7fa244749362456899a8e6105f9ec3c6febabf0ea59b6e9ed873a29a,label_conflict,,CLAUDIUS GOTHICUS|QUINTILLUS
40_CLAUDIUS GOTHICUS/side_a/image02987.jpg,a88558944280590866ac8e96285cd118b8178e0efa27e2aecbb985f533b78385,label_conflict,,CLAUDIUS GOTHICUS|QUINTILLUS
41_QUINTILLUS/side_a/image02987 (1).jpg,a88558944280590866ac8e96285cd118b8178e0efa27e2aecbb985f533b78385,label_conflict,,CLAUDIUS GOTHICUS|QUINTILLUS
40_CLAUDIUS GOTHICUS/side_a/image03036.jpg,5ead76c02f522600c36af49f46288a01b122f36dcacc2ed79242ef3e920860e3,label_conflict,,CLAUDIUS GOTHICUS|QUINTILLUS
41_QUINTILLUS/side_a/image03036 (1).jpg,5ead76c02f522600c36af49f46288a01b122f36dcacc2ed79242ef3e920860e3,label_conflict,,CLAUDIUS GOTHICUS|QUINTILLUS
40_CLAUDIUS GOTHICUS/side_a/image23637.jpg,efc872402dc1e5928a611d745f018eebeef988bda4625bc5965bfc9a91859ed6,label_conflict,,AURELIAN|CLAUDIUS GOTHICUS|QUINTILLUS
41_QUINTILLUS/side_a/image23637 (1).jpg,efc872402dc1e5928a611d745f018eebeef988bda4625bc5965bfc9a91859ed6,label_conflict,,AURELIAN|CLAUDIUS GOTHICUS|QUINTILLUS
42_AURELIAN/side_a/Aurelian AD 270 AD 275006.jpg,efc872402dc1e5928a611d745f018eebeef988bda4625bc5965bfc9a91859ed6,label_conflict,,AURELIAN|CLAUDIUS GOTHICUS|QUINTILLUS
40_CLAUDIUS GOTHICUS/side_a/image30068.jpg,6937baccc716eed2ee98fc530fe88470322f10cee2572c8920451b71154caf62,label_conflict,,CLAUDIUS GOTHICUS|QUINTILLUS
41_QUINTILLUS/side_a/image30068 (1).jpg,6937baccc716eed2ee98fc530fe88470322f10cee2572c8920451b71154caf62,label_conflict,,CLAUDIUS GOTHICUS|QUINTILLUS
40_CLAUDIUS GOTHICUS/side_a/image30248.jpg,6adfb58151712395b0388da99961febbdb239f1d310b25b3374a72d7a640d7ac,label_conflict,,CLAUDIUS GOTHICUS|QUINTILLUS
41_QUINTILLUS/side_a/image30248 (1).jpg,6adfb58151712395b0388da99961febbdb239f1d310b25b3374a72d7a640d7ac,label_conflict,,CLAUDIUS GOTHICUS|QUINTILLUS
40_CLAUDIUS GOTHICUS/side_a/image32225.jpg,a629a631a7e22af7c9eb18d90dc49d5a1e86111d61d2035292b34084648a7450,label_conflict,,CLAUDIUS GOTHICUS|QUINTILLUS
41_QUINTILLUS/side_a/image32225 (1).jpg,a629a631a7e22af7c9eb18d90dc49d5a1e86111d61d2035292b34084648a7450,label_conflict,,CLAUDIUS GOTHICUS|QUINTILLUS
41_QUINTILLUS/side_a/image00137.jpg,61318b3f2e1a4f797520be966251e3012fdd0eb94187413e6752804237e16a3b,label_conflict,,AURELIAN|QUINTILLUS
42_AURELIAN/side_a/image00137.jpg,61318b3f2e1a4f797520be966251e3012fdd0eb94187413e6752804237e16a3b,label_conflict,,AURELIAN|QUINTILLUS
41_QUINTILLUS/side_a/image00160.jpg,a8d8498998880c810a5cd8ab82575ad0b879f6d195102964dc4ac5dc79493753,label_conflict,,AURELIAN|QUINTILLUS
42_AURELIAN/side_a/Aurelian AD 270 AD 275599.jpg,a8d8498998880c810a5cd8ab82575ad0b879f6d195102964dc4ac5dc79493753,label_conflict,,AURELIAN|QUINTILLUS
41_QUINTILLUS/side_a/image00162.jpg,c0fc34ca55f47eac27399c516b8f9ed2358495c939776eca2c13d2b13b9c7c82,label_conflict,,AURELIAN|QUINTILLUS
42_AURELIAN/side_a/Aurelian AD 270 AD 275547.jpg,c0fc34ca55f47eac27399c516b8f9ed2358495c939776eca2c13d2b13b9c7c82,label_conflict,,AURELIAN|QUINTILLUS
41_QUINTILLUS/side_a/image00163 (1).jpg,7d98a226bada213459b942490be2098646a8f16dc382f338bd790bfb2df59ebb,label_conflict,,AURELIAN|QUINTILLUS
42_AURELIAN/side_a/Aurelian AD 270 AD 275548.jpg,7d98a226bada213459b942490be2098646a8f16dc382f338bd790bfb2df59ebb,label_conflict,,AURELIAN|QUINTILLUS
41_QUINTILLUS/side_a/image00164 (1).jpg,db6a2c51e54befefa24a259a37cc5ba1da4a5c43389bf3c93ef86f35aae8688a,label_conflict,,AURELIAN|QUINTILLUS
42_AURELIAN/side_a/Aurelian AD 270 AD 275549.jpg,db6a2c51e54befefa24a259a37cc5ba1da4a5c43389bf3c93ef86f35aae8688a,label_conflict,,AURELIAN|QUINTILLUS
41_QUINTILLUS/side_a/image00165 (1).jpg,bf98db5f3dd2c5782d3afb0e352f30919acff91c84b524add06542b577a11896,label_conflict,,AURELIAN|QUINTILLUS
42_AURELIAN/side_a/Aurelian AD 270 AD 275550.jpg,bf98db5f3dd2c5782d3afb0e352f30919acff91c84b524add06542b577a11896,label_conflict,,AURELIAN|QUINTILLUS
41_QUINTILLUS/side_a/image00232 (1).jpg,a76de0267cf07d9198310dcec011f49f72499a6a29eaffbe3c58e173b1debe80,label_conflict,,AURELIAN|QUINTILLUS
42_AURELIAN/side_a/Aurelian AD 270 AD 275383.jpg,a76de0267cf07d9198310dcec011f49f72499a6a29eaffbe3c58e173b1debe80,label_conflict,,AURELIAN|QUINTILLUS
41_QUINTILLUS/side_a/image00232 (2).jpg,94fbe40de7c694ae23a64343f7de002d2ba1f7d909bcf9e914aa0e6389c1de41,label_conflict,,AURELIAN|QUINTILLUS
42_AURELIAN/side_a/Aurelian AD 270 AD 275557.jpg,94fbe40de7c694ae23a64343f7de002d2ba1f7d909bcf9e914aa0e6389c1de41,label_conflict,,AURELIAN|QUINTILLUS
41_QUINTILLUS/side_a/image00233 (1).jpg,ee14d88f24a8f226116cbcd666aa9be6549757f2043cb7c4afa1d841a3bb8331,label_conflict,,AURELIAN|QUINTILLUS
42_AURELIAN/side_a/Aurelian AD 270 AD 275384.jpg,ee14d88f24a8f226116cbcd666aa9be6549757f2043cb7c4afa1d841a3bb8331,label_conflict,,AURELIAN|QUINTILLUS
41_QUINTILLUS/side_a/image00233 (2).jpg,f9fe40fb747bf8128457e017ea4523076414c9cfbd4dae32dfebd2fd91767f65,label_conflict,,AURELIAN|QUINTILLUS
42_AURELIAN/side_a/Aurelian AD 270 AD 275385.jpg,f9fe40fb747bf8128457e017ea4523076414c9cfbd4dae32dfebd2fd91767f65,label_conflict,,AURELIAN|QUINTILLUS
41_QUINTILLUS/side_a/image00235.jpg,34e6593479e8e86041d321a53f8319ee1d66558cae6653fada33ec0a34e2231a,label_conflict,,AURELIAN|QUINTILLUS
42_AURELIAN/side_a/Aurelian AD 270 AD 275123.jpg,34e6593479e8e86041d321a53f8319ee1d66558cae6653fada33ec0a34e2231a,label_conflict,,AURELIAN|QUINTILLUS
41_QUINTILLUS/side_a/image00245 (3).jpg,cf07b16c2a54ee3206c2d88d85795074f00d649a05f318260a2f48570def4e13,label_conflict,,AURELIAN|QUINTILLUS
42_AURELIAN/side_a/Aurelian AD 270 AD 275047.jpg,cf07b16c2a54ee3206c2d88d85795074f00d649a05f318260a2f48570def4e13,label_conflict,,AURELIAN|QUINTILLUS
41_QUINTILLUS/side_a/image00246 (1).jpg,cc8e2a21e38f546f493890dd8d03b4c8dc08770a77519b1f15e3ea8ac954ec6f,label_conflict,,AURELIAN|QUINTILLUS
42_AURELIAN/side_a/Aurelian AD 270 AD 275268.jpg,cc8e2a21e38f546f493890dd8d03b4c8dc08770a77519b1f15e3ea8ac954ec6f,label_conflict,,AURELIAN|QUINTILLUS
41_QUINTILLUS/side_a/image00247 (1).jpg,2cf3267a344b3081b06e5283bdaa8c42b801d84db54dd4a7587d73894e4a1803,label_conflict,,AURELIAN|QUINTILLUS
42_AURELIAN/side_a/Aurelian AD 270 AD 275059.jpg,2cf3267a344b3081b06e5283bdaa8c42b801d84db54dd4a7587d73894e4a1803,label_conflict,,AURELIAN|QUINTILLUS
41_QUINTILLUS/side_a/image00248.jpg,6f43408a27d44fbcee61a65736ba624a3f8cadf3d791662b3c2d7c81c137021d,label_conflict,,AURELIAN|QUINTILLUS
42_AURELIAN/side_a/Aurelian AD 270 AD 275060.jpg,6f43408a27d44fbcee61a65736ba624a3f8cadf3d791662b3c2d7c81c137021d,label_conflict,,AURELIAN|QUINTILLUS
41_QUINTILLUS/side_a/image00255.jpg,3290ea5e89b7da8cf571fa788f9747c5738f9c3e73971791a97e2ed3b8ff00b8,label_conflict,,AURELIAN|QUINTILLUS
42_AURELIAN/side_a/Aurelian AD 270 AD 275552.jpg,3290ea5e89b7da8cf571fa788f9747c5738f9c3e73971791a97e2ed3b8ff00b8,label_conflict,,AURELIAN|QUINTILLUS
41_QUINTILLUS/side_a/image00256 (2).jpg,aa60101604b0b96060063d343daf46b322666ac447320096efe2d5754660ff1f,label_conflict,,AURELIAN|QUINTILLUS
42_AURELIAN/side_a/Aurelian AD 270 AD 275553.jpg,aa60101604b0b96060063d343daf46b322666ac447320096efe2d5754660ff1f,label_conflict,,AURELIAN|QUINTILLUS
41_QUINTILLUS/side_a/image00261.jpg,c5cc14854a8a0e4d9b2f88e5c1e53ea97dcbb8fa855c16920fbd400ed4da8ee2,label_conflict,,AURELIAN|QUINTILLUS
42_AURELIAN/side_a/Aurelian AD 270 AD 275554.jpg,c5cc14854a8a0e4d9b2f88e5c1e53ea97dcbb8fa855c16920fbd400ed4da8ee2,label_conflict,,AURELIAN|QUINTILLUS
41_QUINTILLUS/side_a/image00262.jpg,5a7b30267e59151dafbe04782b6b83e9053660b3f5d9937a89f1b922f4bea007,label_conflict,,AURELIAN|QUINTILLUS
42_AURELIAN/side_a/Aurelian AD 270 AD 275119.jpg,5a7b30267e59151dafbe04782b6b83e9053660b3f5d9937a89f1b922f4bea007,label_conflict,,AURELIAN|QUINTILLUS
41_QUINTILLUS/side_a/image00269 (2).jpg,94d1249b17e23248ca26faeb5f370fe0acf4d2ff7e48fc679d7fcb3aa4890fde,label_conflict,,AURELIAN|QUINTILLUS
42_AURELIAN/side_a/Aurelian AD 270 AD 275120.jpg,94d1249b17e23248ca26faeb5f370fe0acf4d2ff7e48fc679d7fcb3aa4890fde,label_conflict,,AURELIAN|QUINTILLUS
41_QUINTILLUS/side_a/image00270 (3).jpg,d4f013a3a951a6630f647c5df206230da7532149b183fd6fbc8a0a8f0167d6fe,label_conflict,,AURELIAN|QUINTILLUS
42_AURELIAN/side_a/Aurelian AD 270 AD 275121.jpg,d4f013a3a951a6630f647c5df206230da7532149b183fd6fbc8a0a8f0167d6fe,label_conflict,,AURELIAN|QUINTILLUS
41_QUINTILLUS/side_a/image00275.jpg,ad1e1de65e4b89b492ba3be82017bfd80f4f47f67f19ad2591cd25eb24e03430,label_conflict,,AURELIAN|QUINTILLUS
42_AURELIAN/side_a/Aurelian AD 270 AD 275560.jpg,ad1e1de65e4b89b492ba3be82017bfd80f4f47f67f19ad2591cd25eb24e03430,label_conflict,,AURELIAN|QUINTILLUS
41_QUINTILLUS/side_a/image00276.jpg,e37b9909cad3418b8b88510908872ce29b9227f85a5cd83bc4c530dae98d364c,label_conflict,,AURELIAN|QUINTILLUS
42_AURELIAN/side_a/Aurelian AD 270 AD 275561.jpg,e37b9909cad3418b8b88510908872ce29b9227f85a5cd83bc4c530dae98d364c,label_conflict,,AURELIAN|QUINTILLUS
41_QUINTILLUS/side_a/image00277.jpg,35f6aba14246ea4041774bf9b1391cd05270e6e916f45206ec16beddf692e8ed,label_conflict,,AURELIAN|QUINTILLUS
42_AURELIAN/side_a/Aurelian AD 270 AD 275562.jpg,35f6aba14246ea4041774bf9b1391cd05270e6e916f45206ec16beddf692e8ed,label_conflict,,AURELIAN|QUINTILLUS
41_QUINTILLUS/side_a/image00278 (2).jpg,14fe81593dd2e8a41a6359718690cdb5480b3873884fe9c280f3d7105ffe10f6,label_conflict,,AURELIAN|QUINTILLUS
42_AURELIAN/side_a/Aurelian AD 270 AD 275563.jpg,14fe81593dd2e8a41a6359718690cdb5480b3873884fe9c280f3d7105ffe10f6,label_conflict,,AURELIAN|QUINTILLUS
41_QUINTILLUS/side_a/image00279.jpg,d0e589aa0fa35b0b1735bd2c9245cd793174ca0cfb8630e8c76be5c624cfb435,label_conflict,,AURELIAN|QUINTILLUS
42_AURELIAN/side_a/Aurelian AD 270 AD 275390.jpg,d0e589aa0fa35b0b1735bd2c9245cd793174ca0cfb8630e8c76be5c624cfb435,label_conflict,,AURELIAN|QUINTILLUS
41_QUINTILLUS/side_a/image00280.jpg,bef774bdf6dec0320b80b798bc251d5d4164ac89c49e200c764e8206ce412c66,label_conflict,,AURELIAN|QUINTILLUS
42_AURELIAN/side_a/Aurelian AD 270 AD 275274.jpg,bef774bdf6dec0320b80b798bc251d5d4164ac89c49e200c764e8206ce412c66,label_conflict,,AURELIAN|QUINTILLUS
41_QUINTILLUS/side_a/image00281.jpg,e10f04747d2008ea2171fbc3c040df1dcc215a266ae22f0e10fbb4ba57b36cc4,label_conflict,,AURELIAN|QUINTILLUS
42_AURELIAN/side_a/Aurelian AD 270 AD 275275.jpg,e10f04747d2008ea2171fbc3c040df1dcc215a266ae22f0e10fbb4ba57b36cc4,label_conflict,,AURELIAN|QUINTILLUS
41_QUINTILLUS/side_a/image00282 (1).jpg,d0b4dd46320b8cfe0ab52c16faa2d244200ec9ec702ff63f78eacc342d77cf95,label_conflict,,AURELIAN|QUINTILLUS
42_AURELIAN/side_a/Aurelian AD 270 AD 275124.jpg,d0b4dd46320b8cfe0ab52c16faa2d244200ec9ec702ff63f78eacc342d77cf95,label_conflict,,AURELIAN|QUINTILLUS
41_QUINTILLUS/side_a/image00282.jpg,b5d89ed620340c13d52d110cd7ddcad7967209c0893c56f427355c97a9236d64,label_conflict,,AURELIAN|QUINTILLUS
42_AURELIAN/side_a/Aurelian AD 270 AD 275271.jpg,b5d89ed620340c13d52d110cd7ddcad7967209c0893c56f427355c97a9236d64,label_conflict,,AURELIAN|QUINTILLUS
41_QUINTILLUS/side_a/image00283.jpg,224f667a7ae1bcd9affbb31100d1a5e9ac959106ffd96ad63e7df50676da53e6,label_conflict,,AURELIAN|QUINTILLUS
42_AURELIAN/side_a/Aurelian AD 270 AD 275125.jpg,224f667a7ae1bcd9affbb31100d1a5e9ac959106ffd96ad63e7df50676da53e6,label_conflict,,AURELIAN|QUINTILLUS
41_QUINTILLUS/side_a/image00284 (4).jpg,87de8d7b3170b6e0e1c01fd5ff77877f6734130a8652ab72cd75e09b72211170,label_conflict,,AURELIAN|QUINTILLUS
42_AURELIAN/side_a/Aurelian AD 270 AD 275126.jpg,87de8d7b3170b6e0e1c01fd5ff77877f6734130a8652ab72cd75e09b72211170,label_conflict,,AURELIAN|QUINTILLUS
41_QUINTILLUS/side_a/image00286 (1).jpg,a43484c7ca2e7475a6267b9857dc19522935db8426fdc94fa794486770211013,label_conflict,,AURELIAN|QUINTILLUS
42_AURELIAN/side_a/Aurelian AD 270 AD 275386.jpg,a43484c7ca2e7475a6267b9857dc19522935db8426fdc94fa794486770211013,label_conflict,,AURELIAN|QUINTILLUS
41_QUINTILLUS/side_a/image00288.jpg,aed61a7d652c48bfed9ac78b454b0f8eb15a5843d33a5c14ef068aae45ee88fe,label_conflict,,AURELIAN|QUINTILLUS
42_AURELIAN/side_a/Aurelian AD 270 AD 275400.jpg,aed61a7d652c48bfed9ac78b454b0f8eb15a5843d33a5c14ef068aae45ee88fe,label_conflict,,AURELIAN|QUINTILLUS
41_QUINTILLUS/side_a/image00289.jpg,b3a5417caf3423282c8a9eb1177827f778c5ff862e74ae2e6613bab4916dbfd5,label_conflict,,AURELIAN|QUINTILLUS
42_AURELIAN/side_a/Aurelian AD 270 AD 275134.jpg,b3a5417caf3423282c8a9eb1177827f778c5ff862e74ae2e6613bab4916dbfd5,label_conflict,,AURELIAN|QUINTILLUS
41_QUINTILLUS/side_a/image00290.jpg,112fe7e2d74783f295553726d56b2de904727fa9e7ae69bf6ab30acbfc0a546d,label_conflict,,AURELIAN|QUINTILLUS
42_AURELIAN/side_a/Aurelian AD 270 AD 275135.jpg,112fe7e2d74783f295553726d56b2de904727fa9e7ae69bf6ab30acbfc0a546d,label_conflict,,AURELIAN|QUINTILLUS
41_QUINTILLUS/side_a/image00291.jpg,2671e2709d6c11ce69418b01e6c1624b01e9350c020713c8160623bb22cb2188,label_conflict,,AURELIAN|QUINTILLUS
42_AURELIAN/side_a/Aurelian AD 270 AD 275136.jpg,2671e2709d6c11ce69418b01e6c1624b01e9350c020713c8160623bb22cb2188,label_conflict,,AURELIAN|QUINTILLUS
41_QUINTILLUS/side_a/image00292 (2).jpg,1f37efa6d894f5555e2bee78204176cc6c8294280b5109b04f8afd351df662b9,label_conflict,,AURELIAN|QUINTILLUS
42_AURELIAN/side_a/Aurelian AD 270 AD 275137.jpg,1f37efa6d894f5555e2bee78204176cc6c8294280b5109b04f8afd351df662b9,label_conflict,,AURELIAN|QUINTILLUS
41_QUINTILLUS/side_a/image00297 (1).jpg,94c8b775c7e15394bad051b1983a4397b0cc83e134d3faa45e1c7819b6e33aab,label_conflict,,AURELIAN|QUINTILLUS
42_AURELIAN/side_a/Aurelian AD 270 AD 275426.jpg,94c8b775c7e15394bad051b1983a4397b0cc83e134d3faa45e1c7819b6e33aab,label_conflict,,AURELIAN|QUINTILLUS
41_QUINTILLUS/side_a/image00299 (1).jpg,a9cc5ef06c7109c2fa8f090e74a6d1ba4c3a3bd64999741a4bbbb67b95e1ca6a,label_conflict,,AURELIAN|QUINTILLUS
42_AURELIAN/side_a/Aurelian AD 270 AD 275600.jpg,a9cc5ef06c7109c2fa8f090e74a6d1ba4c3a3bd64999741a4bbbb67b95e1ca6a,label_conflict,,AURELIAN|QUINTILLUS
41_QUINTILLUS/side_a/image00300 (2).jpg,e5771b89271273e8156e3c025b9af3d7605c4f76238d297150eeec492a47c3ad,label_conflict,,AURELIAN|QUINTILLUS
42_AURELIAN/side_a/Aurelian AD 270 AD 275265.jpg,e5771b89271273e8156e3c025b9af3d7605c4f76238d297150eeec492a47c3ad,label_conflict,,AURELIAN|QUINTILLUS
41_QUINTILLUS/side_a/image00315 (1).jpg,00acec27667ee2f31cdc63feb8614a7884eded54cb74d0281620e189c5255873,label_conflict,,AURELIAN|QUINTILLUS
42_AURELIAN/side_a/Aurelian AD 270 AD 275382.jpg,00acec27667ee2f31cdc63feb8614a7884eded54cb74d0281620e189c5255873,label_conflict,,AURELIAN|QUINTILLUS
41_QUINTILLUS/side_a/image00316.jpg,124e97928af849bdb609aedb4155585e113aeca435a4f87b4250b3e88035d059,label_conflict,,AURELIAN|QUINTILLUS
42_AURELIAN/side_a/Aurelian AD 270 AD 275555.jpg,124e97928af849bdb609aedb4155585e113aeca435a4f87b4250b3e88035d059,label_conflict,,AURELIAN|QUINTILLUS
41_QUINTILLUS/side_a/image00317 (1).jpg,9b3cdb066a84f63b613702dc0136ac6917dc9527d3a42260dedce1e6e4302620,label_conflict,,AURELIAN|QUINTILLUS
42_AURELIAN/side_a/Aurelian AD 270 AD 275556.jpg,9b3cdb066a84f63b613702dc0136ac6917dc9527d3a42260dedce1e6e4302620,label_conflict,,AURELIAN|QUINTILLUS
41_QUINTILLUS/side_a/image00323.jpg,df8ff615ed217923410d9e27980def7dce08b4809a54edc3f54358184be77130,label_conflict,,AURELIAN|QUINTILLUS
42_AURELIAN/side_a/Aurelian AD 270 AD 275536.jpg,df8ff615ed217923410d9e27980def7dce08b4809a54edc3f54358184be77130,label_conflict,,AURELIAN|QUINTILLUS
41_QUINTILLUS/side_a/image00324 (1).jpg,4a4999753e983f6dbb96d956ebc736c3ab69e5aee2224ec9e51562fe2b65f6c8,label_conflict,,AURELIAN|QUINTILLUS
42_AURELIAN/side_a/Aurelian AD 270 AD 275537.jpg,4a4999753e983f6dbb96d956ebc736c3ab69e5aee2224ec9e51562fe2b65f6c8,label_conflict,,AURELIAN|QUINTILLUS
41_QUINTILLUS/side_a/image00328 (1).jpg,d66a7c4f198ad08eeecc151312f593d3b22dcb4945d53b2a113154b13ce8189b,label_conflict,,AURELIAN|QUINTILLUS
42_AURELIAN/side_a/Aurelian AD 270 AD 275594.jpg,d66a7c4f198ad08eeecc151312f593d3b22dcb4945d53b2a113154b13ce8189b,label_conflict,,AURELIAN|QUINTILLUS
41_QUINTILLUS/side_a/image00328.jpg,768b4304cbfb86663398973f60b74cc20aa0ea407b6e2bfe71f276ad62520977,label_conflict,,AURELIAN|QUINTILLUS
42_AURELIAN/side_a/Aurelian AD 270 AD 275319.jpg,768b4304cbfb86663398973f60b74cc20aa0ea407b6e2bfe71f276ad62520977,label_conflict,,AURELIAN|QUINTILLUS
41_QUINTILLUS/side_a/image00344 (2).jpg,84ec95d1ce0ccaa5ce386f94581338ac634842e264544ceba6be4f668e93c3cb,label_conflict,,AURELIAN|QUINTILLUS
42_AURELIAN/side_a/Aurelian AD 270 AD 275463.jpg,84ec95d1ce0ccaa5ce386f94581338ac634842e264544ceba6be4f668e93c3cb,label_conflict,,AURELIAN|QUINTILLUS
41_QUINTILLUS/side_a/image00345.jpg,f68ee7b14cef6669f97462785e0ab33597dfbb8e45f3a1cac9d2bd1e5f150795,label_conflict,,AURELIAN|QUINTILLUS
42_AURELIAN/side_a/Aurelian AD 270 AD 275276.jpg,f68ee7b14cef6669f97462785e0ab33597dfbb8e45f3a1cac9d2bd1e5f150795,label_conflict,,AURELIAN|QUINTILLUS
41_QUINTILLUS/side_a/image00346 (1).jpg,cfc699b2186e5646f172b48e40420f45eb0100dbba49541ba291373991b8145e,label_conflict,,AURELIAN|QUINTILLUS
42_AURELIAN/side_a/Aurelian AD 270 AD 275451.jpg,cfc699b2186e5646f172b48e40420f45eb0100dbba49541ba291373991b8145e,label_conflict,,AURELIAN|QUINTILLUS
41_QUINTILLUS/side_a/image00346.jpg,e8372efb029243a5f59e59d58fd11272046a55d2c64a919e7b36cf157b4e8c08,label_conflict,,AURELIAN|QUINTILLUS
42_AURELIAN/side_a/Aurelian AD 270 AD 275392.jpg,e8372efb029243a5f59e59d58fd11272046a55d2c64a919e7b36cf157b4e8c08,label_conflict,,AURELIAN|QUINTILLUS
41_QUINTILLUS/side_a/image00347 (2).jpg,1aa670773bd42c64b58cd32e6fb056bbf39b36325eeb58ec20880578a395595a,label_conflict,,AURELIAN|QUINTILLUS
42_AURELIAN/side_a/Aurelian AD 270 AD 275564.jpg,1aa670773bd42c64b58cd32e6fb056bbf39b36325eeb58ec20880578a395595a,label_conflict,,AURELIAN|QUINTILLUS
41_QUINTILLUS/side_a/image00352.jpg,a6c9b4047acba75085963128c8ff304f69f69c23b6eedff8731ee2227fc5f7bb,label_conflict,,AURELIAN|QUINTILLUS
41_QUINTILLUS/side_a/image00433 (1).jpg,a6c9b4047acba75085963128c8ff304f69f69c23b6eedff8731ee2227fc5f7bb,label_conflict,,AURELIAN|QUINTILLUS
42_AURELIAN/side_a/Aurelian AD 270 AD 275401.jpg,a6c9b4047acba75085963128c8ff304f69f69c23b6eedff8731ee2227fc5f7bb,label_conflict,,AURELIAN|QUINTILLUS
42_AURELIAN/side_a/Aurelian AD 270 AD 275409.jpg,a6c9b4047acba75085963128c8ff304f69f69c23b6eedff8731ee2227fc5f7bb,label_conflict,,AURELIAN|QUINTILLUS
41_QUINTILLUS/side_a/image00356 (4).jpg,754ea4f79df2626868a6b66c8d7748f5d6ff0c7608ffce37bfbbb70f9395670a,label_conflict,,AURELIAN|QUINTILLUS
42_AURELIAN/side_a/Aurelian AD 270 AD 275596.jpg,754ea4f79df2626868a6b66c8d7748f5d6ff0c7608ffce37bfbbb70f9395670a,label_conflict,,AURELIAN|QUINTILLUS
41_QUINTILLUS/side_a/image00357 (2).jpg,1c2083438ab0941cc8247e0740e99274c80c81e8ff17d1757caafae711772b91,label_conflict,,AURELIAN|QUINTILLUS
42_AURELIAN/side_a/Aurelian AD 270 AD 275597.jpg,1c2083438ab0941cc8247e0740e99274c80c81e8ff17d1757caafae711772b91,label_conflict,,AURELIAN|QUINTILLUS
41_QUINTILLUS/side_a/image00360 (2).jpg,3bae103d50219d68bbd9d542c3242fc0d38698a7dc8d9335eef237fa8dd99c4b,label_conflict,,AURELIAN|QUINTILLUS
42_AURELIAN/side_a/Aurelian AD 270 AD 275406.jpg,3bae103d50219d68bbd9d542c3242fc0d38698a7dc8d9335eef237fa8dd99c4b,label_conflict,,AURELIAN|QUINTILLUS
41_QUINTILLUS/side_a/image00361 (1).jpg,0ee0da046b48aedb125c938ce6531d062b354d9ee5ea64d7964ce7cf447abdf9,label_conflict,,AURELIAN|QUINTILLUS
42_AURELIAN/side_a/Aurelian AD 270 AD 275092.jpg,0ee0da046b48aedb125c938ce6531d062b354d9ee5ea64d7964ce7cf447abdf9,label_conflict,,AURELIAN|QUINTILLUS
41_QUINTILLUS/side_a/image00361 (2).jpg,e2c8b0808d7406df4feabed508d6dc2e8d1d0f751777119e08f465356c5388e3,label_conflict,,AURELIAN|QUINTILLUS
42_AURELIAN/side_a/Aurelian AD 270 AD 275407.jpg,e2c8b0808d7406df4feabed508d6dc2e8d1d0f751777119e08f465356c5388e3,label_conflict,,AURELIAN|QUINTILLUS
41_QUINTILLUS/side_a/image00362.jpg,bdbf27b78b1eebec7f7fa6751382f1d398413d20150ca60def0013ed9389ad5f,label_conflict,,AURELIAN|QUINTILLUS
42_AURELIAN/side_a/Aurelian AD 270 AD 275408.jpg,bdbf27b78b1eebec7f7fa6751382f1d398413d20150ca60def0013ed9389ad5f,label_conflict,,AURELIAN|QUINTILLUS
41_QUINTILLUS/side_a/image00368.jpg,0ec11ace4668997a8c90a82064f3fe01d2706c93695e014893f6f42bb5a8db66,label_conflict,,AURELIAN|QUINTILLUS
42_AURELIAN/side_a/Aurelian AD 270 AD 275413.jpg,0ec11ace4668997a8c90a82064f3fe01d2706c93695e014893f6f42bb5a8db66,label_conflict,,AURELIAN|QUINTILLUS
41_QUINTILLUS/side_a/image00374 (3).jpg,a37f64d58dbc8010cc049ea3c125aca62dd7414e28e2e155b9ef298465e7c1c8,label_conflict,,AURELIAN|QUINTILLUS
42_AURELIAN/side_a/Aurelian AD 270 AD 275580.jpg,a37f64d58dbc8010cc049ea3c125aca62dd7414e28e2e155b9ef298465e7c1c8,label_conflict,,AURELIAN|QUINTILLUS
41_QUINTILLUS/side_a/image00375 (1).jpg,194db280611ede1b2b678b841dbe009710929ea24df52abd47fe168db7d5a8e1,label_conflict,,AURELIAN|QUINTILLUS
42_AURELIAN/side_a/Aurelian AD 270 AD 275236.jpg,194db280611ede1b2b678b841dbe009710929ea24df52abd47fe168db7d5a8e1,label_conflict,,AURELIAN|QUINTILLUS
41_QUINTILLUS/side_a/image00377 (1).jpg,881f64413fef1adadb3ee10b9f2562d5e5b9c23a83bcfbcc2e7e3bb6b21a6b7c,label_conflict,,AURELIAN|QUINTILLUS
42_AURELIAN/side_a/Aurelian AD 270 AD 275579.jpg,881f64413fef1adadb3ee10b9f2562d5e5b9c23a83bcfbcc2e7e3bb6b21a6b7c,label_conflict,,AURELIAN|QUINTILLUS
41_QUINTILLUS/side_a/image00397 (2).jpg,0afe9e0249c056582964ad0e23860481aa18e026dc3d62981337c559d1272130,label_conflict,,AURELIAN|QUINTILLUS
42_AURELIAN/side_a/Aurelian AD 270 AD 275127.jpg,0afe9e0249c056582964ad0e23860481aa18e026dc3d62981337c559d1272130,label_conflict,,AURELIAN|QUINTILLUS
41_QUINTILLUS/side_a/image00405 (3).jpg,e639d2b8c768a0e3550da270dd0d4e91f0de30a748bd999ffc6f60f35be22f4f,label_conflict,,AURELIAN|QUINTILLUS
42_AURELIAN/side_a/Aurelian AD 270 AD 275462.jpg,e639d2b8c768a0e3550da270dd0d4e91f0de30a748bd999ffc6f60f35be22f4f,label_conflict,,AURELIAN|QUINTILLUS
41_QUINTILLUS/side_a/image00405 (5).jpg,998f314b33a4a71fa5516f2b899fc30c1b2c2959f0647c953c910765612ef92b,label_conflict,,AURELIAN|QUINTILLUS
42_AURELIAN/side_a/Aurelian AD 270 AD 275389.jpg,998f314b33a4a71fa5516f2b899fc30c1b2c2959f0647c953c910765612ef92b,label_conflict,,AURELIAN|QUINTILLUS
41_QUINTILLUS/side_a/image00406 (1).jpg,8787a216bb5aacdbeb3aa49045c7502fd7b5e2fc8b39cea369d6a096a5632c27,label_conflict,,AURELIAN|QUINTILLUS
42_AURELIAN/side_a/Aurelian AD 270 AD 275273.jpg,8787a216bb5aacdbeb3aa49045c7502fd7b5e2fc8b39cea369d6a096a5632c27,label_conflict,,AURELIAN|QUINTILLUS
41_QUINTILLUS/side_a/image00412 (1).jpg,b3e1bb7e45289dce5862d6000f92aec24c9339ea3915daea169489ff7b0fe86c,label_conflict,,AURELIAN|QUINTILLUS
42_AURELIAN/side_a/Aurelian AD 270 AD 275290.jpg,b3e1bb7e45289dce5862d6000f92aec24c9339ea3915daea169489ff7b0fe86c,label_conflict,,AURELIAN|QUINTILLUS
41_QUINTILLUS/side_a/image00413 (1).jpg,98013e8e60a1819e58032deb370c5d2e30ed0ecaaf759e9c63c82b56f0d5d9b3,label_conflict,,AURELIAN|QUINTILLUS
42_AURELIAN/side_a/Aurelian AD 270 AD 275595.jpg,98013e8e60a1819e58032deb370c5d2e30ed0ecaaf759e9c63c82b56f0d5d9b3,label_conflict,,AURELIAN|QUINTILLUS
41_QUINTILLUS/side_a/image00413.jpg,a34a078e6e2ef34d6950d4c2004014f44d8a7e7d01c12ff69ece2326a9288ffa,label_conflict,,AURELIAN|QUINTILLUS
42_AURELIAN/side_a/Aurelian AD 270 AD 275559.jpg,a34a078e6e2ef34d6950d4c2004014f44d8a7e7d01c12ff69ece2326a9288ffa,label_conflict,,AURELIAN|QUINTILLUS
41_QUINTILLUS/side_a/image00414 (3).jpg,2ff783ac2f4a028cfe72c80a180d5e301b4cf203912a6a22fb042e6612a46005,label_conflict,,AURELIAN|QUINTILLUS
42_AURELIAN/side_a/Aurelian AD 270 AD 275272.jpg,2ff783ac2f4a028cfe72c80a180d5e301b4cf203912a6a22fb042e6612a46005,label_conflict,,AURELIAN|QUINTILLUS
41_QUINTILLUS/side_a/image00414 (4).jpg,7e5058be30f3790ceeef39e859b4fdb55eb7d7624405a9729ede9d0c98b15f67,label_conflict,,AURELIAN|QUINTILLUS
42_AURELIAN/side_a/Aurelian AD 270 AD 275410.jpg,7e5058be30f3790ceeef39e859b4fdb55eb7d7624405a9729ede9d0c98b15f67,label_conflict,,AURELIAN|QUINTILLUS
41_QUINTILLUS/side_a/image00417 (4).jpg,a3db18a3ec415d962ad9b976827925dfcc6dd6eb39bde362b9345599c08ea41d,label_conflict,,AURELIAN|QUINTILLUS
42_AURELIAN/side_a/Aurelian AD 270 AD 275592.jpg,a3db18a3ec415d962ad9b976827925dfcc6dd6eb39bde362b9345599c08ea41d,label_conflict,,AURELIAN|QUINTILLUS
41_QUINTILLUS/side_a/image00418 (5).jpg,f8eefd343ae2e92d5a032f017d4e73beb85ccdbcd37547665530d2015c7be536,label_conflict,,AURELIAN|QUINTILLUS
42_AURELIAN/side_a/Aurelian AD 270 AD 275593.jpg,f8eefd343ae2e92d5a032f017d4e73beb85ccdbcd37547665530d2015c7be536,label_conflict,,AURELIAN|QUINTILLUS
41_QUINTILLUS/side_a/image00419 (4).jpg,d9394480cac7b318bf74dbb792513cb32d8b8a940955a10e641549e0a53100fe,label_conflict,,AURELIAN|QUINTILLUS
42_AURELIAN/side_a/Aurelian AD 270 AD 275415.jpg,d9394480cac7b318bf74dbb792513cb32d8b8a940955a10e641549e0a53100fe,label_conflict,,AURELIAN|QUINTILLUS
41_QUINTILLUS/side_a/image00420 (4).jpg,635ddee908794602be99cd82615ce88cb28e94f7650ab49d6b62387d3f8f9fce,label_conflict,,AURELIAN|QUINTILLUS
42_AURELIAN/side_a/Aurelian AD 270 AD 275416.jpg,635ddee908794602be99cd82615ce88cb28e94f7650ab49d6b62387d3f8f9fce,label_conflict,,AURELIAN|QUINTILLUS
41_QUINTILLUS/side_a/image00431 (1).jpg,61d8a60e07ff0c8558fa284ed97e4673fdedd3e8d6b1abe1cdc2d46c995f5d2f,label_conflict,,AURELIAN|QUINTILLUS
42_AURELIAN/side_a/Aurelian AD 270 AD 275581.jpg,61d8a60e07ff0c8558fa284ed97e4673fdedd3e8d6b1abe1cdc2d46c995f5d2f,label_conflict,,AURELIAN|QUINTILLUS
41_QUINTILLUS/side_a/image00432 (2).jpg,7a1fe8078e9f5a6c9e4d977cf5a2ab37a85111ca622323bcb4e4ced0ebb5926c,label_conflict,,AURELIAN|QUINTILLUS
42_AURELIAN/side_a/Aurelian AD 270 AD 275582.jpg,7a1fe8078e9f5a6c9e4d977cf5a2ab37a85111ca622323bcb4e4ced0ebb5926c,label_conflict,,AURELIAN|QUINTILLUS
41_QUINTILLUS/side_a/image00434 (2).jpg,f4d25bdef413af918d5f41c30b7e74582a1a94be370663dc7b99bdef794b25a8,label_conflict,,AURELIAN|QUINTILLUS
42_AURELIAN/side_a/Aurelian AD 270 AD 275402.jpg,f4d25bdef413af918d5f41c30b7e74582a1a94be370663dc7b99bdef794b25a8,label_conflict,,AURELIAN|QUINTILLUS
41_QUINTILLUS/side_a/image00435 (3).jpg,39cf6eaf715b1e52a0473368ee5983ad7accb8b6fcc21f954f802700f453b0a1,label_conflict,,AURELIAN|QUINTILLUS
42_AURELIAN/side_a/Aurelian AD 270 AD 275403.jpg,39cf6eaf715b1e52a0473368ee5983ad7accb8b6fcc21f954f802700f453b0a1,label_conflict,,AURELIAN|QUINTILLUS
41_QUINTILLUS/side_a/image00438 (1).jpg,a245cf072dc69e3b56d373124587673ac50bd11e72509e5806d36174ee847135,label_conflict,,AURELIAN|QUINTILLUS
42_AURELIAN/side_a/Aurelian AD 270 AD 275291.jpg,a245cf072dc69e3b56d373124587673ac50bd11e72509e5806d36174ee847135,label_conflict,,AURELIAN|QUINTILLUS
41_QUINTILLUS/side_a/image00445.jpg,6a67ed0038c5ebc54fd65e968a103e5234ddde073f5115ddbbbc22fed1c6296f,label_conflict,,AURELIAN|QUINTILLUS
42_AURELIAN/side_a/Aurelian AD 270 AD 275146.jpg,6a67ed0038c5ebc54fd65e968a103e5234ddde073f5115ddbbbc22fed1c6296f,label_conflict,,AURELIAN|QUINTILLUS
41_QUINTILLUS/side_a/image00446.jpg,c859b14c086e5a4521d88dbb6a36f69ce40c6891981db60d3ef49132b77f702d,label_conflict,,AURELIAN|QUINTILLUS
42_AURELIAN/side_a/Aurelian AD 270 AD 275305.jpg,c859b14c086e5a4521d88dbb6a36f69ce40c6891981db60d3ef49132b77f702d,label_conflict,,AURELIAN|QUINTILLUS
41_QUINTILLUS/side_a/image00449 (1).jpg,c48e139198a510607066e32560e2e238099473cf4ecfe8785852cd9770a5d887,label_conflict,,AURELIAN|QUINTILLUS
42_AURELIAN/side_a/Aurelian AD 270 AD 275538.jpg,c48e139198a510607066e32560e2e238099473cf4ecfe8785852cd9770a5d887,label_conflict,,AURELIAN|QUINTILLUS
41_QUINTILLUS/side_a/image00449 (2).jpg,7ad95bfa5f790b6bc78b61459106663c982df8164aceb13ca72585cfa8a9de33,label_conflict,,AURELIAN|QUINTILLUS
42_AURELIAN/side_a/Aurelian AD 270 AD 275128.jpg,7ad95bfa5f790b6bc78b61459106663c982df8164aceb13ca72585cfa8a9de33,label_conflict,,AURELIAN|QUINTILLUS
41_QUINTILLUS/side_a/image00450.jpg,097e6880d1cd32563eba4b67a9bc855dfd23c9aea269a6eb77ec2b673e300243,label_conflict,,AURELIAN|QUINTILLUS
42_AURELIAN/side_a/Aurelian AD 270 AD 275216.jpg,097e6880d1cd32563eba4b67a9bc855dfd23c9aea269a6eb77ec2b673e300243,label_conflict,,AURELIAN|QUINTILLUS
41_QUINTILLUS/side_a/image00453 (3).jpg,a3149addb015bbb2faf70ad3021b22849c7086c2c865e2f3c7e90e52ed73a69e,label_conflict,,AURELIAN|QUINTILLUS
42_AURELIAN/side_a/Aurelian AD 270 AD 275354.jpg,a3149addb015bbb2faf70ad3021b22849c7086c2c865e2f3c7e90e52ed73a69e,label_conflict,,AURELIAN|QUINTILLUS
41_QUINTILLUS/side_a/image00457 (1).jpg,1812bdf39edd15e480eb4a518c213b1627d8c1298708192c8be7b6b9badb3bfc,label_conflict,,AURELIAN|QUINTILLUS
42_AURELIAN/side_a/Aurelian AD 270 AD 275411.jpg,1812bdf39edd15e480eb4a518c213b1627d8c1298708192c8be7b6b9badb3bfc,label_conflict,,AURELIAN|QUINTILLUS
41_QUINTILLUS/side_a/image00462 (1).jpg,38dc0f31c4934c633b4facd02184462aa618d2b9291d4a6ea54db79fcab20931,label_conflict,,AURELIAN|QUINTILLUS
42_AURELIAN/side_a/Aurelian AD 270 AD 275147.jpg,38dc0f31c4934c633b4facd02184462aa618d2b9291d4a6ea54db79fcab20931,label_conflict,,AURELIAN|QUINTILLUS
41_QUINTILLUS/side_a/image00462.jpg,c806e1ed8062f82a4fb277046eb8a0e6f7b2506d0e8551c137f08481f900c978,label_conflict,,AURELIAN|QUINTILLUS
42_AURELIAN/side_a/Aurelian AD 270 AD 275464.jpg,c806e1ed8062f82a4fb277046eb8a0e6f7b2506d0e8551c137f08481f900c978,label_conflict,,AURELIAN|QUINTILLUS
41_QUINTILLUS/side_a/image00463 (1).jpg,f9ff1c11e51d2f247c93e30bb6f0cf6c570e7f6923c93dc2244d4e60982f3037,label_conflict,,AURELIAN|QUINTILLUS
42_AURELIAN/side_a/Aurelian AD 270 AD 275122.jpg,f9ff1c11e51d2f247c93e30bb6f0cf6c570e7f6923c93dc2244d4e60982f3037,label_conflict,,AURELIAN|QUINTILLUS
41_QUINTILLUS/side_a/image00464 (2).jpg,263e7925ef34bc0f777169e918f9c0baceace8f88926f29785b7635d7d936626,label_conflict,,AURELIAN|QUINTILLUS
42_AURELIAN/side_a/Aurelian AD 270 AD 275145.jpg,263e7925ef34bc0f777169e918f9c0baceace8f88926f29785b7635d7d936626,label_conflict,,AURELIAN|QUINTILLUS
41_QUINTILLUS/side_a/image00469 (4).jpg,d674e400f029302f9c3ee23cdf388339bae656af74a6e9c3b6e7dc146b8e972a,label_conflict,,AURELIAN|QUINTILLUS
42_AURELIAN/side_a/Aurelian AD 270 AD 275387.jpg,d674e400f029302f9c3ee23cdf388339bae656af74a6e9c3b6e7dc146b8e972a,label_conflict,,AURELIAN|QUINTILLUS
41_QUINTILLUS/side_a/image00470 (3).jpg,fe993a564a5197b4d9e484610c12dee0ac456fda1edb473f4a5f1d202adfb6fd,label_conflict,,AURELIAN|QUINTILLUS
42_AURELIAN/side_a/Aurelian AD 270 AD 275558.jpg,fe993a564a5197b4d9e484610c12dee0ac456fda1edb473f4a5f1d202adfb6fd,label_conflict,,AURELIAN|QUINTILLUS
41_QUINTILLUS/side_a/image00470 (4).jpg,ea80432b7eb77ffda89b681d876dfb5ba7237f7e978fb9c8a8abd8ffa9309e04,label_conflict,,AURELIAN|QUINTILLUS
42_AURELIAN/side_a/Aurelian AD 270 AD 275565.jpg,ea80432b7eb77ffda89b681d876dfb5ba7237f7e978fb9c8a8abd8ffa9309e04,label_conflict,,AURELIAN|QUINTILLUS
41_QUINTILLUS/side_a/image00471 (2).jpg,f7f50d4cd23617d5153b3a3647847c1c936ddab98073f5936219669549ce79c3,label_conflict,,AURELIAN|QUINTILLUS
42_AURELIAN/side_a/Aurelian AD 270 AD 275566.jpg,f7f50d4cd23617d5153b3a3647847c1c936ddab98073f5936219669549ce79c3,label_conflict,,AURELIAN|QUINTILLUS
41_QUINTILLUS/side_a/image00472 (3).jpg,f0346b3bfe92af7d2aa3c773d790c0c8b548cbe3d83ffbe27dff1d242d5db822,label_conflict,,AURELIAN|QUINTILLUS
42_AURELIAN/side_a/Aurelian AD 270 AD 275388.jpg,f0346b3bfe92af7d2aa3c773d790c0c8b548cbe3d83ffbe27dff1d242d5db822,label_conflict,,AURELIAN|QUINTILLUS
41_QUINTILLUS/side_a/image00472 (4).jpg,e637013d563f0d69ff8fabfdc210a18503bb414c2c9cccb9ebc817905042fd77,label_conflict,,AURELIAN|QUINTILLUS
42_AURELIAN/side_a/Aurelian AD 270 AD 275391.jpg,e637013d563f0d69ff8fabfdc210a18503bb414c2c9cccb9ebc817905042fd77,label_conflict,,AURELIAN|QUINTILLUS
41_QUINTILLUS/side_a/image00474.jpg,21891181cdb25dba45f20c6a66b0f466c1eb49c59e6003bfc35d12b87baf734f,label_conflict,,AURELIAN|QUINTILLUS
42_AURELIAN/side_a/Aurelian AD 270 AD 275487.jpg,21891181cdb25dba45f20c6a66b0f466c1eb49c59e6003bfc35d12b87baf734f,label_conflict,,AURELIAN|QUINTILLUS
41_QUINTILLUS/side_a/image00477 (3).jpg,611b1eac185df720a03d97e523285bce9c481ad851a342f4c17ad6a4dbcac8f1,label_conflict,,AURELIAN|QUINTILLUS
42_AURELIAN/side_a/Aurelian AD 270 AD 275277.jpg,611b1eac185df720a03d97e523285bce9c481ad851a342f4c17ad6a4dbcac8f1,label_conflict,,AURELIAN|QUINTILLUS
41_QUINTILLUS/side_a/image00486 (4).jpg,a28b21853dcefa4f6056075f64325de153756b337dbbfaad8cca21e35281b1ac,label_conflict,,AURELIAN|QUINTILLUS
42_AURELIAN/side_a/Aurelian AD 270 AD 275535.jpg,a28b21853dcefa4f6056075f64325de153756b337dbbfaad8cca21e35281b1ac,label_conflict,,AURELIAN|QUINTILLUS
41_QUINTILLUS/side_a/image00488 (4).jpg,2a8e61682aa88eca46e15ac3fba67b1a0b6513de43aa5dcec609975ec316ed61,label_conflict,,AURELIAN|QUINTILLUS
42_AURELIAN/side_a/Aurelian AD 270 AD 275091.jpg,2a8e61682aa88eca46e15ac3fba67b1a0b6513de43aa5dcec609975ec316ed61,label_conflict,,AURELIAN|QUINTILLUS
41_QUINTILLUS/side_a/image00489 (3).jpg,1756ae4baec668fd9b0f3760b4b700a33827f0727f13d769125429cfa877c099,label_conflict,,AURELIAN|QUINTILLUS
42_AURELIAN/side_a/Aurelian AD 270 AD 275039.jpg,1756ae4baec668fd9b0f3760b4b700a33827f0727f13d769125429cfa877c099,label_conflict,,AURELIAN|QUINTILLUS
41_QUINTILLUS/side_a/image00491 (2).jpg,ca12245bef5448478ee1251f5f0bca8119b70016bafc891f0ac4a2dac1ee58fa,label_conflict,,AURELIAN|QUINTILLUS
42_AURELIAN/side_a/Aurelian AD 270 AD 275393.jpg,ca12245bef5448478ee1251f5f0bca8119b70016bafc891f0ac4a2dac1ee58fa,label_conflict,,AURELIAN|QUINTILLUS
41_QUINTILLUS/side_a/image00492 (3).jpg,a984d23616d6fba725f8266ea3fbc8b55452865110f4bc685542b46eba9efa2d,label_conflict,,AURELIAN|QUINTILLUS
42_AURELIAN/side_a/Aurelian AD 270 AD 275567.jpg,a984d23616d6fba725f8266ea3fbc8b55452865110f4bc685542b46eba9efa2d,label_conflict,,AURELIAN|QUINTILLUS
41_QUINTILLUS/side_a/image00493 (2).jpg,e992ff63c48965acbaaf74421d22f0eda21e83018b45d76d7da2e726e36038f5,label_conflict,,AURELIAN|QUINTILLUS
42_AURELIAN/side_a/Aurelian AD 270 AD 275394.jpg,e992ff63c48965acbaaf74421d22f0eda21e83018b45d76d7da2e726e36038f5,label_conflict,,AURELIAN|QUINTILLUS
41_QUINTILLUS/side_a/image00494 (1).jpg,4ca66f7430a95a1f6f5f0f8866c96f09b03859e29bbcd83030f70d1a09e718ff,label_conflict,,AURELIAN|QUINTILLUS
42_AURELIAN/side_a/Aurelian AD 270 AD 275395.jpg,4ca66f7430a95a1f6f5f0f8866c96f09b03859e29bbcd83030f70d1a09e718ff,label_conflict,,AURELIAN|QUINTILLUS
41_QUINTILLUS/side_a/image00495 (3).jpg,2d4b944a14d3e1c88245bfec5992f33737167ec21c71c2305f9d5901a0f66003,label_conflict,,AURELIAN|QUINTILLUS
42_AURELIAN/side_a/Aurelian AD 270 AD 275568.jpg,2d4b944a14d3e1c88245bfec5992f33737167ec21c71c2305f9d5901a0f66003,label_conflict,,AURELIAN|QUINTILLUS
41_QUINTILLUS/side_a/image00496 (4).jpg,103733c880ce1f755ad62eb4f548db0da0433e2c4659ec6260ddeb3a6b293f88,label_conflict,,AURELIAN|QUINTILLUS
42_AURELIAN/side_a/Aurelian AD 270 AD 275278.jpg,103733c880ce1f755ad62eb4f548db0da0433e2c4659ec6260ddeb3a6b293f88,label_conflict,,AURELIAN|QUINTILLUS
41_QUINTILLUS/side_a/image00497 (2).jpg,2f36e8ff345165374e71c5201956891033cc90d2429e3877393d54f1f2c0a4a8,label_conflict,,AURELIAN|QUINTILLUS
42_AURELIAN/side_a/Aurelian AD 270 AD 275569.jpg,2f36e8ff345165374e71c5201956891033cc90d2429e3877393d54f1f2c0a4a8,label_conflict,,AURELIAN|QUINTILLUS
41_QUINTILLUS/side_a/image00498 (3).jpg,86e1e1113d8f4b99fd834008fae446b4770a8d6d378c35ddfb80499dc3776113,label_conflict,,AURELIAN|QUINTILLUS
42_AURELIAN/side_a/Aurelian AD 270 AD 275279.jpg,86e1e1113d8f4b99fd834008fae446b4770a8d6d378c35ddfb80499dc3776113,label_conflict,,AURELIAN|QUINTILLUS
41_QUINTILLUS/side_a/image00499 (5).jpg,c9dcdb77e7bdbad8792f81e2ceb438e1808a4bd4b98d9d605d127ad8c6c1f82a,label_conflict,,AURELIAN|QUINTILLUS
42_AURELIAN/side_a/Aurelian AD 270 AD 275011.jpg,c9dcdb77e7bdbad8792f81e2ceb438e1808a4bd4b98d9d605d127ad8c6c1f82a,label_conflict,,AURELIAN|QUINTILLUS
41_QUINTILLUS/side_a/image00499 (8).jpg,cc691164d8f98f34917c77351e182cc00422f48b62c10e7aa62cfd7965eb7996,label_conflict,,AURELIAN|QUINTILLUS
42_AURELIAN/side_a/Aurelian AD 270 AD 275280.jpg,cc691164d8f98f34917c77351e182cc00422f48b62c10e7aa62cfd7965eb7996,label_conflict,,AURELIAN|QUINTILLUS
41_QUINTILLUS/side_a/image00500 (3).jpg,f074dbbebed9200ab83e48880d8d4029c77512641515014b6114bf2a5e7ff948,label_conflict,,AURELIAN|QUINTILLUS
42_AURELIAN/side_a/Aurelian AD 270 AD 275570.jpg,f074dbbebed9200ab83e48880d8d4029c77512641515014b6114bf2a5e7ff948,label_conflict,,AURELIAN|QUINTILLUS
41_QUINTILLUS/side_a/image00501 (4).jpg,d9386df25afad7af480e2275b2f2c9277624addfe8bc98e4aa8a712927005509,label_conflict,,AURELIAN|QUINTILLUS
42_AURELIAN/side_a/Aurelian AD 270 AD 275281.jpg,d9386df25afad7af480e2275b2f2c9277624addfe8bc98e4aa8a712927005509,label_conflict,,AURELIAN|QUINTILLUS
41_QUINTILLUS/side_a/image00502 (6).jpg,a4e3d81238f12726686eaa0695a13b9a9001fb14ac16ce3930c63620a4c6c2cb,label_conflict,,AURELIAN|QUINTILLUS
42_AURELIAN/side_a/Aurelian AD 270 AD 275571.jpg,a4e3d81238f12726686eaa0695a13b9a9001fb14ac16ce3930c63620a4c6c2cb,label_conflict,,AURELIAN|QUINTILLUS
41_QUINTILLUS/side_a/image00503 (4).jpg,f26f1d651ae41bd53f7154110edd49c8198a37526c1986f369dcb26c3c0c621c,label_conflict,,AURELIAN|QUINTILLUS
42_AURELIAN/side_a/Aurelian AD 270 AD 275282.jpg,f26f1d651ae41bd53f7154110edd49c8198a37526c1986f369dcb26c3c0c621c,label_conflict,,AURELIAN|QUINTILLUS
41_QUINTILLUS/side_a/image00504 (2).jpg,10bcce5de423c7d59e217f695a48a4e6b5043b2f204624f5b31fbd0de14a9919,label_conflict,,AURELIAN|QUINTILLUS
42_AURELIAN/side_a/Aurelian AD 270 AD 275283.jpg,10bcce5de423c7d59e217f695a48a4e6b5043b2f204624f5b31fbd0de14a9919,label_conflict,,AURELIAN|QUINTILLUS
41_QUINTILLUS/side_a/image00505 (3).jpg,1e69f63951402a54e0fad9643bac0d4e89618b3ab17f482cabc46c15dcd3e33a,label_conflict,,AURELIAN|QUINTILLUS
42_AURELIAN/side_a/Aurelian AD 270 AD 275129.jpg,1e69f63951402a54e0fad9643bac0d4e89618b3ab17f482cabc46c15dcd3e33a,label_conflict,,AURELIAN|QUINTILLUS
41_QUINTILLUS/side_a/image00506 (5).jpg,c2ac161b09178754a869217eeb02bdb4dfe9b1520be603fad0a6b185ad41616f,label_conflict,,AURELIAN|QUINTILLUS
42_AURELIAN/side_a/Aurelian AD 270 AD 275572.jpg,c2ac161b09178754a869217eeb02bdb4dfe9b1520be603fad0a6b185ad41616f,label_conflict,,AURELIAN|QUINTILLUS
41_QUINTILLUS/side_a/image00507 (5).jpg,18904bfe04946a60b89c30e8abab281f23bcc6144ff67bb9eb106ade482390ce,label_conflict,,AURELIAN|QUINTILLUS
42_AURELIAN/side_a/Aurelian AD 270 AD 275573.jpg,18904bfe04946a60b89c30e8abab281f23bcc6144ff67bb9eb106ade482390ce,label_conflict,,AURELIAN|QUINTILLUS
41_QUINTILLUS/side_a/image00508 (4).jpg,6b9ecbc9e525b002d9360dfa9dcf36cce004330c7fc94b48012a2744847317be,label_conflict,,AURELIAN|QUINTILLUS
42_AURELIAN/side_a/Aurelian AD 270 AD 275130.jpg,6b9ecbc9e525b002d9360dfa9dcf36cce004330c7fc94b48012a2744847317be,label_conflict,,AURELIAN|QUINTILLUS
41_QUINTILLUS/side_a/image00509 (4).jpg,bbbfa58622197d2cb6292f4535bf0d2505ace08791e516a8043c8c3f816c81f3,label_conflict,,AURELIAN|QUINTILLUS
42_AURELIAN/side_a/Aurelian AD 270 AD 275131.jpg,bbbfa58622197d2cb6292f4535bf0d2505ace08791e516a8043c8c3f816c81f3,label_conflict,,AURELIAN|QUINTILLUS
41_QUINTILLUS/side_a/image00510 (5).jpg,34bc5ee1d2fe3c1686bc8b6bbfe117a5e02632a1a51eb7689bb4de0bd0ad495c,label_conflict,,AURELIAN|QUINTILLUS
42_AURELIAN/side_a/Aurelian AD 270 AD 275284.jpg,34bc5ee1d2fe3c1686bc8b6bbfe117a5e02632a1a51eb7689bb4de0bd0ad495c,label_conflict,,AURELIAN|QUINTILLUS
41_QUINTILLUS/side_a/image00511 (6).jpg,384c8f7cbe875691305fc72cfe4f80e4ba678f59f89dc022bba8eb0600725128,label_conflict,,AURELIAN|QUINTILLUS
42_AURELIAN/side_a/Aurelian AD 270 AD 275328.jpg,384c8f7cbe875691305fc72cfe4f80e4ba678f59f89dc022bba8eb0600725128,label_conflict,,AURELIAN|QUINTILLUS
41_QUINTILLUS/side_a/image00511 (7).jpg,c9041046492be667fa001cf44b8ccdda3a62644eab2fc1ce40424a133ba75fe2,label_conflict,,AURELIAN|QUINTILLUS
42_AURELIAN/side_a/Aurelian AD 270 AD 275285.jpg,c9041046492be667fa001cf44b8ccdda3a62644eab2fc1ce40424a133ba75fe2,label_conflict,,AURELIAN|QUINTILLUS
41_QUINTILLUS/side_a/image00512 (5).jpg,bbd2b4960b98ac36662fbee800bd86e7d41ef77aa3567a166432a76710615fe2,label_conflict,,AURELIAN|QUINTILLUS
42_AURELIAN/side_a/Aurelian AD 270 AD 275574.jpg,bbd2b4960b98ac36662fbee800bd86e7d41ef77aa3567a166432a76710615fe2,label_conflict,,AURELIAN|QUINTILLUS
41_QUINTILLUS/side_a/image00513 (4).jpg,9464b2e62dc0b8b960b2709f35bc19f5f45457a18ccdc50c463b6e80a1324d0c,label_conflict,,AURELIAN|QUINTILLUS
42_AURELIAN/side_a/Aurelian AD 270 AD 275286.jpg,9464b2e62dc0b8b960b2709f35bc19f5f45457a18ccdc50c463b6e80a1324d0c,label_conflict,,AURELIAN|QUINTILLUS
41_QUINTILLUS/side_a/image00514 (3).jpg,5e6cdf665d7c45a32316054163a71153373991faea9ae09d9355ac2ac2c67e3c,label_conflict,,AURELIAN|QUINTILLUS
42_AURELIAN/side_a/Aurelian AD 270 AD 275132.jpg,5e6cdf665d7c45a32316054163a71153373991faea9ae09d9355ac2ac2c67e3c,label_conflict,,AURELIAN|QUINTILLUS
41_QUINTILLUS/side_a/image00515 (3).jpg,8dcf4ea7d4e804b84db43bd4895e8d0a911ef54ebb9dbb894eed5750a85a3731,label_conflict,,AURELIAN|QUINTILLUS
42_AURELIAN/side_a/Aurelian AD 270 AD 275396.jpg,8dcf4ea7d4e804b84db43bd4895e8d0a911ef54ebb9dbb894eed5750a85a3731,label_conflict,,AURELIAN|QUINTILLUS
41_QUINTILLUS/side_a/image00518 (2).jpg,1d3a5fcc1801b800108cf507926a9e00fde0c09d6cb2136f9b098a07c5619bc8,label_conflict,,AURELIAN|QUINTILLUS
42_AURELIAN/side_a/Aurelian AD 270 AD 275414.jpg,1d3a5fcc1801b800108cf507926a9e00fde0c09d6cb2136f9b098a07c5619bc8,label_conflict,,AURELIAN|QUINTILLUS
41_QUINTILLUS/side_a/image00519 (3).jpg,1b3239ad4e2fe45731104f78399c9e3cd2d0be755a856511f856a004b50fde2d,label_conflict,,AURELIAN|QUINTILLUS
42_AURELIAN/side_a/Aurelian AD 270 AD 275219.jpg,1b3239ad4e2fe45731104f78399c9e3cd2d0be755a856511f856a004b50fde2d,label_conflict,,AURELIAN|QUINTILLUS
41_QUINTILLUS/side_a/image00529 (2).jpg,3312b5a4e8ab096cffc771cca203b941be32ab8a85736cf28764e190bca36538,label_conflict,,AURELIAN|QUINTILLUS
42_AURELIAN/side_a/Aurelian AD 270 AD 275588.jpg,3312b5a4e8ab096cffc771cca203b941be32ab8a85736cf28764e190bca36538,label_conflict,,AURELIAN|QUINTILLUS
41_QUINTILLUS/side_a/image00530 (3).jpg,0b0ee837d237e4f7ba83db446e87e78a13d0b8aabbac2c3b7c84e2f3f8e87932,label_conflict,,AURELIAN|QUINTILLUS
42_AURELIAN/side_a/Aurelian AD 270 AD 275093.jpg,0b0ee837d237e4f7ba83db446e87e78a13d0b8aabbac2c3b7c84e2f3f8e87932,label_conflict,,AURELIAN|QUINTILLUS
41_QUINTILLUS/side_a/image00530 (4).jpg,e079071055f2100d6b2780ac23a01f346b3613c29446aa969ff8f34373ed7962,label_conflict,,AURELIAN|QUINTILLUS
42_AURELIAN/side_a/Aurelian AD 270 AD 275589.jpg,e079071055f2100d6b2780ac23a01f346b3613c29446aa969ff8f34373ed7962,label_conflict,,AURELIAN|QUINTILLUS
41_QUINTILLUS/side_a/image00531 (4).jpg,e22eb3e3a87183dcfa6fac15ed6f7c247c722691107d04ceeb6f5a206bff48b1,label_conflict,,AURELIAN|QUINTILLUS
42_AURELIAN/side_a/Aurelian AD 270 AD 275590.jpg,e22eb3e3a87183dcfa6fac15ed6f7c247c722691107d04ceeb6f5a206bff48b1,label_conflict,,AURELIAN|QUINTILLUS
41_QUINTILLUS/side_a/image00532 (2).jpg,1406ea70ff1917f409a0e884ea4a6f187c7f7c1a128dea30abdde8ab4c4e981c,label_conflict,,AURELIAN|QUINTILLUS
42_AURELIAN/side_a/Aurelian AD 270 AD 275591.jpg,1406ea70ff1917f409a0e884ea4a6f187c7f7c1a128dea30abdde8ab4c4e981c,label_conflict,,AURELIAN|QUINTILLUS
41_QUINTILLUS/side_a/image00537 (4).jpg,dea8da47886153fec1fd72c33aaff5542ba265a01d699aa180ce873586fd871a,label_conflict,,AURELIAN|QUINTILLUS
42_AURELIAN/side_a/Aurelian AD 270 AD 275316.jpg,dea8da47886153fec1fd72c33aaff5542ba265a01d699aa180ce873586fd871a,label_conflict,,AURELIAN|QUINTILLUS
41_QUINTILLUS/side_a/image00538 (3).jpg,be05efd54dc3d25f15d8a423b325e81e7ae229dfcb15dfa3369ce4c94bf1bd98,label_conflict,,AURELIAN|QUINTILLUS
42_AURELIAN/side_a/Aurelian AD 270 AD 275317.jpg,be05efd54dc3d25f15d8a423b325e81e7ae229dfcb15dfa3369ce4c94bf1bd98,label_conflict,,AURELIAN|QUINTILLUS
41_QUINTILLUS/side_a/image00553 (3).jpg,7f810f9f3e608c37a86a9d4ed7a999bfbca48db3b677b3622bac9ef93cc4fe60,label_conflict,,AURELIAN|QUINTILLUS
42_AURELIAN/side_a/Aurelian AD 270 AD 275578.jpg,7f810f9f3e608c37a86a9d4ed7a999bfbca48db3b677b3622bac9ef93cc4fe60,label_conflict,,AURELIAN|QUINTILLUS
41_QUINTILLUS/side_a/image00557.jpg,8c1004f0fed5d9730c08f47e43b98b20aae6b6e1b9a4e2769cedc50250be5ae5,label_conflict,,AURELIAN|QUINTILLUS
42_AURELIAN/side_a/Aurelian AD 270 AD 275266.jpg,8c1004f0fed5d9730c08f47e43b98b20aae6b6e1b9a4e2769cedc50250be5ae5,label_conflict,,AURELIAN|QUINTILLUS
41_QUINTILLUS/side_a/image00559 (3).jpg,41505b34c4f77defdd21f25dc03e228af11476409796a918c460fb83e58865f4,label_conflict,,AURELIAN|QUINTILLUS
42_AURELIAN/side_a/Aurelian AD 270 AD 275270.jpg,41505b34c4f77defdd21f25dc03e228af11476409796a918c460fb83e58865f4,label_conflict,,AURELIAN|QUINTILLUS
41_QUINTILLUS/side_a/image00571.jpg,8476c67f817bb0356a896f60555992dfecd07cb43d7c09dede007ab588c7c57a,label_conflict,,AURELIAN|QUINTILLUS
42_AURELIAN/side_a/Aurelian AD 270 AD 275330.jpg,8476c67f817bb0356a896f60555992dfecd07cb43d7c09dede007ab588c7c57a,label_conflict,,AURELIAN|QUINTILLUS
41_QUINTILLUS/side_a/image00580.jpg,a9181098b89a103205547008976f5d2224697df78619cb7b4df9301e9070851c,label_conflict,,AURELIAN|QUINTILLUS
42_AURELIAN/side_a/Aurelian AD 270 AD 275329.jpg,a9181098b89a103205547008976f5d2224697df78619cb7b4df9301e9070851c,label_conflict,,AURELIAN|QUINTILLUS
41_QUINTILLUS/side_a/image00585 (2).jpg,4104ad3e43f8c6aa02370a7549f1ed7a7b3e7e0caab624394dc67d452668ee81,label_conflict,,AURELIAN|QUINTILLUS
42_AURELIAN/side_a/Aurelian AD 270 AD 275139.jpg,4104ad3e43f8c6aa02370a7549f1ed7a7b3e7e0caab624394dc67d452668ee81,label_conflict,,AURELIAN|QUINTILLUS
41_QUINTILLUS/side_a/image00586 (2).jpg,560694b3cdd9b3f823224f732d993fcc52756c63f57b46bb0572319f215a928b,label_conflict,,AURELIAN|QUINTILLUS
42_AURELIAN/side_a/Aurelian AD 270 AD 275405.jpg,560694b3cdd9b3f823224f732d993fcc52756c63f57b46bb0572319f215a928b,label_conflict,,AURELIAN|QUINTILLUS
41_QUINTILLUS/side_a/image00587 (3).jpg,8eee2d4914e9f7877d75e781de8601731278d0e0d87d275899fd586eebde86a3,label_conflict,,AURELIAN|QUINTILLUS
42_AURELIAN/side_a/Aurelian AD 270 AD 275539.jpg,8eee2d4914e9f7877d75e781de8601731278d0e0d87d275899fd586eebde86a3,label_conflict,,AURELIAN|QUINTILLUS
41_QUINTILLUS/side_a/image00613.jpg,aa15be592fa0a4af4a8478e09e2ee6aa66fb2bf263ce55d53ff4dada45bb1811,label_conflict,,AURELIAN|QUINTILLUS
42_AURELIAN/side_a/Aurelian AD 270 AD 275094.jpg,aa15be592fa0a4af4a8478e09e2ee6aa66fb2bf263ce55d53ff4dada45bb1811,label_conflict,,AURELIAN|QUINTILLUS
41_QUINTILLUS/side_a/image00614.jpg,8e41a08b9980172ee50e68aece0ad1ae292f75096bd8f8a9ab3b8de8f9808223,label_conflict,,AURELIAN|QUINTILLUS
42_AURELIAN/side_a/Aurelian AD 270 AD 275371.jpg,8e41a08b9980172ee50e68aece0ad1ae292f75096bd8f8a9ab3b8de8f9808223,label_conflict,,AURELIAN|QUINTILLUS
41_QUINTILLUS/side_a/image00615.jpg,65e59855380e92fdc1251e5441058ed1c7a13194f180d6699e57dd99d521d87e,label_conflict,,AURELIAN|QUINTILLUS
42_AURELIAN/side_a/Aurelian AD 270 AD 275095.jpg,65e59855380e92fdc1251e5441058ed1c7a13194f180d6699e57dd99d521d87e,label_conflict,,AURELIAN|QUINTILLUS
41_QUINTILLUS/side_a/image00676.jpg,88486da78d1478bc13c3a54bbe0a7fac5cec6e4d30cb9fd85efdc02672015115,label_conflict,,AURELIAN|QUINTILLUS
42_AURELIAN/side_a/Aurelian AD 270 AD 275267.jpg,88486da78d1478bc13c3a54bbe0a7fac5cec6e4d30cb9fd85efdc02672015115,label_conflict,,AURELIAN|QUINTILLUS
41_QUINTILLUS/side_a/image00677 (2).jpg,763d9e5c2377a05425e8d7d64c043f4debcefe2c84e171d1b43e6c669d4bffcf,label_conflict,,AURELIAN|QUINTILLUS
42_AURELIAN/side_a/Aurelian AD 270 AD 275026.jpg,763d9e5c2377a05425e8d7d64c043f4debcefe2c84e171d1b43e6c669d4bffcf,label_conflict,,AURELIAN|QUINTILLUS
41_QUINTILLUS/side_a/image00691 (2).jpg,11b95bee6e46bb32b58b84942ecf6f4655c53a94b90ffb62bd5a21d648fa90e7,label_conflict,,AURELIAN|QUINTILLUS
42_AURELIAN/side_a/Aurelian AD 270 AD 275540.jpg,11b95bee6e46bb32b58b84942ecf6f4655c53a94b90ffb62bd5a21d648fa90e7,label_conflict,,AURELIAN|QUINTILLUS
41_QUINTILLUS/side_a/image00707 (2).jpg,bfba0c17d009e4ed3781b8de9ee5f5e0c03bedad6929e5ee1d1e384583bff962,label_conflict,,AURELIAN|QUINTILLUS
42_AURELIAN/side_a/Aurelian AD 270 AD 275468.jpg,bfba0c17d009e4ed3781b8de9ee5f5e0c03bedad6929e5ee1d1e384583bff962,label_conflict,,AURELIAN|QUINTILLUS
41_QUINTILLUS/side_a/image00740.jpg,d027406d7524e0ca3806670b164985589fb70f9bf656cb720b44e305c00b2498,label_conflict,,AURELIAN|QUINTILLUS
42_AURELIAN/side_a/Aurelian AD 270 AD 275380.jpg,d027406d7524e0ca3806670b164985589fb70f9bf656cb720b44e305c00b2498,label_conflict,,AURELIAN|QUINTILLUS
41_QUINTILLUS/side_a/image00741 (2).jpg,ec403448da1dcc729f00b13643c9d8e49987cbdab98171b6128fa7d439aac24a,label_conflict,,AURELIAN|QUINTILLUS
42_AURELIAN/side_a/Aurelian AD 270 AD 275117.jpg,ec403448da1dcc729f00b13643c9d8e49987cbdab98171b6128fa7d439aac24a,label_conflict,,AURELIAN|QUINTILLUS
41_QUINTILLUS/side_a/image00747 (1).jpg,a63ed93c176a7b5df15b3b242ef0283119478865359d368fe27eb2404a9b8c85,label_conflict,,AURELIAN|QUINTILLUS
42_AURELIAN/side_a/Aurelian AD 270 AD 275546.jpg,a63ed93c176a7b5df15b3b242ef0283119478865359d368fe27eb2404a9b8c85,label_conflict,,AURELIAN|QUINTILLUS
41_QUINTILLUS/side_a/image00763 (2).jpg,050e315bffe615ec4379ef50f5b81a537a451633018eeceb644d15fcd4abd8c4,label_conflict,,AURELIAN|QUINTILLUS
42_AURELIAN/side_a/Aurelian AD 270 AD 275460.jpg,050e315bffe615ec4379ef50f5b81a537a451633018eeceb644d15fcd4abd8c4,label_conflict,,AURELIAN|QUINTILLUS
41_QUINTILLUS/side_a/image00764 (2).jpg,e6db879fbf0e509520d39bf40fd58286bdcafedc88f93c848d52613812a69fe0,label_conflict,,AURELIAN|QUINTILLUS
42_AURELIAN/side_a/Aurelian AD 270 AD 275461.jpg,e6db879fbf0e509520d39bf40fd58286bdcafedc88f93c848d52613812a69fe0,label_conflict,,AURELIAN|QUINTILLUS
41_QUINTILLUS/side_a/image00790.jpg,8bb2a48db4f212de5c0383fbe7a278f22ab7f5b7d4294f87b1ab49bd075338b0,label_conflict,,AURELIAN|QUINTILLUS
42_AURELIAN/side_a/Aurelian AD 270 AD 275112.jpg,8bb2a48db4f212de5c0383fbe7a278f22ab7f5b7d4294f87b1ab49bd075338b0,label_conflict,,AURELIAN|QUINTILLUS
41_QUINTILLUS/side_a/image00803.jpg,ab307f3847bd19d83a14197db1f8d20b400c19d665c4190b8d2f8bfaf3dd29fd,label_conflict,,AURELIAN|QUINTILLUS
42_AURELIAN/side_a/Aurelian AD 270 AD 275587.jpg,ab307f3847bd19d83a14197db1f8d20b400c19d665c4190b8d2f8bfaf3dd29fd,label_conflict,,AURELIAN|QUINTILLUS
41_QUINTILLUS/side_a/image00837.jpg,61378f32fc3601af461217d748148e1456bdfeae591c881e8225b1f9e7023c98,label_conflict,,AURELIAN|QUINTILLUS
42_AURELIAN/side_a/Aurelian AD 270 AD 275113.jpg,61378f32fc3601af461217d748148e1456bdfeae591c881e8225b1f9e7023c98,label_conflict,,AURELIAN|QUINTILLUS
41_QUINTILLUS/side_a/image00934.jpg,da0b68ad656f37ffbcd3e4337a6997056ad4638bf55d362c00b742671cedb3cd,label_conflict,,AURELIAN|QUINTILLUS
42_AURELIAN/side_a/Aurelian AD 270 AD 275040.jpg,da0b68ad656f37ffbcd3e4337a6997056ad4638bf55d362c00b742671cedb3cd,label_conflict,,AURELIAN|QUINTILLUS
41_QUINTILLUS/side_a/image00935.jpg,31cad67b533a62f6ecbd9388a3cec2458d659106da1220a0b5a8f16e5ef09b06,label_conflict,,AURELIAN|QUINTILLUS
42_AURELIAN/side_a/Aurelian AD 270 AD 275008.jpg,31cad67b533a62f6ecbd9388a3cec2458d659106da1220a0b5a8f16e5ef09b06,label_conflict,,AURELIAN|QUINTILLUS
41_QUINTILLUS/side_a/image00982.jpg,44deaa408e3725967e9b30e68a4b419682ae4b320bae7bf01f998a4dec0cf211,label_conflict,,AURELIAN|QUINTILLUS
42_AURELIAN/side_a/Aurelian AD 270 AD 275545.jpg,44deaa408e3725967e9b30e68a4b419682ae4b320bae7bf01f998a4dec0cf211,label_conflict,,AURELIAN|QUINTILLUS
41_QUINTILLUS/side_a/image00987.jpg,aa9ee85140d5d020eb80877c1c4646a7d28e0ec6390c9941845954cc87b15a9a,label_conflict,,AURELIAN|QUINTILLUS
42_AURELIAN/side_a/Aurelian AD 270 AD 275544.jpg,aa9ee85140d5d020eb80877c1c4646a7d28e0ec6390c9941845954cc87b15a9a,label_conflict,,AURELIAN|QUINTILLUS
41_QUINTILLUS/side_a/image01122 (1).jpg,9a3004ba80e414cc64837f36e727b2d50a5c608c73afdac92ca3fd549b6f3632,label_conflict,,AURELIAN|QUINTILLUS
42_AURELIAN/side_a/Aurelian AD 270 AD 275583.jpg,9a3004ba80e414cc64837f36e727b2d50a5c608c73afdac92ca3fd549b6f3632,label_conflict,,AURELIAN|QUINTILLUS
41_QUINTILLUS/side_a/image01123 (2).jpg,298cdadf7208617377a38c129f27250bd30e517323f474dfebd8fe8bb6178780,label_conflict,,AURELIAN|QUINTILLUS
42_AURELIAN/side_a/Aurelian AD 270 AD 275289.jpg,298cdadf7208617377a38c129f27250bd30e517323f474dfebd8fe8bb6178780,label_conflict,,AURELIAN|QUINTILLUS
41_QUINTILLUS/side_a/image01123.jpg,1f5656460668c4094a53d58bd55d77a33350872626794c1da68628a19353d3f4,label_conflict,,AURELIAN|QUINTILLUS
42_AURELIAN/side_a/Aurelian AD 270 AD 275533.jpg,1f5656460668c4094a53d58bd55d77a33350872626794c1da68628a19353d3f4,label_conflict,,AURELIAN|QUINTILLUS
41_QUINTILLUS/side_a/image01124.jpg,af28f107feea647a268a7c71ccf2c13547b9e887a8d35362c8c82321bbd6b4cb,label_conflict,,AURELIAN|QUINTILLUS
42_AURELIAN/side_a/Aurelian AD 270 AD 275584.jpg,af28f107feea647a268a7c71ccf2c13547b9e887a8d35362c8c82321bbd6b4cb,label_conflict,,AURELIAN|QUINTILLUS
41_QUINTILLUS/side_a/image01125 (1).jpg,aee8ad2c7982ae6e59fc655514ab1826458073b7904f50f7d0a93d92f184cad7,label_conflict,,AURELIAN|QUINTILLUS
42_AURELIAN/side_a/Aurelian AD 270 AD 275404.jpg,aee8ad2c7982ae6e59fc655514ab1826458073b7904f50f7d0a93d92f184cad7,label_conflict,,AURELIAN|QUINTILLUS
41_QUINTILLUS/side_a/image01126 (1).jpg,714d0f548bf165137eb6d55b3f34467ba8b1d6e96a118c34a4d320601a2c3ac8,label_conflict,,AURELIAN|QUINTILLUS
42_AURELIAN/side_a/Aurelian AD 270 AD 275585.jpg,714d0f548bf165137eb6d55b3f34467ba8b1d6e96a118c34a4d320601a2c3ac8,label_conflict,,AURELIAN|QUINTILLUS
41_QUINTILLUS/side_a/image01126.jpg,24ae762d50a77675ff0b789a969b17ad89cb254229d04ad70b4a4288b1fdc736,label_conflict,,AURELIAN|QUINTILLUS
42_AURELIAN/side_a/Aurelian AD 270 AD 275061.jpg,24ae762d50a77675ff0b789a969b17ad89cb254229d04ad70b4a4288b1fdc736,label_conflict,,AURELIAN|QUINTILLUS
41_QUINTILLUS/side_a/image01127 (1).jpg,1d6ce23fc78b5716a4242fa66047142d80ae625816c0db5a13867ddbdc9c210f,label_conflict,,AURELIAN|QUINTILLUS
42_AURELIAN/side_a/Aurelian AD 270 AD 275586.jpg,1d6ce23fc78b5716a4242fa66047142d80ae625816c0db5a13867ddbdc9c210f,label_conflict,,AURELIAN|QUINTILLUS
41_QUINTILLUS/side_a/image01127.jpg,5b7d359e23f5333768b3457d566650f202791417e4fa4edc6d58ebd282cd6496,label_conflict,,AURELIAN|QUINTILLUS
42_AURELIAN/side_a/Aurelian AD 270 AD 275551.jpg,5b7d359e23f5333768b3457d566650f202791417e4fa4edc6d58ebd282cd6496,label_conflict,,AURELIAN|QUINTILLUS
41_QUINTILLUS/side_a/image01128.jpg,d033b050b84e51ddb35133c73ced42edf921877b80971faef5541295aac629bd,label_conflict,,AURELIAN|QUINTILLUS
42_AURELIAN/side_a/Aurelian AD 270 AD 275138(1).jpg,d033b050b84e51ddb35133c73ced42edf921877b80971faef5541295aac629bd,label_conflict,,AURELIAN|QUINTILLUS
42_AURELIAN/side_a/Aurelian AD 270 AD 275138.jpg,d033b050b84e51ddb35133c73ced42edf921877b80971faef5541295aac629bd,label_conflict,,AURELIAN|QUINTILLUS
41_QUINTILLUS/side_a/image01199 (2).jpg,24bcf6e929c302cc389f5ebfccfb705be2d059988503d80ff11faef7adddb920,label_conflict,,AURELIAN|QUINTILLUS
42_AURELIAN/side_a/Aurelian AD 270 AD 275381.jpg,24bcf6e929c302cc389f5ebfccfb705be2d059988503d80ff11faef7adddb920,label_conflict,,AURELIAN|QUINTILLUS
41_QUINTILLUS/side_a/image01217.jpg,c7372dae1724e0fd4edde70ac15fcb973f3aefc243208c71a5785c5f04f09be9,label_conflict,,AURELIAN|QUINTILLUS
42_AURELIAN/side_a/Aurelian AD 270 AD 275929.jpg,c7372dae1724e0fd4edde70ac15fcb973f3aefc243208c71a5785c5f04f09be9,label_conflict,,AURELIAN|QUINTILLUS
41_QUINTILLUS/side_a/image01365.jpg,b8f02c8385885a4407e27257c8bf4dc0830ccefec263fd7a877829ae9e599d3e,label_conflict,,AURELIAN|QUINTILLUS
42_AURELIAN/side_a/Aurelian AD 270 AD 275397.jpg,b8f02c8385885a4407e27257c8bf4dc0830ccefec263fd7a877829ae9e599d3e,label_conflict,,AURELIAN|QUINTILLUS
41_QUINTILLUS/side_a/image01366.jpg,4c397e188fa3ce4225515990bc816ca6f39ef2b6c56c6399caf9311265eb8da2,label_conflict,,AURELIAN|QUINTILLUS
42_AURELIAN/side_a/Aurelian AD 270 AD 275575.jpg,4c397e188fa3ce4225515990bc816ca6f39ef2b6c56c6399caf9311265eb8da2,label_conflict,,AURELIAN|QUINTILLUS
41_QUINTILLUS/side_a/image01367.jpg,66fc200bc5611267480e64f3ed2b4b515f0073785bcc81b53382d4220eebb73d,label_conflict,,AURELIAN|QUINTILLUS
42_AURELIAN/side_a/Aurelian AD 270 AD 275398.jpg,66fc200bc5611267480e64f3ed2b4b515f0073785bcc81b53382d4220eebb73d,label_conflict,,AURELIAN|QUINTILLUS
41_QUINTILLUS/side_a/image01368.jpg,655f5d38481c09cad691bae2d8b9c38f9662b5a734bd8108f1a2bf91ff5a0175,label_conflict,,AURELIAN|QUINTILLUS
42_AURELIAN/side_a/Aurelian AD 270 AD 275062.jpg,655f5d38481c09cad691bae2d8b9c38f9662b5a734bd8108f1a2bf91ff5a0175,label_conflict,,AURELIAN|QUINTILLUS
41_QUINTILLUS/side_a/image01369.jpg,f67366107eaec5409e0980d7a6a746c9c0a3148c119a17b10fc9215784e04d83,label_conflict,,AURELIAN|QUINTILLUS
42_AURELIAN/side_a/Aurelian AD 270 AD 275063.jpg,f67366107eaec5409e0980d7a6a746c9c0a3148c119a17b10fc9215784e04d83,label_conflict,,AURELIAN|QUINTILLUS
41_QUINTILLUS/side_a/image01370.jpg,7848b224dfb2d996b13e8e57a59950268f1e0d4e0824da20c9a053066a4e0bda,label_conflict,,AURELIAN|QUINTILLUS
42_AURELIAN/side_a/Aurelian AD 270 AD 275399.jpg,7848b224dfb2d996b13e8e57a59950268f1e0d4e0824da20c9a053066a4e0bda,label_conflict,,AURELIAN|QUINTILLUS
41_QUINTILLUS/side_a/image01371.jpg,815dd45028fd99b5c1e60645a5db47c2f561659a2117b3adf2e826ce467e68b3,label_conflict,,AURELIAN|QUINTILLUS
42_AURELIAN/side_a/Aurelian AD 270 AD 275287.jpg,815dd45028fd99b5c1e60645a5db47c2f561659a2117b3adf2e826ce467e68b3,label_conflict,,AURELIAN|QUINTILLUS
41_QUINTILLUS/side_a/image01372.jpg,e051723a8b56e8a523ffcffc7a0affcafd9fb31a42da2ad1194925597a0c0617,label_conflict,,AURELIAN|QUINTILLUS
42_AURELIAN/side_a/Aurelian AD 270 AD 275288.jpg,e051723a8b56e8a523ffcffc7a0affcafd9fb31a42da2ad1194925597a0c0617,label_conflict,,AURELIAN|QUINTILLUS
41_QUINTILLUS/side_a/image01373.jpg,6015e8404f9d4f2cf39ba3674a166df3fe0aad86c02fe069d414a8dc216a7898,label_conflict,,AURELIAN|QUINTILLUS
42_AURELIAN/side_a/Aurelian AD 270 AD 275576.jpg,6015e8404f9d4f2cf39ba3674a166df3fe0aad86c02fe069d414a8dc216a7898,label_conflict,,AURELIAN|QUINTILLUS
41_QUINTILLUS/side_a/image01374.jpg,3685d81a8e9421888a3d60abc153da8701c921b7105441f73a7be87a4a8c47be,label_conflict,,AURELIAN|QUINTILLUS
42_AURELIAN/side_a/Aurelian AD 270 AD 275133.jpg,3685d81a8e9421888a3d60abc153da8701c921b7105441f73a7be87a4a8c47be,label_conflict,,AURELIAN|QUINTILLUS
41_QUINTILLUS/side_a/image01375.jpg,3f35df3730f9eec416891d7dee0ba19caf27ba3669b3e77ab03f3311174f2890,label_conflict,,AURELIAN|QUINTILLUS
42_AURELIAN/side_a/Aurelian AD 270 AD 275577.jpg,3f35df3730f9eec416891d7dee0ba19caf27ba3669b3e77ab03f3311174f2890,label_conflict,,AURELIAN|QUINTILLUS
41_QUINTILLUS/side_a/image01399 (1).jpg,23a949a622e701151b30fc9f9b13cacc4a60220b372bb866c0b7a85febfcf7b9,label_conflict,,AURELIAN|QUINTILLUS
42_AURELIAN/side_a/Aurelian AD 270 AD 275412.jpg,23a949a622e701151b30fc9f9b13cacc4a60220b372bb866c0b7a85febfcf7b9,label_conflict,,AURELIAN|QUINTILLUS
41_QUINTILLUS/side_a/image01400 (2).jpg,9a3cbf493bd9741fde41181d245747c4457e8e8d9bc30cf0870308cd4b6975e1,label_conflict,,AURELIAN|QUINTILLUS
42_AURELIAN/side_a/Aurelian AD 270 AD 275598.jpg,9a3cbf493bd9741fde41181d245747c4457e8e8d9bc30cf0870308cd4b6975e1,label_conflict,,AURELIAN|QUINTILLUS
41_QUINTILLUS/side_a/image01553.jpg,294e56ef69c8bf248e80ef5074b51cb427a8423f78cf44c41f5da35fcb3c06e5,label_conflict,,AURELIAN|QUINTILLUS
42_AURELIAN/side_a/Aurelian AD 270 AD 275140.jpg,294e56ef69c8bf248e80ef5074b51cb427a8423f78cf44c41f5da35fcb3c06e5,label_conflict,,AURELIAN|QUINTILLUS
41_QUINTILLUS/side_a/image01616.jpg,64b269a79e5cd102c81ad7ec46feb2411af67aabd22849f1b8c7e6781ab9e898,label_conflict,,AURELIAN|QUINTILLUS
42_AURELIAN/side_a/Aurelian AD 270 AD 275118.jpg,64b269a79e5cd102c81ad7ec46feb2411af67aabd22849f1b8c7e6781ab9e898,label_conflict,,AURELIAN|QUINTILLUS
41_QUINTILLUS/side_a/image01688.jpg,b799e29f4217e731fe9de3070ffa4218215f0d3b90efa135c12690769d02db73,label_conflict,,AURELIAN|QUINTILLUS
42_AURELIAN/side_a/Aurelian AD 270 AD 275304.jpg,b799e29f4217e731fe9de3070ffa4218215f0d3b90efa135c12690769d02db73,label_conflict,,AURELIAN|QUINTILLUS
41_QUINTILLUS/side_a/image01689.jpg,7bf4db0d3f3d526bf954cad1b22194085089c2f74cde39d01261dc0efad7b1d7,label_conflict,,AURELIAN|QUINTILLUS
42_AURELIAN/side_a/Aurelian AD 270 AD 275083.jpg,7bf4db0d3f3d526bf954cad1b22194085089c2f74cde39d01261dc0efad7b1d7,label_conflict,,AURELIAN|QUINTILLUS
41_QUINTILLUS/side_a/image01713.jpg,37b0f69ff5540e5d3d0fdbb7fb5337b794623b36d62f398b5d7a405cb91adb61,label_conflict,,AURELIAN|QUINTILLUS
42_AURELIAN/side_a/Aurelian AD 270 AD 275542.jpg,37b0f69ff5540e5d3d0fdbb7fb5337b794623b36d62f398b5d7a405cb91adb61,label_conflict,,AURELIAN|QUINTILLUS
41_QUINTILLUS/side_a/image01714.jpg,f333ac759106a194076b048fdb48ff313bbaccbd3bbed343730f64c2c0031560,label_conflict,,AURELIAN|QUINTILLUS
42_AURELIAN/side_a/Aurelian AD 270 AD 275379.jpg,f333ac759106a194076b048fdb48ff313bbaccbd3bbed343730f64c2c0031560,label_conflict,,AURELIAN|QUINTILLUS
41_QUINTILLUS/side_a/image01715.jpg,9c09e09f42a1fc958e71925231b101aaaf912e9d50b00fcd19aebcd4b4143ec3,label_conflict,,AURELIAN|QUINTILLUS
42_AURELIAN/side_a/Aurelian AD 270 AD 275116.jpg,9c09e09f42a1fc958e71925231b101aaaf912e9d50b00fcd19aebcd4b4143ec3,label_conflict,,AURELIAN|QUINTILLUS
41_QUINTILLUS/side_a/image01717.jpg,2a02940a27bb5336529f8dcbea01da4b113378d31505cd3b2aab3588de310d4a,label_conflict,,AURELIAN|QUINTILLUS
42_AURELIAN/side_a/Aurelian AD 270 AD 275543.jpg,2a02940a27bb5336529f8dcbea01da4b113378d31505cd3b2aab3588de310d4a,label_conflict,,AURELIAN|QUINTILLUS
41_QUINTILLUS/side_a/image01718.jpg,f5da948152343eff3d0e89727ae5489d4a1ce4339f9d98040cf1173a99cdf492,label_conflict,,AURELIAN|QUINTILLUS
42_AURELIAN/side_a/Aurelian AD 270 AD 275098.jpg,f5da948152343eff3d0e89727ae5489d4a1ce4339f9d98040cf1173a99cdf492,label_conflict,,AURELIAN|QUINTILLUS
41_QUINTILLUS/side_a/image03378.jpg,5c5383c58396b7500042b077cdbb2300a941939659c8c4f2a9aed1f6d2d6b687,label_conflict,,AURELIAN|QUINTILLUS
42_AURELIAN/side_a/Aurelian AD 270 AD 275111.jpg,5c5383c58396b7500042b077cdbb2300a941939659c8c4f2a9aed1f6d2d6b687,label_conflict,,AURELIAN|QUINTILLUS
41_QUINTILLUS/side_a/image21084.jpg,2968e358c13add5fb242d915fb4c9ef9666b41ef041ac7d119b8ca025b7788c8,label_conflict,,AURELIAN|QUINTILLUS
42_AURELIAN/side_a/Aurelian AD 270 AD 275932.jpg,2968e358c13add5fb242d915fb4c9ef9666b41ef041ac7d119b8ca025b7788c8,label_conflict,,AURELIAN|QUINTILLUS
41_QUINTILLUS/side_a/image22201.jpg,404e47fc238b8fbf75930a4117457f4712c83f5b9ff3ce713f7d09f66b923496,label_conflict,,AURELIAN|QUINTILLUS
42_AURELIAN/side_a/Aurelian AD 270 AD 275032.jpg,404e47fc238b8fbf75930a4117457f4712c83f5b9ff3ce713f7d09f66b923496,label_conflict,,AURELIAN|QUINTILLUS
41_QUINTILLUS/side_a/image25082.jpg,cc165a0f113240925531016523ff49ebad3c385c07dbd315a0f92f067b3dc5ea,label_conflict,,AURELIAN|QUINTILLUS
42_AURELIAN/side_a/Aurelian AD 270 AD 275020.jpg,cc165a0f113240925531016523ff49ebad3c385c07dbd315a0f92f067b3dc5ea,label_conflict,,AURELIAN|QUINTILLUS
41_QUINTILLUS/side_a/image25240.jpg,06b6285ae4d936ca4c4455889cb37b0f495698239ddc23a19bf2c88b073d842d,label_conflict,,AURELIAN|QUINTILLUS
42_AURELIAN/side_a/Aurelian AD 270 AD 275014.jpg,06b6285ae4d936ca4c4455889cb37b0f495698239ddc23a19bf2c88b073d842d,label_conflict,,AURELIAN|QUINTILLUS
41_QUINTILLUS/side_a/image25241.jpg,3663e92e2e94789c5927cc25632d3f394b9ce94dd6442f6d3593be38f0eccec2,label_conflict,,AURELIAN|QUINTILLUS
42_AURELIAN/side_a/Aurelian AD 270 AD 275015.jpg,3663e92e2e94789c5927cc25632d3f394b9ce94dd6442f6d3593be38f0eccec2,label_conflict,,AURELIAN|QUINTILLUS
41_QUINTILLUS/side_a/image25242.jpg,11e132fb856b18e265090f66ce6545da31527fac8c5b4884dcc9dd839b537f37,label_conflict,,AURELIAN|QUINTILLUS
42_AURELIAN/side_a/Aurelian AD 270 AD 275016.jpg,11e132fb856b18e265090f66ce6545da31527fac8c5b4884dcc9dd839b537f37,label_conflict,,AURELIAN|QUINTILLUS
41_QUINTILLUS/side_a/image25243.jpg,344bdbf1d42699936cecffd68da97c4014ce72b780032f0813e8f12b89e4f0ff,label_conflict,,AURELIAN|QUINTILLUS
42_AURELIAN/side_a/Aurelian AD 270 AD 275033.jpg,344bdbf1d42699936cecffd68da97c4014ce72b780032f0813e8f12b89e4f0ff,label_conflict,,AURELIAN|QUINTILLUS
41_QUINTILLUS/side_a/image25244.jpg,1bd8100a71553b58be2f8f6cf5e1d7cfcb318870040a1d1ae87351399493c95a,label_conflict,,AURELIAN|QUINTILLUS
42_AURELIAN/side_a/Aurelian AD 270 AD 275034.jpg,1bd8100a71553b58be2f8f6cf5e1d7cfcb318870040a1d1ae87351399493c95a,label_conflict,,AURELIAN|QUINTILLUS
41_QUINTILLUS/side_a/image26159.jpg,149d3fde3b592d4fe2c4332cee1e90ab70446cc13309cf9418c8885809310bab,label_conflict,,AURELIAN|QUINTILLUS
42_AURELIAN/side_a/Aurelian AD 270 AD 275534.jpg,149d3fde3b592d4fe2c4332cee1e90ab70446cc13309cf9418c8885809310bab,label_conflict,,AURELIAN|QUINTILLUS
41_QUINTILLUS/side_a/image26332.jpg,3f25a597aed3ccaba8aadd456b08b9cd6caba3e4e710fcb5bcda4b0b6d352ee6,label_conflict,,AURELIAN|QUINTILLUS
42_AURELIAN/side_a/Aurelian AD 270 AD 275155.jpg,3f25a597aed3ccaba8aadd456b08b9cd6caba3e4e710fcb5bcda4b0b6d352ee6,label_conflict,,AURELIAN|QUINTILLUS
41_QUINTILLUS/side_a/image26333.jpg,e5ffcdeb8cb0574911a2c54132107053654261071b1a48f1d34a450bec0389d7,label_conflict,,AURELIAN|QUINTILLUS
42_AURELIAN/side_a/Aurelian AD 270 AD 275264.jpg,e5ffcdeb8cb0574911a2c54132107053654261071b1a48f1d34a450bec0389d7,label_conflict,,AURELIAN|QUINTILLUS
41_QUINTILLUS/side_a/image26335.jpg,3fb4e3fd06908317863f52c97450aa8dc74e20e992aa6be3ee9fe5bd946888b7,label_conflict,,AURELIAN|QUINTILLUS
42_AURELIAN/side_a/Aurelian AD 270 AD 275017.jpg,3fb4e3fd06908317863f52c97450aa8dc74e20e992aa6be3ee9fe5bd946888b7,label_conflict,,AURELIAN|QUINTILLUS
41_QUINTILLUS/side_a/image26341.jpg,b6c9a157f27d810b81bbf492393a1020cafda7ee08d3a49f6a4f0d1a94b77a2d,label_conflict,,AURELIAN|QUINTILLUS
42_AURELIAN/side_a/Aurelian AD 270 AD 275939.jpg,b6c9a157f27d810b81bbf492393a1020cafda7ee08d3a49f6a4f0d1a94b77a2d,label_conflict,,AURELIAN|QUINTILLUS
41_QUINTILLUS/side_a/image30043.jpg,fba407532a8788bd0f89a09f506885e2395d14c73689354fdfd8ee148533d562,label_conflict,,AURELIAN|QUINTILLUS
42_AURELIAN/side_a/Aurelian AD 270 AD 275912.jpg,fba407532a8788bd0f89a09f506885e2395d14c73689354fdfd8ee148533d562,label_conflict,,AURELIAN|QUINTILLUS
41_QUINTILLUS/side_a/image30052.jpg,aeda0c9067a407f98a00f34e1a81a34ce27fd89e1a58b83faf105fdc4b384a27,label_conflict,,AURELIAN|QUINTILLUS
42_AURELIAN/side_a/Aurelian AD 270 AD 275931.jpg,aeda0c9067a407f98a00f34e1a81a34ce27fd89e1a58b83faf105fdc4b384a27,label_conflict,,AURELIAN|QUINTILLUS
41_QUINTILLUS/side_a/image30103.jpg,95d97d1cfeae86570fe83a53f6802624bbd020ae255d34694c0e750df39a33fc,label_conflict,,AURELIAN|QUINTILLUS
42_AURELIAN/side_a/Aurelian AD 270 AD 275920.jpg,95d97d1cfeae86570fe83a53f6802624bbd020ae255d34694c0e750df39a33fc,label_conflict,,AURELIAN|QUINTILLUS
41_QUINTILLUS/side_a/image30130.jpg,425e544849f4d505c1ecdd6a15aef8017a4fee5444bd14029b5003ca7d85516f,label_conflict,,AURELIAN|QUINTILLUS
42_AURELIAN/side_a/Aurelian AD 270 AD 275030.jpg,425e544849f4d505c1ecdd6a15aef8017a4fee5444bd14029b5003ca7d85516f,label_conflict,,AURELIAN|QUINTILLUS
41_QUINTILLUS/side_a/image30195.jpg,39a6e3d4cdfc156cd497d432c2edcaf713c52da17a9d49bd5d6ce38c08c73404,label_conflict,,AURELIAN|QUINTILLUS
42_AURELIAN/side_a/Aurelian AD 270 AD 275922.jpg,39a6e3d4cdfc156cd497d432c2edcaf713c52da17a9d49bd5d6ce38c08c73404,label_conflict,,AURELIAN|QUINTILLUS
41_QUINTILLUS/side_a/image30667.jpg,9730af117e657ded49f03db20f377bf23d3cf5554e13f2aacc5bb86d098e4f30,label_conflict,,AURELIAN|QUINTILLUS
42_AURELIAN/side_a/Aurelian AD 270 AD 275036.jpg,9730af117e657ded49f03db20f377bf23d3cf5554e13f2aacc5bb86d098e4f30,label_conflict,,AURELIAN|QUINTILLUS
41_QUINTILLUS/side_a/image30668.jpg,6323df36dd6843a443f7353d52462370f64b3a488ef555ee92e74ec5c73245de,label_conflict,,AURELIAN|QUINTILLUS
42_AURELIAN/side_a/Aurelian AD 270 AD 275037.jpg,6323df36dd6843a443f7353d52462370f64b3a488ef555ee92e74ec5c73245de,label_conflict,,AURELIAN|QUINTILLUS
41_QUINTILLUS/side_a/image30669.jpg,1c16715f0da7709b8b95dc490a127c5e97dd4439d2bc0bc5178c6f19ab6e9b3d,label_conflict,,AURELIAN|QUINTILLUS
42_AURELIAN/side_a/Aurelian AD 270 AD 275038.jpg,1c16715f0da7709b8b95dc490a127c5e97dd4439d2bc0bc5178c6f19ab6e9b3d,label_conflict,,AURELIAN|QUINTILLUS
41_QUINTILLUS/side_a/image30981.jpg,c98f5bf5893db87e21800c4202fe5ddc2541317f4dec8371dc844cedce23eb06,label_conflict,,AURELIAN|QUINTILLUS
42_AURELIAN/side_a/Aurelian AD 270 AD 275007.jpg,c98f5bf5893db87e21800c4202fe5ddc2541317f4dec8371dc844cedce23eb06,label_conflict,,AURELIAN|QUINTILLUS
41_QUINTILLUS/side_a/image31099.jpg,6c65707688629aa8a7b0f76e0085e56892942711bb756e5d23a524b3948c2d2f,label_conflict,,AURELIAN|QUINTILLUS
42_AURELIAN/side_a/Aurelian AD 270 AD 275914.jpg,6c65707688629aa8a7b0f76e0085e56892942711bb756e5d23a524b3948c2d2f,label_conflict,,AURELIAN|QUINTILLUS
41_QUINTILLUS/side_a/image32067.jpg,d49773bb6f1d93abe8c91fd15d1f10e2eadac1557062d9bcf4f567427de58ac7,label_conflict,,AURELIAN|QUINTILLUS
42_AURELIAN/side_a/Aurelian AD 270 AD 275027.jpg,d49773bb6f1d93abe8c91fd15d1f10e2eadac1557062d9bcf4f567427de58ac7,label_conflict,,AURELIAN|QUINTILLUS
41_QUINTILLUS/side_a/image32070.jpg,bbc427dedc3cbea18503620a9182adb3734fcdb248c320e3c33703b620f4c827,label_conflict,,AURELIAN|QUINTILLUS
42_AURELIAN/side_a/Aurelian AD 270 AD 275919.jpg,bbc427dedc3cbea18503620a9182adb3734fcdb248c320e3c33703b620f4c827,label_conflict,,AURELIAN|QUINTILLUS
41_QUINTILLUS/side_a/image32226.jpg,af3a3734e39f84072c48e7db9cdc21395c80e1d407f307aa0e0009fad8e7380c,label_conflict,,AURELIAN|QUINTILLUS
42_AURELIAN/side_a/Aurelian AD 270 AD 275013.jpg,af3a3734e39f84072c48e7db9cdc21395c80e1d407f307aa0e0009fad8e7380c,label_conflict,,AURELIAN|QUINTILLUS
41_QUINTILLUS/side_a/image40372.jpg,cac3d5385867134d7e36ba2e7b3e8d2bbc996d008b6ddd804ad762fc232ff630,label_conflict,,AURELIAN|QUINTILLUS
41_QUINTILLUS/side_a/image97464.jpg,cac3d5385867134d7e36ba2e7b3e8d2bbc996d008b6ddd804ad762fc232ff630,label_conflict,,AURELIAN|QUINTILLUS
42_AURELIAN/side_a/Aurelian AD 270 AD 275023.jpg,cac3d5385867134d7e36ba2e7b3e8d2bbc996d008b6ddd804ad762fc232ff630,label_conflict,,AURELIAN|QUINTILLUS
42_AURELIAN/side_a/Aurelian AD 270 AD 275053.jpg,cac3d5385867134d7e36ba2e7b3e8d2bbc996d008b6ddd804ad762fc232ff630,label_conflict,,AURELIAN|QUINTILLUS
41_QUINTILLUS/side_a/image97123.jpg,185462f7a2c3dc5d3e0d5c8a6ac351e3bfb8b0de50da6c280d629b71904d2fa9,label_conflict,,AURELIAN|QUINTILLUS
42_AURELIAN/side_a/Aurelian AD 270 AD 275046.jpg,185462f7a2c3dc5d3e0d5c8a6ac351e3bfb8b0de50da6c280d629b71904d2fa9,label_conflict,,AURELIAN|QUINTILLUS
41_QUINTILLUS/side_a/image97124.jpg,8b0fda20539b97cf4c06e9a4fb4d16024bf8b9dcb2e0cfbc01a2ccfe7d15de9a,label_conflict,,AURELIAN|QUINTILLUS
42_AURELIAN/side_a/Aurelian AD 270 AD 275018.jpg,8b0fda20539b97cf4c06e9a4fb4d16024bf8b9dcb2e0cfbc01a2ccfe7d15de9a,label_conflict,,AURELIAN|QUINTILLUS
41_QUINTILLUS/side_a/image97251.jpg,5f807e381f92057d294a0979136770ddafc70617c42a34b9b630605975ed10f5,label_conflict,,AURELIAN|QUINTILLUS
42_AURELIAN/side_a/Aurelian AD 270 AD 275012.jpg,5f807e381f92057d294a0979136770ddafc70617c42a34b9b630605975ed10f5,label_conflict,,AURELIAN|QUINTILLUS
41_QUINTILLUS/side_a/image97252.jpg,85a6ee0843f26762d2619c5c81c03f949e844b51879a28233bc9f79e5b7305c5,label_conflict,,AURELIAN|QUINTILLUS
42_AURELIAN/side_a/Aurelian AD 270 AD 275028.jpg,85a6ee0843f26762d2619c5c81c03f949e844b51879a28233bc9f79e5b7305c5,label_conflict,,AURELIAN|QUINTILLUS
41_QUINTILLUS/side_a/image99246.jpg,e1816202a9a4d5844a28585497eae63f951db745634bb07db2dfb7143c6bb30a,label_conflict,,AURELIAN|QUINTILLUS
42_AURELIAN/side_a/Aurelian AD 270 AD 275019.jpg,e1816202a9a4d5844a28585497eae63f951db745634bb07db2dfb7143c6bb30a,label_conflict,,AURELIAN|QUINTILLUS
42_AURELIAN/side_a/Aurelian AD 270 AD 275153.jpg,d39b7f9ae11e60368f88dffc77667abcec3d579040c7452e3cbfd0542c0b6f5d,duplicate,42_AURELIAN/side_a/Aurelian AD 270 AD 275152.jpg,AURELIAN
42_AURELIAN/side_a/Aurelian AD 270 AD 275653.jpg,a2db4c73d75b218a0cf88e54ec6fda0efd3e65c639c0ef6f4663e187a7f7106e,duplicate,42_AURELIAN/side_a/Aurelian AD 270 AD 275653(1).jpg,AURELIAN
43_TACITUS/side_a/Tacitus001 (1).jpg,46373bca68be1a63c87215dc2d2a0ce99ec0c9eeb3461712173b86a4f55c37be,label_conflict,,FLORIANUS|TACITUS
44_FLORIANUS/side_a/Florian098 (1).jpg,46373bca68be1a63c87215dc2d2a0ce99ec0c9eeb3461712173b86a4f55c37be,label_conflict,,FLORIANUS|TACITUS
43_TACITUS/side_a/Tacitus013 (1).jpg,763077f21f2a2695b5ea5d18132f63fb02d08fb8d021e0a7d7d070b3f572d072,label_conflict,,FLORIANUS|TACITUS
44_FLORIANUS/side_a/Florian017 (1).jpg,763077f21f2a2695b5ea5d18132f63fb02d08fb8d021e0a7d7d070b3f572d072,label_conflict,,FLORIANUS|TACITUS
43_TACITUS/side_a/Tacitus014 (1).jpg,123ad496a4ad9086ad2607b82fb768077eebf6345131680410a0758b731a8bf0,label_conflict,,FLORIANUS|TACITUS
44_FLORIANUS/side_a/Florian368.jpg,123ad496a4ad9086ad2607b82fb768077eebf6345131680410a0758b731a8bf0,label_conflict,,FLORIANUS|TACITUS
43_TACITUS/side_a/Tacitus108 (1).jpg,58c1fe04b8ab34039f8e53d67101b633270837ad11bdffb00326663cd3daee03,label_conflict,,FLORIANUS|TACITUS
44_FLORIANUS/side_a/Florian096 (1).jpg,58c1fe04b8ab34039f8e53d67101b633270837ad11bdffb00326663cd3daee03,label_conflict,,FLORIANUS|TACITUS
44_FLORIANUS/side_a/Florian696.jpg,c7d6d3f0bb462e93b8bb4917dd475ee89d82338bb70c485ebfa729734bd55538,duplicate,44_FLORIANUS/side_a/Florian01 (1).jpg,FLORIANUS
44_FLORIANUS/side_a/Florian698.jpg,30ee8f2725bfd3d8830c016c790c6dbcbe856e33be3bcede72b9af58fc194483,duplicate,44_FLORIANUS/side_a/Florian02 (1).jpg,FLORIANUS
44_FLORIANUS/side_a/Florian085 (1).jpg,7a11e53335ca235b3cf23ac392c7e7192002d02f709bbeb643197b0c61b529de,label_conflict,,CARINUS|CARUS|FLORIANUS
46_CARUS/side_a/6188551.s.jpg,7a11e53335ca235b3cf23ac392c7e7192002d02f709bbeb643197b0c61b529de,label_conflict,,CARINUS|CARUS|FLORIANUS
48_CARINUS/side_a/Carinus326.jpg,7a11e53335ca235b3cf23ac392c7e7192002d02f709bbeb643197b0c61b529de,label_conflict,,CARINUS|CARUS|FLORIANUS
44_FLORIANUS/side_a/Florian247.jpg,db8eb04b86f222b64e206cea6bd7430e60413a796192390ec92811889d2b02f9,duplicate,44_FLORIANUS/side_a/Florian245.jpg,FLORIANUS
44_FLORIANUS/side_a/Florian363.jpg,204cde1a928beed4eafaf24563bbbb83c22cfa8d412f97526ff2129db0d4a05a,duplicate,44_FLORIANUS/side_a/Florian361.jpg,FLORIANUS
46_CARUS/side_a/2026411.s.jpg,4b66f4c92c130c75d277b6f2fc50cbad54d9da2d5b835ed892826ab9b1c33a19,label_conflict,,CARINUS|CARUS
48_CARINUS/side_a/Carinus068.jpg,4b66f4c92c130c75d277b6f2fc50cbad54d9da2d5b835ed892826ab9b1c33a19,label_conflict,,CARINUS|CARUS
46_CARUS/side_a/2120903.s.jpg,415a83cf8dac15caff28ca36bda5f1c0e9a81d9c7300bab6a53a4d976bc373e4,label_conflict,,CARINUS|CARUS
48_CARINUS/side_a/Carinus346.jpg,415a83cf8dac15caff28ca36bda5f1c0e9a81d9c7300bab6a53a4d976bc373e4,label_conflict,,CARINUS|CARUS
46_CARUS/side_a/221247.s.jpg,23e9117d9b4ab658e82ba7f73fc03934511ec1727e4edff5923be4c4f14ab460,label_conflict,,CARUS|NUMERIAN
47_NUMERIAN/side_a/Numerian116 (3).jpg,23e9117d9b4ab658e82ba7f73fc03934511ec1727e4edff5923be4c4f14ab460,label_conflict,,CARUS|NUMERIAN
46_CARUS/side_a/51735.s.jpg,b7bb66d476f310cbc23aca3efe9e465058a7a9840e32e80d04f4734526ee1d7a,duplicate,46_CARUS/side_a/236789.s.jpg,CARUS
46_CARUS/side_a/55552.s.jpg,3634eb75f435495adac7bd0c9828a5f4003a6ede682e35f4f3ac3955c4016c3d,duplicate,46_CARUS/side_a/334444.s.jpg,CARUS
46_CARUS/side_a/55553.s.jpg,dab99a27584c582f1f1405b884ecd059241d81933fb2c611ebb94784b1c1952c,duplicate,46_CARUS/side_a/334448.s.jpg,CARUS
46_CARUS/side_a/55555.s.jpg,e8b6c7cde69982181cd9bb9f2fccea1245e181fca9c0258a29617d02e3e9c251,duplicate,46_CARUS/side_a/334463.s.jpg,CARUS
46_CARUS/side_a/55556.s.jpg,34eea5b7a72b951a1eb19a22c7b975ad662184f162302935c8ee1d8df537cb4d,duplicate,46_CARUS/side_a/334464.s.jpg,CARUS
46_CARUS/side_a/55557.s.jpg,8d6ba9c4a43abc44c1e12d161722fa1e04894d0dc448f156f208b5e9bffbb0c7,duplicate,46_CARUS/side_a/334465.s.jpg,CARUS
46_CARUS/side_a/58125.s.jpg,2a493d2632822c91bf9de86cb4405dee41bf7dba2f9f55dc0eabb326201342e5,duplicate,46_CARUS/side_a/366081.s.jpg,CARUS
46_CARUS/side_a/58126.s.jpg,9e28c2f2697213d79abd70e287c468a3ee004eade794ec6ab03f42a5101600cb,duplicate,46_CARUS/side_a/366082.s.jpg,CARUS
46_CARUS/side_a/59013.s.jpg,b52793fb0b20cdd92a196114e1cf47cbdfe8d3ff4c1015d8739a1c8605d40789,duplicate,46_CARUS/side_a/385303.s.jpg,CARUS
46_CARUS/side_a/59014.s.jpg,0a5f22d54a2119e608fcc29b70de56ac85f279c03b7957046243c2df81d65274,duplicate,46_CARUS/side_a/385304.s.jpg,CARUS
46_CARUS/side_a/59015.s.jpg,a46e072c99be41a926fad06f9f1c53633678fe7888b0e58a38fd2d44505fb6da,duplicate,46_CARUS/side_a/385305.s.jpg,CARUS
46_CARUS/side_a/61169.s.jpg,012e4cf8428aff872ca2e1cd04983d1624e9ec34b40aa21a3dab71500aa53503,duplicate,46_CARUS/side_a/422514.s.jpg,CARUS
46_CARUS/side_a/63278.s.jpg,82784572b21f4f69fdf81bc1b32658068661dc53a0973db4ac9c8618ad1a3537,duplicate,46_CARUS/side_a/464219.s.jpg,CARUS
46_CARUS/side_a/63279.s.jpg,2812b1f2b15f6f98895db2e587af8141e82495523f0d2043fa8ce3f68ba6d3ea,duplicate,46_CARUS/side_a/464220.s.jpg,CARUS
46_CARUS/side_a/9885885.s.jpg,0617266ae919142671cd6325f51bdaae1c37af5bdadbe54d11dd90f9d0d37dca,duplicate,46_CARUS/side_a/8507777.s.jpg,CARUS
46_CARUS/side_a/8518433.s.jpg,745a610c1561f729e74033e91b0803289cd1258072af1a202b52a414cce00fa3,label_conflict,,CARINUS|CARUS
48_CARINUS/side_a/Carinus262.jpg,745a610c1561f729e74033e91b0803289cd1258072af1a202b52a414cce00fa3,label_conflict,,CARINUS|CARUS
46_CARUS/side_a/image00047.jpg,39b911272cdea6007a4d81d045dc57f485a6368f1a182ce5a62191c3f8d25f87,label_conflict,,CARUS|NUMERIAN
47_NUMERIAN/side_a/Numerian158 (1).jpg,39b911272cdea6007a4d81d045dc57f485a6368f1a182ce5a62191c3f8d25f87,label_conflict,,CARUS|NUMERIAN
46_CARUS/side_a/image00482.jpg,f7fdf8a4ebfd03a53a79336e4a2ad0de4a7fb28c786a406b5dbb105ba83d7ccb,label_conflict,,CARINUS|CARUS
48_CARINUS/side_a/Carinus165 (1).jpg,f7fdf8a4ebfd03a53a79336e4a2ad0de4a7fb28c786a406b5dbb105ba83d7ccb,label_conflict,,CARINUS|CARUS
46_CARUS/side_a/image00511.jpg,7f86a0b28bb63df0713bec7d6a90855a0c56507c363b8156223c8eaeb33535b6,label_conflict,,CARINUS|CARUS
48_CARINUS/side_a/Carinus131 (2).jpg,7f86a0b28bb63df0713bec7d6a90855a0c56507c363b8156223c8eaeb33535b6,label_conflict,,CARINUS|CARUS
46_CARUS/side_a/image00512.jpg,61d9c7c47d68bfd37b671444d5d61e9bf5817a7ec28556d56775611cc357cf62,label_conflict,,CARINUS|CARUS|NUMERIAN
47_NUMERIAN/side_a/Numerian084 (1).jpg,61d9c7c47d68bfd37b671444d5d61e9bf5817a7ec28556d56775611cc357cf62,label_conflict,,CARINUS|CARUS|NUMERIAN
48_CARINUS/side_a/Carinus133 (1).jpg,61d9c7c47d68bfd37b671444d5d61e9bf5817a7ec28556d56775611cc357cf62,label_conflict,,CARINUS|CARUS|NUMERIAN
46_CARUS/side_a/image00556.jpg,a8f4f7c0f485abc1d08a44b9d7abadc504ff4fb9c65bbcc7e1b32fdfe940df7b,label_conflict,,CARUS|NUMERIAN
47_NUMERIAN/side_a/Numerian164 (1).jpg,a8f4f7c0f485abc1d08a44b9d7abadc504ff4fb9c65bbcc7e1b32fdfe940df7b,label_conflict,,CARUS|NUMERIAN
46_CARUS/side_a/image00575.jpg,a3713d4f5a4586dd7db90de179d6d630c38dcee6255a1a500d6c20cc93008c31,label_conflict,,CARINUS|CARUS|NUMERIAN
47_NUMERIAN/side_a/Numerian094 (1).jpg,a3713d4f5a4586dd7db90de179d6d630c38dcee6255a1a500d6c20cc93008c31,label_conflict,,CARINUS|CARUS|NUMERIAN
48_CARINUS/side_a/Carinus153 (1).jpg,a3713d4f5a4586dd7db90de179d6d630c38dcee6255a1a500d6c20cc93008c31,label_conflict,,CARINUS|CARUS|NUMERIAN
46_CARUS/side_a/image00576 (1).jpg,e42ac02e35396c21c17d62aa460091493249b3f91d5cf65b19e95637491f7a0e,label_conflict,,CARUS|NUMERIAN
47_NUMERIAN/side_a/Numerian096 (1).jpg,e42ac02e35396c21c17d62aa460091493249b3f91d5cf65b19e95637491f7a0e,label_conflict,,CARUS|NUMERIAN
46_CARUS/side_a/image00613 (1).jpg,f10fb9f10e0eb8bd577beac102859b9d4867849509713ab5582055a75a4ddd29,label_conflict,,CARUS|NUMERIAN
47_NUMERIAN/side_a/Numerian142 (1).jpg,f10fb9f10e0eb8bd577beac102859b9d4867849509713ab5582055a75a4ddd29,label_conflict,,CARUS|NUMERIAN
46_CARUS/side_a/image00613.jpg,8c9e6674da5d029321fad7bb70f867c6eda8217e57f4e6b9583d634705288788,label_conflict,,CARUS|NUMERIAN
47_NUMERIAN/side_a/Numerian124 (3).jpg,8c9e6674da5d029321fad7bb70f867c6eda8217e57f4e6b9583d634705288788,label_conflict,,CARUS|NUMERIAN
46_CARUS/side_a/image00637.jpg,c63559fef44029d787aab70f397c54a1b3b53462f04f01195d1d842f72e900e5,label_conflict,,CARINUS|CARUS|NUMERIAN
47_NUMERIAN/side_a/Numerian106 (1).jpg,c63559fef44029d787aab70f397c54a1b3b53462f04f01195d1d842f72e900e5,label_conflict,,CARINUS|CARUS|NUMERIAN
48_CARINUS/side_a/Carinus169 (1).jpg,c63559fef44029d787aab70f397c54a1b3b53462f04f01195d1d842f72e900e5,label_conflict,,CARINUS|CARUS|NUMERIAN
46_CARUS/side_a/image00905.jpg,6b6e99af30f9fab488f776e07650d526cbf08b3175a0017467cb173682c12e7b,label_conflict,,CARINUS|CARUS|NUMERIAN
47_NUMERIAN/side_a/Numerian044 (1).jpg,6b6e99af30f9fab488f776e07650d526cbf08b3175a0017467cb173682c12e7b,label_conflict,,CARINUS|CARUS|NUMERIAN
48_CARINUS/side_a/Carinus075 (3).jpg,6b6e99af30f9fab488f776e07650d526cbf08b3175a0017467cb173682c12e7b,label_conflict,,CARINUS|CARUS|NUMERIAN
46_CARUS/side_a/image00939.jpg,a7f88e29dc012e751c985cb6bb7f9a55cca933888b51d86ae9d27ce425a09b27,label_conflict,,CARUS|NUMERIAN
47_NUMERIAN/side_a/Numerian128 (1).jpg,a7f88e29dc012e751c985cb6bb7f9a55cca933888b51d86ae9d27ce425a09b27,label_conflict,,CARUS|NUMERIAN
46_CARUS/side_a/image02049.jpg,15976eacadc34def629c45f4e67a2a0da896e8eb04d76958b0c988c5f05484c6,label_conflict,,CARUS|NUMERIAN
47_NUMERIAN/side_a/Numerian120 (3).jpg,15976eacadc34def629c45f4e67a2a0da896e8eb04d76958b0c988c5f05484c6,label_conflict,,CARUS|NUMERIAN
46_CARUS/side_a/image02084.jpg,5d8461988972ad59b3fe7135375f6b1820f6bd82c6ad89bfb2b584f657f57147,label_conflict,,CARINUS|CARUS
48_CARINUS/side_a/Carinus125 (3).jpg,5d8461988972ad59b3fe7135375f6b1820f6bd82c6ad89bfb2b584f657f57147,label_conflict,,CARINUS|CARUS
46_CARUS/side_a/image03052.jpg,2df7650d75a607b6cfcebc94a4593e4bffe89400c4f19eefc891c497acbac8b4,label_conflict,,CARINUS|CARUS
48_CARINUS/side_a/Carinus080 (3).jpg,2df7650d75a607b6cfcebc94a4593e4bffe89400c4f19eefc891c497acbac8b4,label_conflict,,CARINUS|CARUS
46_CARUS/side_a/image33080.jpg,17f79e427e35120509d5b7f3b7551aea97b2cf5fba1cdfb088bb38c340a3b0f1,label_conflict,,CARUS|NUMERIAN
47_NUMERIAN/side_a/Numerian122 (3).jpg,17f79e427e35120509d5b7f3b7551aea97b2cf5fba1cdfb088bb38c340a3b0f1,label_conflict,,CARUS|NUMERIAN
47_NUMERIAN/side_a/Numerian170 (1).jpg,17f79e427e35120509d5b7f3b7551aea97b2cf5fba1cdfb088bb38c340a3b0f1,label_conflict,,CARUS|NUMERIAN
46_CARUS/side_a/image33088.jpg,2bcd34c2a2a4793878f0cbcd1c4dea4384beaf2760ba8a920e626d7ff1c854da,label_conflict,,CARINUS|CARUS|NUMERIAN
47_NUMERIAN/side_a/Numerian006 (1).jpg,2bcd34c2a2a4793878f0cbcd1c4dea4384beaf2760ba8a920e626d7ff1c854da,label_conflict,,CARINUS|CARUS|NUMERIAN
47_NUMERIAN/side_a/Numerian118 (3).jpg,2bcd34c2a2a4793878f0cbcd1c4dea4384beaf2760ba8a920e626d7ff1c854da,label_conflict,,CARINUS|CARUS|NUMERIAN
48_CARINUS/side_a/Carinus016 (3).jpg,2bcd34c2a2a4793878f0cbcd1c4dea4384beaf2760ba8a920e626d7ff1c854da,label_conflict,,CARINUS|CARUS|NUMERIAN
46_CARUS/side_a/thumb00482.jpg,0c78f0489485c7604a6df0fc2e7b78ee93fe499ee800b003d040225675757cf2,label_conflict,,CARINUS|CARUS
48_CARINUS/side_a/Carinus166 (1).jpg,0c78f0489485c7604a6df0fc2e7b78ee93fe499ee800b003d040225675757cf2,label_conflict,,CARINUS|CARUS
46_CARUS/side_a/thumb00511.jpg,352da239d19b30fb0c292add992a9b28752bcfdc21d44e240bfb31ba639bf6f3,label_conflict,,CARINUS|CARUS
48_CARINUS/side_a/Carinus132 (2).jpg,352da239d19b30fb0c292add992a9b28752bcfdc21d44e240bfb31ba639bf6f3,label_conflict,,CARINUS|CARUS
46_CARUS/side_a/thumb00512.jpg,19b9f60351a53dcd32bfdb786b1edd6802d1d9e50fda74f2939bdb27d10f4713,label_conflict,,CARINUS|CARUS|NUMERIAN
47_NUMERIAN/side_a/Numerian085 (1).jpg,19b9f60351a53dcd32bfdb786b1edd6802d1d9e50fda74f2939bdb27d10f4713,label_conflict,,CARINUS|CARUS|NUMERIAN
48_CARINUS/side_a/Carinus134 (1).jpg,19b9f60351a53dcd32bfdb786b1edd6802d1d9e50fda74f2939bdb27d10f4713,label_conflict,,CARINUS|CARUS|NUMERIAN
46_CARUS/side_a/thumb00556.jpg,4cf2aa4b53cc96de31e4e4d2fd3153132688ca9f2c71565913e5769e93772ef6,label_conflict,,CARUS|NUMERIAN
47_NUMERIAN/side_a/Numerian165 (1).jpg,4cf2aa4b53cc96de31e4e4d2fd3153132688ca9f2c71565913e5769e93772ef6,label_conflict,,CARUS|NUMERIAN
46_CARUS/side_a/thumb00575.jpg,b5e911942a25c58d0c01074e3810dc3e057f80e3da26f19e4e512965646b14a6,label_conflict,,CARINUS|CARUS|NUMERIAN
47_NUMERIAN/side_a/Numerian095 (1).jpg,b5e911942a25c58d0c01074e3810dc3e057f80e3da26f19e4e512965646b14a6,label_conflict,,CARINUS|CARUS|NUMERIAN
48_CARINUS/side_a/Carinus154 (1).jpg,b5e911942a25c58d0c01074e3810dc3e057f80e3da26f19e4e512965646b14a6,label_conflict,,CARINUS|CARUS|NUMERIAN
46_CARUS/side_a/thumb00576 (1).jpg,1763309d90fce0b589f9a66a506a158c9d601bbca759349a1b0d3a773b410041,label_conflict,,CARUS|NUMERIAN
47_NUMERIAN/side_a/Numerian097 (1).jpg,1763309d90fce0b589f9a66a506a158c9d601bbca759349a1b0d3a773b410041,label_conflict,,CARUS|NUMERIAN
46_CARUS/side_a/thumb00613 (1).jpg,95bc04a7857aefeef38dd1ec479e8852399cc3462881a9e7dba154971c2ae35d,label_conflict,,CARUS|NUMERIAN
47_NUMERIAN/side_a/Numerian143 (1).jpg,95bc04a7857aefeef38dd1ec479e8852399cc3462881a9e7dba154971c2ae35d,label_conflict,,CARUS|NUMERIAN
46_CARUS/side_a/thumb00637.jpg,63857466c7179625fabfd6611e5f919473d24210720fc4690dccf1203ee3d04e,label_conflict,,CARINUS|CARUS|NUMERIAN
47_NUMERIAN/side_a/Numerian107 (1).jpg,63857466c7179625fabfd6611e5f919473d24210720fc4690dccf1203ee3d04e,label_conflict,,CARINUS|CARUS|NUMERIAN
48_CARINUS/side_a/Carinus170 (1).jpg,63857466c7179625fabfd6611e5f919473d24210720fc4690dccf1203ee3d04e,label_conflict,,CARINUS|CARUS|NUMERIAN
46_CARUS/side_a/thumb00905.jpg,254b3852936de61f54285ac74886683215badfdb0c4739f2004fbdc291eb87c5,label_conflict,,CARINUS|CARUS|NUMERIAN
47_NUMERIAN/side_a/Numerian045 (1).jpg,254b3852936de61f54285ac74886683215badfdb0c4739f2004fbdc291eb87c5,label_conflict,,CARINUS|CARUS|NUMERIAN
48_CARINUS/side_a/Carinus076 (3).jpg,254b3852936de61f54285ac74886683215badfdb0c4739f2004fbdc291eb87c5,label_conflict,,CARINUS|CARUS|NUMERIAN
46_CARUS/side_a/thumb00939.jpg,cd20e9b50d5f733fb917dccae4b03df427bd80b03280d11530e10a49a9bfb4a7,label_conflict,,CARUS|NUMERIAN
47_NUMERIAN/side_a/Numerian129 (1).jpg,cd20e9b50d5f733fb917dccae4b03df427bd80b03280d11530e10a49a9bfb4a7,label_conflict,,CARUS|NUMERIAN
46_CARUS/side_a/thumb02049.jpg,b0029471eae50cf20be0a9b0f629898f650ef82a562aaed2834248d37bc69812,label_conflict,,CARUS|NUMERIAN
47_NUMERIAN/side_a/Numerian121 (3).jpg,b0029471eae50cf20be0a9b0f629898f650ef82a562aaed2834248d37bc69812,label_conflict,,CARUS|NUMERIAN
46_CARUS/side_a/thumb02084.jpg,f763ba42741982f5ef393952e50bb6656b9d72a7331554a147064c9bd3e9638c,label_conflict,,CARINUS|CARUS
48_CARINUS/side_a/Carinus126 (3).jpg,f763ba42741982f5ef393952e50bb6656b9d72a7331554a147064c9bd3e9638c,label_conflict,,CARINUS|CARUS
46_CARUS/side_a/thumb03052.jpg,3500336c8f016b700b22134983a7dcf6f19a7f369ef2e7c0254055603033479c,label_conflict,,CARINUS|CARUS|NUMERIAN
47_NUMERIAN/side_a/Numerian049 (1).jpg,3500336c8f016b700b22134983a7dcf6f19a7f369ef2e7c0254055603033479c,label_conflict,,CARINUS|CARUS|NUMERIAN
48_CARINUS/side_a/Carinus081 (3).jpg,3500336c8f016b700b22134983a7dcf6f19a7f369ef2e7c0254055603033479c,label_conflict,,CARINUS|CARUS|NUMERIAN
46_CARUS/side_a/thumb33080.jpg,5ad20faa961082655747927414ca04af518b878684083b3ffd47c348594304b1,label_conflict,,CARUS|NUMERIAN
47_NUMERIAN/side_a/Numerian123 (3).jpg,5ad20faa961082655747927414ca04af518b878684083b3ffd47c348594304b1,label_conflict,,CARUS|NUMERIAN
47_NUMERIAN/side_a/Numerian171 (1).jpg,5ad20faa961082655747927414ca04af518b878684083b3ffd47c348594304b1,label_conflict,,CARUS|NUMERIAN
46_CARUS/side_a/thumb33088.jpg,780dfa0e1d0dadd13ac523d8544854e09e1e478311b2e2cabee2e23e17cee6c8,label_conflict,,CARINUS|CARUS|NUMERIAN
47_NUMERIAN/side_a/Numerian007 (1).jpg,780dfa0e1d0dadd13ac523d8544854e09e1e478311b2e2cabee2e23e17cee6c8,label_conflict,,CARINUS|CARUS|NUMERIAN
47_NUMERIAN/side_a/Numerian119 (3).jpg,780dfa0e1d0dadd13ac523d8544854e09e1e478311b2e2cabee2e23e17cee6c8,label_conflict,,CARINUS|CARUS|NUMERIAN
48_CARINUS/side_a/Carinus017 (3).jpg,780dfa0e1d0dadd13ac523d8544854e09e1e478311b2e2cabee2e23e17cee6c8,label_conflict,,CARINUS|CARUS|NUMERIAN
47_NUMERIAN/side_a/Numerian1 (1).jpg,d7643df88d437d42e6a89caa69953df1962f5aab2d697f9ad27c797a0eeb75f7,duplicate,47_NUMERIAN/side_a/Numerian001 (2).jpg,NUMERIAN
47_NUMERIAN/side_a/Numerian2 (1).jpg,310bc3c57f4a0b530dce556f2b39ca539897f2180a5743f3ed85a49b4cc84763,duplicate,47_NUMERIAN/side_a/Numerian002 (2).jpg,NUMERIAN
47_NUMERIAN/side_a/Numerian3 (1).jpg,e2a3ba2020b97294b490c9ab74a319af51a3776729064f6f484789ecd63b0d71,duplicate,47_NUMERIAN/side_a/Numerian003 (2).jpg,NUMERIAN
47_NUMERIAN/side_a/Numerian4 (1).jpg,1c3842d9d0f2df1c632da6feefa005a7fc07fc1027e02844cdf4788097ba567c,duplicate,47_NUMERIAN/side_a/Numerian004 (2).jpg,NUMERIAN
47_NUMERIAN/side_a/Numerian5 (1).jpg,b9051dc3372d2328353191e45dab2eb2c36a70982db0c333425199bef82f9022,duplicate,47_NUMERIAN/side_a/Numerian005 (2).jpg,NUMERIAN
47_NUMERIAN/side_a/Numerian6 (1).jpg,231f068d4db88b1274602d4527b73aec41b1e555e596e1ca87a2563cbb13ff3d,duplicate,47_NUMERIAN/side_a/Numerian006 (2).jpg,NUMERIAN
47_NUMERIAN/side_a/Numerian7 (1).jpg,a7fe87e811995cad7f6962800322fc937690395c64874d8e7380c217a7448b2c,duplicate,47_NUMERIAN/side_a/Numerian007 (2).jpg,NUMERIAN
47_NUMERIAN/side_a/Numerian8.jpg,7b94f1948b8ffbf44a5e9ed1e2e929eb2f0d9b8c8f59f058b62eab18f28836b7,duplicate,47_NUMERIAN/side_a/Numerian008 (2).jpg,NUMERIAN
47_NUMERIAN/side_a/Numerian01 (5).jpg,d2e0356ffee6d81bd02ff2a1d0eb86750aaeecc4f3239d2cbe5af33333aacdb7,duplicate,47_NUMERIAN/side_a/Numerian009 (2).jpg,NUMERIAN
47_NUMERIAN/side_a/Numerian01 (2).jpg,abd5181a28a742e799f4603c5030139c28df2b5010044e9f87d57fddfdda616e,label_conflict,,CARINUS|NUMERIAN
48_CARINUS/side_a/Carinus007 (1).jpg,abd5181a28a742e799f4603c5030139c28df2b5010044e9f87d57fddfdda616e,label_conflict,,CARINUS|NUMERIAN
47_NUMERIAN/side_a/Numerian232.jpg,d8a44e7ae09b2980f19cdd33e3d8c40545a2948ec86db099cd1878831b1bb3bd,duplicate,47_NUMERIAN/side_a/Numerian01 (6).jpg,NUMERIAN
47_NUMERIAN/side_a/Numerian02 (5).jpg,781fcb9cd5038e42f3d3e583b74ad076bd43619d4d0e9ee771dba2ffca947ca7,duplicate,47_NUMERIAN/side_a/Numerian010 (2).jpg,NUMERIAN
47_NUMERIAN/side_a/Numerian03 (5).jpg,c956a0800d2aa890b9e15b5a9a9d21906655d82172837a3b4e2d77ee4ed85514,duplicate,47_NUMERIAN/side_a/Numerian011 (2).jpg,NUMERIAN
47_NUMERIAN/side_a/Numerian04 (5).jpg,4eb067c4d760fe1f927679810b3608044d89d0de5171e52368d15ceabcef372d,duplicate,47_NUMERIAN/side_a/Numerian012 (2).jpg,NUMERIAN
47_NUMERIAN/side_a/Numerian05 (5).jpg,988e2e879566cff25b2c76789bac015bc3eee3b492fc9ae39b1cbd46d99217c4,duplicate,47_NUMERIAN/side_a/Numerian013 (2).jpg,NUMERIAN
47_NUMERIAN/side_a/Numerian203 (1).jpg,6b369307ade7a2fb58d061c1078fe2839bd954932e70f05e0b6e126f224cfdbd,duplicate,47_NUMERIAN/side_a/Numerian013 (3).jpg,NUMERIAN
47_NUMERIAN/side_a/Numerian014 (1).jpg,0133284821f608675f548397b43f4d455db68250265da92619da4ed2d3ceeb64,label_conflict,,CARINUS|NUMERIAN
48_CARINUS/side_a/Carinus024 (3).jpg,0133284821f608675f548397b43f4d455db68250265da92619da4ed2d3ceeb64,label_conflict,,CARINUS|NUMERIAN
47_NUMERIAN/side_a/Numerian06 (5).jpg,de7cda06d9747e30cd508c28115ccb73cbdc4113b09c99370462e59f333062d1,duplicate,47_NUMERIAN/side_a/Numerian014 (2).jpg,NUMERIAN
47_NUMERIAN/side_a/Numerian204 (1).jpg,6487bcad77dd41e39f896be689b6ecde6f51cbe87076c4e7d9aa677adc6d0185,duplicate,47_NUMERIAN/side_a/Numerian014 (3).jpg,NUMERIAN
47_NUMERIAN/side_a/Numerian015 (1).jpg,deaab72abd4e4fc7bbd0143e16174140654d46c7852f8c24cf824d6fb4911c4c,label_conflict,,CARINUS|NUMERIAN
48_CARINUS/side_a/Carinus025 (3).jpg,deaab72abd4e4fc7bbd0143e16174140654d46c7852f8c24cf824d6fb4911c4c,label_conflict,,CARINUS|NUMERIAN
47_NUMERIAN/side_a/Numerian02 (3).jpg,1e095c28daae037f873dc14d1100c4b251eb7bf4669c1f697627a3702e759c5f,duplicate,47_NUMERIAN/side_a/Numerian02 (1).jpg,NUMERIAN
47_NUMERIAN/side_a/Numerian03 (2).jpg,d69e6cbb49a73eb5f2f32e6fc3f43518da15cfce46b50d7872ec1c9e4c7f995f,duplicate,47_NUMERIAN/side_a/Numerian02.jpg,NUMERIAN
47_NUMERIAN/side_a/Numerian03 (1).jpg,0973f054135114dbe53b258d2a16e92e77ee55cbbc38325e87de7107655e24d4,label_conflict,,CARINUS|NUMERIAN
47_NUMERIAN/side_a/Numerian03 (3).jpg,0973f054135114dbe53b258d2a16e92e77ee55cbbc38325e87de7107655e24d4,label_conflict,,CARINUS|NUMERIAN
48_CARINUS/side_a/Carinus29.jpg,0973f054135114dbe53b258d2a16e92e77ee55cbbc38325e87de7107655e24d4,label_conflict,,CARINUS|NUMERIAN
47_NUMERIAN/side_a/Numerian226.jpg,251b62f568709d72ca5b13d9e36e025c9a4fe585bd0aa82f021e23174f8600e8,duplicate,47_NUMERIAN/side_a/Numerian03 (6).jpg,NUMERIAN
47_NUMERIAN/side_a/Numerian235.jpg,251b62f568709d72ca5b13d9e36e025c9a4fe585bd0aa82f021e23174f8600e8,duplicate,47_NUMERIAN/side_a/Numerian03 (6).jpg,NUMERIAN
47_NUMERIAN/side_a/Numerian250.jpg,251b62f568709d72ca5b13d9e36e025c9a4fe585bd0aa82f021e23174f8600e8,duplicate,47_NUMERIAN/side_a/Numerian03 (6).jpg,NUMERIAN
47_NUMERIAN/side_a/Numerian04 (2).jpg,4c4c10871ee48286042c496ce585e0ad8356d534d63b6bc46aa395faaf26b059,duplicate,47_NUMERIAN/side_a/Numerian03.jpg,NUMERIAN
47_NUMERIAN/side_a/Numerian04 (1).jpg,d138d741502781d3aecc7ad65da54b10e2b17c6f846c6297ba67d9b1ab698668,label_conflict,,CARINUS|NUMERIAN
47_NUMERIAN/side_a/Numerian04 (3).jpg,d138d741502781d3aecc7ad65da54b10e2b17c6f846c6297ba67d9b1ab698668,label_conflict,,CARINUS|NUMERIAN
48_CARINUS/side_a/Carinus30.jpg,d138d741502781d3aecc7ad65da54b10e2b17c6f846c6297ba67d9b1ab698668,label_conflict,,CARINUS|NUMERIAN
47_NUMERIAN/side_a/Numerian236.jpg,ecdaeff265ac12f54dd686737e82f116381a1ecda233f2e9665a2e4b65d77f67,duplicate,47_NUMERIAN/side_a/Numerian04 (6).jpg,NUMERIAN
47_NUMERIAN/side_a/Numerian05 (2).jpg,aa27fb23cb19acedca45e6ed1d34b14aaeb8f943418f313e8fe8a1a7e1dcc952,duplicate,47_NUMERIAN/side_a/Numerian04.jpg,NUMERIAN
47_NUMERIAN/side_a/Numerian042 (2).jpg,2f1ce100971bd25e4cbc4ee5faeddbcd70da802546d881791090c4f8983ebd69,label_conflict,,CARINUS|NUMERIAN
48_CARINUS/side_a/Carinus007 (4).jpg,2f1ce100971bd25e4cbc4ee5faeddbcd70da802546d881791090c4f8983ebd69,label_conflict,,CARINUS|NUMERIAN
47_NUMERIAN/side_a/Numerian044 (3).jpg,9be572f640809a70c9085127570dfc34842ad4a1e8e32e35fde32235afa9c87e,label_conflict,,CARINUS|NUMERIAN
48_CARINUS/side_a/Carinus012 (4).jpg,9be572f640809a70c9085127570dfc34842ad4a1e8e32e35fde32235afa9c87e,label_conflict,,CARINUS|NUMERIAN
47_NUMERIAN/side_a/Numerian05 (1).jpg,d1efa23eee4b680985059b871887e7d1c4b6188a4536adf238be9eb7a1546d65,label_conflict,,CARINUS|NUMERIAN
47_NUMERIAN/side_a/Numerian05 (3).jpg,d1efa23eee4b680985059b871887e7d1c4b6188a4536adf238be9eb7a1546d65,label_conflict,,CARINUS|NUMERIAN
48_CARINUS/side_a/Carinus31.jpg,d1efa23eee4b680985059b871887e7d1c4b6188a4536adf238be9eb7a1546d65,label_conflict,,CARINUS|NUMERIAN
47_NUMERIAN/side_a/Numerian237.jpg,8cfd479692a65885bc356150965cadbeb93cec2d00b89b080c18c45c7f976be7,duplicate,47_NUMERIAN/side_a/Numerian05 (6).jpg,NUMERIAN
47_NUMERIAN/side_a/Numerian06 (2).jpg,87be14aff88467c172df66f7408cd0501e2a337a7510317c12744626c605e584,duplicate,47_NUMERIAN/side_a/Numerian05.jpg,NUMERIAN
47_NUMERIAN/side_a/Numerian056 (1).jpg,72020d70b47e7124631f368fb5b1ccd2f287834d632d24e90071f954c90cf4b1,label_conflict,,CARINUS|NUMERIAN
48_CARINUS/side_a/Carinus086 (3).jpg,72020d70b47e7124631f368fb5b1ccd2f287834d632d24e90071f954c90cf4b1,label_conflict,,CARINUS|NUMERIAN
47_NUMERIAN/side_a/Numerian057 (1).jpg,0532262f0f00b103bb1d2002ba9d1b0b7760fdc5229e9243d0dbcd3b15996d05,label_conflict,,CARINUS|NUMERIAN
48_CARINUS/side_a/Carinus087 (3).jpg,0532262f0f00b103bb1d2002ba9d1b0b7760fdc5229e9243d0dbcd3b15996d05,label_conflict,,CARINUS|NUMERIAN
47_NUMERIAN/side_a/Numerian238.jpg,d7cbc8bda22fd227b0abf8a05c841698a8ef068d1dcb3ff32ea182e7a773bf02,duplicate,47_NUMERIAN/side_a/Numerian06 (6).jpg,NUMERIAN
47_NUMERIAN/side_a/Numerian07 (2).jpg,0cbfe90b4584097045fe608218bfdb16c1916b67a845b14c5624748618c6f645,duplicate,47_NUMERIAN/side_a/Numerian06.jpg,NUMERIAN
47_NUMERIAN/side_a/Numerian54 (2).jpg,15a22d59e0067a2454ba33cac342c23b12ea46adf51541c0e077bb5b0cadb2ee,duplicate,47_NUMERIAN/side_a/Numerian07 (5).jpg,NUMERIAN
47_NUMERIAN/side_a/Numerian239.jpg,2dbe6d8a00d5e4ac39858fde8625ac28f8a42034bb48e043b4df8d9e31203870,duplicate,47_NUMERIAN/side_a/Numerian07 (6).jpg,NUMERIAN
47_NUMERIAN/side_a/Numerian072 (1).jpg,78f10658ce42411d3df5f9ef7263081b5cd057ec26642cf22bc4ffb64f73d664,label_conflict,,CARINUS|NUMERIAN
48_CARINUS/side_a/Carinus104 (3).jpg,78f10658ce42411d3df5f9ef7263081b5cd057ec26642cf22bc4ffb64f73d664,label_conflict,,CARINUS|NUMERIAN
47_NUMERIAN/side_a/Numerian083 (2).jpg,d96a324e58f0bc1f500c973c0a1fb7ee6b9557de6cb13e61d85e3cdd08b1fff4,duplicate,47_NUMERIAN/side_a/Numerian074 (2).jpg,NUMERIAN
47_NUMERIAN/side_a/Numerian078 (1).jpg,42ecc26ffeacb7828a92e5dae85f8e1b901dcdd9ee1f7434fc4ab0be97bda0c8,label_conflict,,CARINUS|NUMERIAN
48_CARINUS/side_a/Carinus118 (3).jpg,42ecc26ffeacb7828a92e5dae85f8e1b901dcdd9ee1f7434fc4ab0be97bda0c8,label_conflict,,CARINUS|NUMERIAN
47_NUMERIAN/side_a/Numerian079 (1).jpg,18dbfd63590dd6425e77db8b7c6e0d11ad606f4fe9f63e695e0e3607d179aaa1,label_conflict,,CARINUS|NUMERIAN
48_CARINUS/side_a/Carinus119 (3).jpg,18dbfd63590dd6425e77db8b7c6e0d11ad606f4fe9f63e695e0e3607d179aaa1,label_conflict,,CARINUS|NUMERIAN
47_NUMERIAN/side_a/Numerian080 (2).jpg,7310bb1fb1368d1d9d3223c4ceb3ca5b44ef6e36a5df9a5074de951b4d759348,duplicate,47_NUMERIAN/side_a/Numerian079 (2).jpg,NUMERIAN
47_NUMERIAN/side_a/Numerian08 (1).jpg,52a0cd7ef5a55e5d98f0fc5dfa67184636612f708fb3eb56df62840dff655c42,label_conflict,,CARINUS|NUMERIAN
47_NUMERIAN/side_a/Numerian08 (3).jpg,52a0cd7ef5a55e5d98f0fc5dfa67184636612f708fb3eb56df62840dff655c42,label_conflict,,CARINUS|NUMERIAN
48_CARINUS/side_a/Carinus36.jpg,52a0cd7ef5a55e5d98f0fc5dfa67184636612f708fb3eb56df62840dff655c42,label_conflict,,CARINUS|NUMERIAN
47_NUMERIAN/side_a/Numerian55 (2).jpg,0372cf227a3fd0f6026679c26ad66ab03236ba0407d8208ef11bdefb240f9a82,duplicate,47_NUMERIAN/side_a/Numerian08 (5).jpg,NUMERIAN
47_NUMERIAN/side_a/Numerian240.jpg,5114da5977161dc9ccedb09ea18f7d88f34e7c69e25622e0a81e24e7d01fb770,duplicate,47_NUMERIAN/side_a/Numerian08 (6).jpg,NUMERIAN
47_NUMERIAN/side_a/Numerian082 (1).jpg,5e5b073181ebd4a2cbc4ec943757c07c3560da95acc08e7aaaa977a98113cead,label_conflict,,CARINUS|NUMERIAN
48_CARINUS/side_a/Carinus129 (2).jpg,5e5b073181ebd4a2cbc4ec943757c07c3560da95acc08e7aaaa977a98113cead,label_conflict,,CARINUS|NUMERIAN
47_NUMERIAN/side_a/Numerian083 (1).jpg,c3884e6fc63c112c0e515eb0e3fe09e0115efe9af0c673b64e38a37294f2d132,label_conflict,,CARINUS|NUMERIAN
48_CARINUS/side_a/Carinus130 (2).jpg,c3884e6fc63c112c0e515eb0e3fe09e0115efe9af0c673b64e38a37294f2d132,label_conflict,,CARINUS|NUMERIAN
47_NUMERIAN/side_a/Numerian086 (1).jpg,3b4df0784082f1e5260842e41930b7cb559b31a43b33cf9acec3e3216576b4ee,label_conflict,,CARINUS|NUMERIAN
48_CARINUS/side_a/Carinus135 (1).jpg,3b4df0784082f1e5260842e41930b7cb559b31a43b33cf9acec3e3216576b4ee,label_conflict,,CARINUS|NUMERIAN
47_NUMERIAN/side_a/Numerian093 (3).jpg,c23cf21b4d35406dd638e4d2d0fbea089f42e46d1cb4a775f501214d06c37d5c,duplicate,47_NUMERIAN/side_a/Numerian089 (3).jpg,NUMERIAN
47_NUMERIAN/side_a/Numerian09 (1).jpg,b59ea2721c2033ca1595c95c3ef7cc051d003750c8f5927cd40d143066bfc129,label_conflict,,CARINUS|NUMERIAN
47_NUMERIAN/side_a/Numerian09 (3).jpg,b59ea2721c2033ca1595c95c3ef7cc051d003750c8f5927cd40d143066bfc129,label_conflict,,CARINUS|NUMERIAN
48_CARINUS/side_a/Carinus37.jpg,b59ea2721c2033ca1595c95c3ef7cc051d003750c8f5927cd40d143066bfc129,label_conflict,,CARINUS|NUMERIAN
47_NUMERIAN/side_a/Numerian56 (2).jpg,e9d68a91edb4d948490d7535f01d0063fced3c570aa46d6083594a868b233081,duplicate,47_NUMERIAN/side_a/Numerian09 (5).jpg,NUMERIAN
47_NUMERIAN/side_a/Numerian241.jpg,12c4641bf84bd7f8d09e128b53092cda73cec05e51bd958a54a73cf9bb7751fd,duplicate,47_NUMERIAN/side_a/Numerian09 (6).jpg,NUMERIAN
47_NUMERIAN/side_a/Numerian10 (1).jpg,ef2c6ec256a2348ce4d53808aa6d857b38c3ecde5223b1d88e699779f8b6090a,label_conflict,,CARINUS|NUMERIAN
47_NUMERIAN/side_a/Numerian10 (3).jpg,ef2c6ec256a2348ce4d53808aa6d857b38c3ecde5223b1d88e699779f8b6090a,label_conflict,,CARINUS|NUMERIAN
48_CARINUS/side_a/Carinus38.jpg,ef2c6ec256a2348ce4d53808aa6d857b38c3ecde5223b1d88e699779f8b6090a,label_conflict,,CARINUS|NUMERIAN
47_NUMERIAN/side_a/Numerian57 (2).jpg,47eff33e82fb026e543cbc39ca90744b152383b20c7a5090b6385aaf0f1eff46,duplicate,47_NUMERIAN/side_a/Numerian10 (5).jpg,NUMERIAN
47_NUMERIAN/side_a/Numerian242.jpg,551fb131e8efa974494a41fcc60a18afef65d58f52086f68c27a0283104de820,duplicate,47_NUMERIAN/side_a/Numerian10 (6).jpg,NUMERIAN
47_NUMERIAN/side_a/Numerian11 (1).jpg,5837cdecd2e0178319cbdd639a9fe06f44554648022aad68176a60e5ca529c9b,label_conflict,,CARINUS|NUMERIAN
47_NUMERIAN/side_a/Numerian11 (3).jpg,5837cdecd2e0178319cbdd639a9fe06f44554648022aad68176a60e5ca529c9b,label_conflict,,CARINUS|NUMERIAN
48_CARINUS/side_a/Carinus39.jpg,5837cdecd2e0178319cbdd639a9fe06f44554648022aad68176a60e5ca529c9b,label_conflict,,CARINUS|NUMERIAN
47_NUMERIAN/side_a/Numerian58 (2).jpg,011368de198af7c90d025161d029c8c97e34b236e3c7b8e11ade44b13ce99ab4,duplicate,47_NUMERIAN/side_a/Numerian11 (5).jpg,NUMERIAN
47_NUMERIAN/side_a/Numerian243.jpg,e6f70dc6ebaa5f553177ce69354304a0613d6faa1f6698f5f41e5dd8ad43632b,duplicate,47_NUMERIAN/side_a/Numerian11 (6).jpg,NUMERIAN
47_NUMERIAN/side_a/Numerian12 (2).jpg,63c49cd66a59c3c67ae4154e3ca53ae5250949e2cce68bcfd2b70c3ed3289ff1,duplicate,47_NUMERIAN/side_a/Numerian11.jpg,NUMERIAN
47_NUMERIAN/side_a/Numerian33 (3).jpg,7e809cd6c21493d73f2627faab6ba0fe70b6d9c1eecc7f7cb9b98d6bc189c702,duplicate,47_NUMERIAN/side_a/Numerian111 (3).jpg,NUMERIAN
47_NUMERIAN/side_a/Numerian34 (3).jpg,0d6942f665d7fd72424b68132809368303e0410b395d3eee0d67fe5f9805bfdd,duplicate,47_NUMERIAN/side_a/Numerian112 (3).jpg,NUMERIAN
47_NUMERIAN/side_a/Numerian35 (3).jpg,50cacc1cf208dd78f1e99af9f52fcaeb628f900af58b7373b4a256529e38f979,duplicate,47_NUMERIAN/side_a/Numerian113 (3).jpg,NUMERIAN
47_NUMERIAN/side_a/Numerian58 (3).jpg,64900505307524f46e47e873febceb3aed1dc15b056de113c41ae3865399f21a,duplicate,47_NUMERIAN/side_a/Numerian117 (3).jpg,NUMERIAN
47_NUMERIAN/side_a/Numerian59 (2).jpg,2a8a43175ea3741e1ca054c98cccd823432d8c2b89ca271c8b1da08cd61f8f6e,duplicate,47_NUMERIAN/side_a/Numerian12 (5).jpg,NUMERIAN
47_NUMERIAN/side_a/Numerian244.jpg,2dab739b02db12570bfa09d9243be1f5eba9a85a55b5009af0f9df8739a24a68,duplicate,47_NUMERIAN/side_a/Numerian12 (6).jpg,NUMERIAN
47_NUMERIAN/side_a/Numerian13 (2).jpg,3f136ac0b1e15b2df1b7e3052d30f0731556eea7b4cb8a919c38d34836c3b4ba,duplicate,47_NUMERIAN/side_a/Numerian12.jpg,NUMERIAN
47_NUMERIAN/side_a/Numerian13 (1).jpg,d3272b34295fd43bf145e04ecd0b8a6b256097ed187b3479a77021a941375c71,label_conflict,,CARINUS|NUMERIAN
47_NUMERIAN/side_a/Numerian13 (3).jpg,d3272b34295fd43bf145e04ecd0b8a6b256097ed187b3479a77021a941375c71,label_conflict,,CARINUS|NUMERIAN
48_CARINUS/side_a/Carinus44.jpg,d3272b34295fd43bf145e04ecd0b8a6b256097ed187b3479a77021a941375c71,label_conflict,,CARINUS|NUMERIAN
47_NUMERIAN/side_a/Numerian60 (2).jpg,e5c05629e5c4ee580aca4d3f9f2d368bf40320bdb3a4aaac2de996ecb24e2ec7,duplicate,47_NUMERIAN/side_a/Numerian13 (5).jpg,NUMERIAN
47_NUMERIAN/side_a/Numerian246.jpg,1645872fae72c6186f33b29f345003401ab6a6c467fef0531c9600504f333e56,duplicate,47_NUMERIAN/side_a/Numerian13 (6).jpg,NUMERIAN
47_NUMERIAN/side_a/Numerian14 (3).jpg,dce9ac07e4558aaf6cdf0f8007bd31d6edfe7d9fe50a8ccbb2abc8c15cfd0909,duplicate,47_NUMERIAN/side_a/Numerian14 (1).jpg,NUMERIAN
47_NUMERIAN/side_a/Numerian248.jpg,b06c0d29013fb26c28fa5db5bb740e3049472aeaa86ad20b169a56fdcb0740a5,duplicate,47_NUMERIAN/side_a/Numerian14 (5).jpg,NUMERIAN
47_NUMERIAN/side_a/Numerian145 (2).jpg,56b7b772e9d061fc21b94981e0a028493ed6d394a0271404443982c9b8e1a42f,label_conflict,,CARINUS|NUMERIAN
48_CARINUS/side_a/Carinus005 (4).jpg,56b7b772e9d061fc21b94981e0a028493ed6d394a0271404443982c9b8e1a42f,label_conflict,,CARINUS|NUMERIAN
47_NUMERIAN/side_a/Numerian15 (3).jpg,7d3c7c250dbf742b8e73e9c3f7c50e48f16945dc5f9059c7beb8db50a1b83631,duplicate,47_NUMERIAN/side_a/Numerian15 (1).jpg,NUMERIAN
47_NUMERIAN/side_a/Numerian16 (3).jpg,6e5daf951a4aaf2b330e613e5cc20311ec25bf06fbcff664b407e97a322ad242,duplicate,47_NUMERIAN/side_a/Numerian16 (1).jpg,NUMERIAN
47_NUMERIAN/side_a/Numerian161 (2).jpg,fee3dde65361b9f369ef7324660de7ccd976acd8eff878b27a92a5f42df640c4,label_conflict,,CARINUS|NUMERIAN
48_CARINUS/side_a/Carinus009 (4).jpg,fee3dde65361b9f369ef7324660de7ccd976acd8eff878b27a92a5f42df640c4,label_conflict,,CARINUS|NUMERIAN
47_NUMERIAN/side_a/Numerian165 (2).jpg,1d216c20ab9bb169fe6db16e6f5dd8a85fb7a08e2dd97056c50399d03307af26,label_conflict,,CARINUS|NUMERIAN
48_CARINUS/side_a/Carinus004 (4).jpg,1d216c20ab9bb169fe6db16e6f5dd8a85fb7a08e2dd97056c50399d03307af26,label_conflict,,CARINUS|NUMERIAN
47_NUMERIAN/side_a/Numerian17 (1).jpg,f2bd5c756a575194296c5d96dcdf2d6f8dd1a3f22449dfc0f1f2683a90118fdf,label_conflict,,CARINUS|NUMERIAN
47_NUMERIAN/side_a/Numerian17 (3).jpg,f2bd5c756a575194296c5d96dcdf2d6f8dd1a3f22449dfc0f1f2683a90118fdf,label_conflict,,CARINUS|NUMERIAN
48_CARINUS/side_a/Carinus51.jpg,f2bd5c756a575194296c5d96dcdf2d6f8dd1a3f22449dfc0f1f2683a90118fdf,label_conflict,,CARINUS|NUMERIAN
47_NUMERIAN/side_a/Numerian176 (1).jpg,9ca171c1c0d48d21d3f8618837c3798e099e3714f5c31d7f8b3300ffdf8510f1,label_conflict,,CARINUS|NUMERIAN
48_CARINUS/side_a/Carinus177 (1).jpg,9ca171c1c0d48d21d3f8618837c3798e099e3714f5c31d7f8b3300ffdf8510f1,label_conflict,,CARINUS|NUMERIAN
47_NUMERIAN/side_a/Numerian177 (1).jpg,aadd1419a399c75148d118ebf1236c8e1480db86b6b94880d6d9f5852f71f5d3,label_conflict,,CARINUS|NUMERIAN
48_CARINUS/side_a/Carinus178 (1).jpg,aadd1419a399c75148d118ebf1236c8e1480db86b6b94880d6d9f5852f71f5d3,label_conflict,,CARINUS|NUMERIAN
47_NUMERIAN/side_a/Numerian18 (3).jpg,931356f530e522fbf559f033cf8bfd81e0556c205d4d93894927e6e2457fa93b,duplicate,47_NUMERIAN/side_a/Numerian18 (1).jpg,NUMERIAN
47_NUMERIAN/side_a/Numerian207 (1).jpg,d7d9e1b5f28073c8faa134c61318e00d52e683fdb6ee35eb5db215b05d847cbb,duplicate,47_NUMERIAN/side_a/Numerian182 (2).jpg,NUMERIAN
47_NUMERIAN/side_a/Numerian208 (1).jpg,69995a093de0102abe13832090db98adf81f13435a2daccd034e0d9e7d92d2c2,label_conflict,,CARINUS|NUMERIAN
48_CARINUS/side_a/Carinus018 (4).jpg,69995a093de0102abe13832090db98adf81f13435a2daccd034e0d9e7d92d2c2,label_conflict,,CARINUS|NUMERIAN
47_NUMERIAN/side_a/Numerian22 (1).jpg,996b53c106c9d3cfa3102c01302993d2c23ec85a03d3db69744d0f590f3b6b7c,duplicate,47_NUMERIAN/side_a/Numerian212.jpg,NUMERIAN
47_NUMERIAN/side_a/Numerian23 (1).jpg,76bc436a951cb016bc7710b21e4e5fd900319e184fb7376f10a606e3f1d3d1dc,duplicate,47_NUMERIAN/side_a/Numerian213.jpg,NUMERIAN
47_NUMERIAN/side_a/Numerian24 (1).jpg,09e65e17f203eb34f195b9c16681beb9ff33c04f325eee59cd125b1014c274dc,duplicate,47_NUMERIAN/side_a/Numerian214.jpg,NUMERIAN
47_NUMERIAN/side_a/Numerian25 (1).jpg,f668489c3e66b2c74c6df30d273209785e4ebaef2b2a6b687f9811b1a3eacc11,duplicate,47_NUMERIAN/side_a/Numerian215.jpg,NUMERIAN
47_NUMERIAN/side_a/Numerian26 (1).jpg,5c381f127d8e69587b12dd34dff015f11b2912c2816fcc6231e48da34fc91165,duplicate,47_NUMERIAN/side_a/Numerian216.jpg,NUMERIAN
47_NUMERIAN/side_a/Numerian27 (1).jpg,0a6e12c21d67203bd2ddaaa960ad5e38918f25f8a5ef707eb1d1d70a9911097c,duplicate,47_NUMERIAN/side_a/Numerian217.jpg,NUMERIAN
47_NUMERIAN/side_a/Numerian249.jpg,08ba1d02f93aa6ca35abc2ebd7bd872513c4c685ee4fa9f4ded5cc5793c0e873,duplicate,47_NUMERIAN/side_a/Numerian225.jpg,NUMERIAN
47_NUMERIAN/side_a/Numerian251.jpg,75047f745b7e2937bc50a8d32da1ba1e19afaafbd4a58c9ed9f203a354f90d9f,duplicate,47_NUMERIAN/side_a/Numerian227.jpg,NUMERIAN
47_NUMERIAN/side_a/Numerian252.jpg,63616dfb9900400a7a99ea21ef2f01cbee6b7e3cbce94957c4d5939020c56a54,duplicate,47_NUMERIAN/side_a/Numerian228.jpg,NUMERIAN
47_NUMERIAN/side_a/Numerian253.jpg,6d6f4ae27bd6aa2abbaa63e7066058bc0d53fbce43d9d27e0275ca51f8d8063e,duplicate,47_NUMERIAN/side_a/Numerian229.jpg,NUMERIAN
47_NUMERIAN/side_a/Numerian254.jpg,f870e042ea3b92a7e1d29f2a953607a78dbd148b0d89ff650b61320eb02aeeb7,duplicate,47_NUMERIAN/side_a/Numerian230.jpg,NUMERIAN
47_NUMERIAN/side_a/Numerian255.jpg,d568fd9ffb7e99034dd4a32f82848e0a9798418fc2e6961f235bbc9de4d83355,duplicate,47_NUMERIAN/side_a/Numerian231.jpg,NUMERIAN
47_NUMERIAN/side_a/Numerian39 (3).jpg,eaf72d2e75e1384153881b15efddf7529fb23833e22a75f8b2259fe8bcd37322,duplicate,47_NUMERIAN/side_a/Numerian38 (3).jpg,NUMERIAN
47_NUMERIAN/side_a/Numerian59 (3).jpg,11b1bc702e6c6b93a43f98c09824f993219c2f273bd11baa29b850e8e6d0796f,duplicate,47_NUMERIAN/side_a/Numerian57 (3).jpg,NUMERIAN
47_NUMERIAN/side_a/Numerian57.jpg,37dedf3880f700f4333547cb0d8bd12d1e4a598c466b6598d394a09954879b6f,label_conflict,,CARINUS|NUMERIAN
47_NUMERIAN/side_a/Numerian60 (1).jpg,37dedf3880f700f4333547cb0d8bd12d1e4a598c466b6598d394a09954879b6f,label_conflict,,CARINUS|NUMERIAN
48_CARINUS/side_a/Carinus113 (1).jpg,37dedf3880f700f4333547cb0d8bd12d1e4a598c466b6598d394a09954879b6f,label_conflict,,CARINUS|NUMERIAN
47_NUMERIAN/side_a/Numerian60.jpg,27705645ba14bb836f7e12897952d8cb07f7f6c1c3479f395629cf07293d9988,label_conflict,,CARINUS|NUMERIAN
47_NUMERIAN/side_a/Numerian63 (1).jpg,27705645ba14bb836f7e12897952d8cb07f7f6c1c3479f395629cf07293d9988,label_conflict,,CARINUS|NUMERIAN
48_CARINUS/side_a/Carinus121 (1).jpg,27705645ba14bb836f7e12897952d8cb07f7f6c1c3479f395629cf07293d9988,label_conflict,,CARINUS|NUMERIAN
47_NUMERIAN/side_a/Numerian64 (1).jpg,70a686a28fb493c165bc99cea858e17d44bb034540f26f182526f6f23b4241d9,duplicate,47_NUMERIAN/side_a/Numerian61.jpg,NUMERIAN
47_NUMERIAN/side_a/Numerian63.jpg,bad32a8ea422f34dfc091d4aa1231bf1fb7722504a3a6334f6c98369e726e977,label_conflict,,CARINUS|NUMERIAN
47_NUMERIAN/side_a/Numerian66 (1).jpg,bad32a8ea422f34dfc091d4aa1231bf1fb7722504a3a6334f6c98369e726e977,label_conflict,,CARINUS|NUMERIAN
48_CARINUS/side_a/Carinus123 (1).jpg,bad32a8ea422f34dfc091d4aa1231bf1fb7722504a3a6334f6c98369e726e977,label_conflict,,CARINUS|NUMERIAN
47_NUMERIAN/side_a/Numerian65.jpg,f8753316883928f80d77f4a6ab2289527e260f80004c8cd0adf61126a74a4d93,label_conflict,,CARINUS|NUMERIAN
47_NUMERIAN/side_a/Numerian68 (1).jpg,f8753316883928f80d77f4a6ab2289527e260f80004c8cd0adf61126a74a4d93,label_conflict,,CARINUS|NUMERIAN
48_CARINUS/side_a/Carinus127 (1).jpg,f8753316883928f80d77f4a6ab2289527e260f80004c8cd0adf61126a74a4d93,label_conflict,,CARINUS|NUMERIAN
47_NUMERIAN/side_a/Numerian69 (1).jpg,652e14dcae728247984b51bec615c7426d768083ed65d61bc3308446eb092fd9,duplicate,47_NUMERIAN/side_a/Numerian66.jpg,NUMERIAN
47_NUMERIAN/side_a/Numerian70 (1).jpg,5cbc5bd8307cf02ba4f1bfc52795dd06c982cb7e9ed0eff8929332058a59d0fe,duplicate,47_NUMERIAN/side_a/Numerian67.jpg,NUMERIAN
47_NUMERIAN/side_a/Numerian71 (1).jpg,5bad0e03a97a87a824abe6c43a022f9ac4f47d69255821805704359e9d2979d7,duplicate,47_NUMERIAN/side_a/Numerian68.jpg,NUMERIAN
47_NUMERIAN/side_a/Numerian72.jpg,b2b405b1c65da36fc8f09fb23fffe17442a571d83ef42b6ebe561d92c00858aa,duplicate,47_NUMERIAN/side_a/Numerian69.jpg,NUMERIAN
47_NUMERIAN/side_a/Numerian70.jpg,f52aa26e61dc858d5e51b3d77559717d698b3d5cfc152ca1c20bcba0f76ae710,label_conflict,,CARINUS|NUMERIAN
47_NUMERIAN/side_a/Numerian73.jpg,f52aa26e61dc858d5e51b3d77559717d698b3d5cfc152ca1c20bcba0f76ae710,label_conflict,,CARINUS|NUMERIAN
48_CARINUS/side_a/Carinus15.jpg,f52aa26e61dc858d5e51b3d77559717d698b3d5cfc152ca1c20bcba0f76ae710,label_conflict,,CARINUS|NUMERIAN
47_NUMERIAN/side_a/Numerian71.jpg,51e74aa7aafe2206d71f120f1ab867efe0b41f0e4276195eb448e69de7e2d667,label_conflict,,CARINUS|NUMERIAN
47_NUMERIAN/side_a/Numerian74.jpg,51e74aa7aafe2206d71f120f1ab867efe0b41f0e4276195eb448e69de7e2d667,label_conflict,,CARINUS|NUMERIAN
48_CARINUS/side_a/Carinus23.jpg,51e74aa7aafe2206d71f120f1ab867efe0b41f0e4276195eb448e69de7e2d667,label_conflict,,CARINUS|NUMERIAN
48_CARINUS/side_a/Carinus014 (3).jpg,3f3c5320d30b504cd5a19aba937ac8f1d5145b366f5ee9fb6cabbe5c26c099d8,label_conflict,,CARINUS|DIOCLETIAN
49_DIOCLETIAN/side_a/Diocletian045.jpg,3f3c5320d30b504cd5a19aba937ac8f1d5145b366f5ee9fb6cabbe5c26c099d8,label_conflict,,CARINUS|DIOCLETIAN
48_CARINUS/side_a/Carinus015 (3).jpg,9770511f9b5d25bd4d9e14f06d4ca523c8175f6193d2416a39fd6bc1e8c1db1a,label_conflict,,CARINUS|DIOCLETIAN
49_DIOCLETIAN/side_a/Diocletian046.jpg,9770511f9b5d25bd4d9e14f06d4ca523c8175f6193d2416a39fd6bc1e8c1db1a,label_conflict,,CARINUS|DIOCLETIAN
48_CARINUS/side_a/Carinus016 (1).jpg,cce9f3102d867fe87e15edd4f35f2e3f5c73b81e1daa973ec8597940dd86e740,label_conflict,,CARINUS|DIOCLETIAN
49_DIOCLETIAN/side_a/Diocletian058 (1).jpg,cce9f3102d867fe87e15edd4f35f2e3f5c73b81e1daa973ec8597940dd86e740,label_conflict,,CARINUS|DIOCLETIAN
48_CARINUS/side_a/Carinus032 (2).jpg,e7de15dea450ffa247604b917c506136d7f8b529dca63634c909e23e7b8a0ae4,label_conflict,,CARINUS|DIOCLETIAN
49_DIOCLETIAN/side_a/Diocletian083 (3).jpg,e7de15dea450ffa247604b917c506136d7f8b529dca63634c909e23e7b8a0ae4,label_conflict,,CARINUS|DIOCLETIAN
48_CARINUS/side_a/Carinus06.jpg,445a1243b053d04a09eb2854a8802b0beb5d1b89cbf7e5e3d0a9c1ec724b6f0d,label_conflict,,CARINUS|DIOCLETIAN
49_DIOCLETIAN/side_a/Diocletian055 (2).jpg,445a1243b053d04a09eb2854a8802b0beb5d1b89cbf7e5e3d0a9c1ec724b6f0d,label_conflict,,CARINUS|DIOCLETIAN
48_CARINUS/side_a/Carinus109 (2).jpg,4ab4dc79b24af5ad12c72b2a97f729dcf92269259b50fdaa742c1febad49c4f0,duplicate,48_CARINUS/side_a/Carinus096 (2).jpg,CARINUS
48_CARINUS/side_a/Carinus126 (1).jpg,21d207f78562169c16cfd1fad5b7fe2b265f7edca3f855f897a90ea8067e66d1,label_conflict,,CARINUS|DIOCLETIAN
49_DIOCLETIAN/side_a/Diocletian153 (1).jpg,21d207f78562169c16cfd1fad5b7fe2b265f7edca3f855f897a90ea8067e66d1,label_conflict,,CARINUS|DIOCLETIAN
48_CARINUS/side_a/Carinus256.jpg,c9923e54d779cccb2ee6c59c2ee35ca10fc42d8bdecbd11025a309452ae473f8,duplicate,48_CARINUS/side_a/Carinus248.jpg,CARINUS
48_CARINUS/side_a/Carinus294.jpg,8ea97f619dee192c993d10db5cceb4522600181e4a03f4f0ab08f3d09d748bea,duplicate,48_CARINUS/side_a/Carinus272.jpg,CARINUS
48_CARINUS/side_a/Carinus295.jpg,8b4c5ea00bf3bd0d06a190c3dc92545ff3e0a8094cd66232274be70488fab5be,duplicate,48_CARINUS/side_a/Carinus274.jpg,CARINUS
48_CARINUS/side_a/Carinus296.jpg,77b2c22948011961a72f266c20162595ebe4935146a4a4bfba1df263426ce439,duplicate,48_CARINUS/side_a/Carinus275.jpg,CARINUS
49_DIOCLETIAN/side_a/Diocletian007 (2).jpg,8b8970e0b1de904b7843ec8ee2f4cdd581b6766870babe0e63d79cce9966ff5d,label_conflict,,DIOCLETIAN|MAXIMIAN
50_MAXIMIAN/side_a/Maximian001 (2).jpg,8b8970e0b1de904b7843ec8ee2f4cdd581b6766870babe0e63d79cce9966ff5d,label_conflict,,DIOCLETIAN|MAXIMIAN
49_DIOCLETIAN/side_a/Diocletian016 (2).jpg,867c0c92c2967cc4eb32dbb6a7fbdb49e2fde3360d7eff023eec9395a0bd0b98,label_conflict,,DIOCLETIAN|MAXIMIAN
50_MAXIMIAN/side_a/Maximian003 (2).jpg,867c0c92c2967cc4eb32dbb6a7fbdb49e2fde3360d7eff023eec9395a0bd0b98,label_conflict,,DIOCLETIAN|MAXIMIAN
49_DIOCLETIAN/side_a/Diocletian052 (2).jpg,c4d21e2aaa7a3b1ccab3d5835d747f0fd35f9b9ac47b1aa784a7efbb1ff13798,label_conflict,,DIOCLETIAN|MAXIMIAN
50_MAXIMIAN/side_a/Maximian029 (2).jpg,c4d21e2aaa7a3b1ccab3d5835d747f0fd35f9b9ac47b1aa784a7efbb1ff13798,label_conflict,,DIOCLETIAN|MAXIMIAN
49_DIOCLETIAN/side_a/Diocletian053.jpg,65398518319f25158928b074d4faebd408a7fb81713f4359e271a63bbaf27d34,label_conflict,,DIOCLETIAN|MAXIMIAN
50_MAXIMIAN/side_a/Maximian024.jpg,65398518319f25158928b074d4faebd408a7fb81713f4359e271a63bbaf27d34,label_conflict,,DIOCLETIAN|MAXIMIAN
49_DIOCLETIAN/side_a/Diocletian054.jpg,feed9bd3c66a83c43b93712324f54c8c81b029f4b4f38d8e2b034daf37fc7886,label_conflict,,DIOCLETIAN|MAXIMIAN
50_MAXIMIAN/side_a/Maximian025.jpg,feed9bd3c66a83c43b93712324f54c8c81b029f4b4f38d8e2b034daf37fc7886,label_conflict,,DIOCLETIAN|MAXIMIAN
49_DIOCLETIAN/side_a/Diocletian056.jpg,04f1ea5fa360ade6eaea70af55428c6f6a25bf87c0677b117aeb2bfb21511d6f,label_conflict,,DIOCLETIAN|MAXIMIAN
50_MAXIMIAN/side_a/Maximian031.jpg,04f1ea5fa360ade6eaea70af55428c6f6a25bf87c0677b117aeb2bfb21511d6f,label_conflict,,DIOCLETIAN|MAXIMIAN
49_DIOCLETIAN/side_a/Diocletian076 (2).jpg,9bde6d2c106b941f964c42c36d7d11761e9c8d07cb8990bac7158e7c72302ff0,label_conflict,,DIOCLETIAN|MAXIMIAN
50_MAXIMIAN/side_a/Maximian046 (2).jpg,9bde6d2c106b941f964c42c36d7d11761e9c8d07cb8990bac7158e7c72302ff0,label_conflict,,DIOCLETIAN|MAXIMIAN
49_DIOCLETIAN/side_a/Diocletian084 (1).jpg,51379c2e08514a5c9fb27f4e931983c1844e90050553d82eac345e5cb07a8a46,label_conflict,,DIOCLETIAN|MAXIMIAN
50_MAXIMIAN/side_a/Maximian052 (1).jpg,51379c2e08514a5c9fb27f4e931983c1844e90050553d82eac345e5cb07a8a46,label_conflict,,DIOCLETIAN|MAXIMIAN
49_DIOCLETIAN/side_a/Diocletian089 (1).jpg,cfed8dfec48f3eb59ef4c512e7ff82cfaa76818054e064dac3d5b4ab1ddd9154,label_conflict,,DIOCLETIAN|GALERIUS
52_GALERIUS/side_a/galerius01 (3).jpg,cfed8dfec48f3eb59ef4c512e7ff82cfaa76818054e064dac3d5b4ab1ddd9154,label_conflict,,DIOCLETIAN|GALERIUS
49_DIOCLETIAN/side_a/Diocletian099.jpg,088b80a2a13d9936bbfbbd526062b6cd67a234aa953a2f4d763ddc111e5918d1,label_conflict,,DIOCLETIAN|MAXIMIAN
50_MAXIMIAN/side_a/Maximian046.jpg,088b80a2a13d9936bbfbbd526062b6cd67a234aa953a2f4d763ddc111e5918d1,label_conflict,,DIOCLETIAN|MAXIMIAN
49_DIOCLETIAN/side_a/Diocletian100.jpg,2d2993f43ebe29f5e96286fdff1b7faf184137d3f992ca7634096e10e7162a73,label_conflict,,DIOCLETIAN|MAXIMIAN
50_MAXIMIAN/side_a/Maximian047.jpg,2d2993f43ebe29f5e96286fdff1b7faf184137d3f992ca7634096e10e7162a73,label_conflict,,DIOCLETIAN|MAXIMIAN
49_DIOCLETIAN/side_a/Diocletian129 (2).jpg,8459db3986d5f9e9d74922bde2bd33463e843723144cfa08fad5667d8cd5b9c1,label_conflict,,DIOCLETIAN|MAXIMIAN
50_MAXIMIAN/side_a/Maximian089 (2).jpg,8459db3986d5f9e9d74922bde2bd33463e843723144cfa08fad5667d8cd5b9c1,label_conflict,,DIOCLETIAN|MAXIMIAN
49_DIOCLETIAN/side_a/Diocletian139 (2).jpg,f67fb8f27efe0cae81881ffb0ffb8a2a6edf1fee65e661f3185ac03f3021510f,label_conflict,,DIOCLETIAN|MAXIMIAN
50_MAXIMIAN/side_a/Maximian096 (2).jpg,f67fb8f27efe0cae81881ffb0ffb8a2a6edf1fee65e661f3185ac03f3021510f,label_conflict,,DIOCLETIAN|MAXIMIAN
49_DIOCLETIAN/side_a/Diocletian149 (1).jpg,b764ade621a062f9b30b5f366f91c21f6dec51099ffc06288995e1b5b90cd465,label_conflict,,DIOCLETIAN|MAXIMIAN
50_MAXIMIAN/side_a/Maximian195.jpg,b764ade621a062f9b30b5f366f91c21f6dec51099ffc06288995e1b5b90cd465,label_conflict,,DIOCLETIAN|MAXIMIAN
49_DIOCLETIAN/side_a/Diocletian152 (1).jpg,380cb49e55b3f9d5ab51240cc807f3d87eaceed3d161b7e2a80d101a8bff6d7f,label_conflict,,DIOCLETIAN|MAXIMIAN
50_MAXIMIAN/side_a/Maximian196.jpg,380cb49e55b3f9d5ab51240cc807f3d87eaceed3d161b7e2a80d101a8bff6d7f,label_conflict,,DIOCLETIAN|MAXIMIAN
51_CONSTANTIUS I/side_a/Constantius_I273 (1).jpg,6c532a0a87994a3bd77b45c4c2a2618e5936bb24d8ae06d7aac9cf0bbc1b6ad9,duplicate,51_CONSTANTIUS I/side_a/Constantius_I273 (1)(1).jpg,CONSTANTIUS I
51_CONSTANTIUS I/side_a/Constantius_I298 (1).jpg,76adb9ad4ee3dccaef85c52db4c2b544a15e89cb1d3c230a505426178ea8531d,duplicate,51_CONSTANTIUS I/side_a/Constantius_I297 (1).jpg,CONSTANTIUS I
51_CONSTANTIUS I/side_a/Constantius_I323 (1).jpg,76adb9ad4ee3dccaef85c52db4c2b544a15e89cb1d3c230a505426178ea8531d,duplicate,51_CONSTANTIUS I/side_a/Constantius_I297 (1).jpg,CONSTANTIUS I
51_CONSTANTIUS I/side_a/Constantius_I310 (1).jpg,1955c3e3213f690ca460420c15f8b3720db8020237063439def549126a6b3477,duplicate,51_CONSTANTIUS I/side_a/Constantius_I303 (1).jpg,CONSTANTIUS I
53_SEVERUS II/side_a/severus AD306-AD3073.jpg,ac2d7da671f5705a69d29c116e4b5089fcae279ba5e43d70650a4460a599849d,duplicate,53_SEVERUS II/side_a/severus AD306-AD3072.jpg,SEVERUS II
